{
"type": "FeatureCollection",
"name": "DISTRITO_LOCAL",
"crs": { "type": "name", "properties": { "name": "urn:ogc:def:crs:OGC:1.3:CRS84" } },
"features": [
{ "type": "Feature", "properties": { "ID": 520.0, "ENTIDAD": 26, "DISTRITO_L": 1, "TIPO": 0, "CONTROL": 0.0, "GEOMETRY1_": null }, "geometry": { "type": "Polygon", "coordinates": [ [ [ -114.873832162038468, 32.486412229939454 ], [ -114.873671983164016, 32.484539259758172 ], [ -114.871530256990724, 32.48372522119999 ], [ -114.865382521096578, 32.478675353025764 ], [ -114.848012863503257, 32.47242734812172 ], [ -114.841165801649609, 32.471768841556383 ], [ -114.837961795224885, 32.472795639935022 ], [ -114.832487758385525, 32.478030186283867 ], [ -114.829630554095957, 32.478918519491586 ], [ -114.822302925425618, 32.478893082171396 ], [ -114.819400447488647, 32.480002724220817 ], [ -114.812578918036237, 32.487199510229452 ], [ -114.812050387985792, 32.489967855479122 ], [ -114.809598718716302, 32.493460700022823 ], [ -114.749065098038386, 32.475149841167799 ], [ -114.751367082404883, 32.469581746872265 ], [ -114.740468762008263, 32.466335978639727 ], [ -114.742768718802523, 32.460832887236421 ], [ -114.740157594654363, 32.460060242119539 ], [ -114.742409601015396, 32.454626134798623 ], [ -114.743723833158484, 32.455013774157841 ], [ -114.746458861035393, 32.448350453005347 ], [ -114.750423507797876, 32.449530527573287 ], [ -114.751823447666354, 32.446184255054156 ], [ -114.760234342585022, 32.448111093439195 ], [ -114.761595233209221, 32.44479895541798 ], [ -114.75989877641382, 32.444267420274087 ], [ -114.76012930212714, 32.443740042493125 ], [ -114.731775216980679, 32.435203648784473 ], [ -114.747901642278748, 32.396663975570341 ], [ -114.748985296158011, 32.392261140840468 ], [ -114.777149963446277, 32.394461648145878 ], [ -114.802073612580372, 32.397536060853461 ], [ -114.826126036041089, 32.408881589158831 ], [ -114.833971747460339, 32.403548981844807 ], [ -114.840527290112334, 32.397174362321294 ], [ -114.846473139089397, 32.386452270469988 ], [ -114.8572530854467, 32.37948034426379 ], [ -114.862891538811269, 32.366480666469116 ], [ -114.870285039853485, 32.375304726804337 ], [ -114.875748067778218, 32.375125483066881 ], [ -114.881391714443097, 32.376081973602901 ], [ -114.888987774754668, 32.382017483221091 ], [ -114.896468976193589, 32.385924139803912 ], [ -114.921016836395552, 32.354011194986505 ], [ -114.931621732970228, 32.356380372253028 ], [ -114.939118485105098, 32.359822732090258 ], [ -114.959947693337455, 32.367190074136531 ], [ -114.961513690303363, 32.374229574836932 ], [ -114.960526597042801, 32.37711921824372 ], [ -114.965019541866141, 32.38231235028649 ], [ -114.967565316375925, 32.388735872899069 ], [ -114.962923181181424, 32.400709640349753 ], [ -114.948195361397438, 32.414703125119246 ], [ -114.945535924363952, 32.422135938628465 ], [ -114.944802956512817, 32.432266822131155 ], [ -114.93893534530082, 32.434720127402933 ], [ -114.935960151200874, 32.440910326036274 ], [ -114.931702291967554, 32.445025874739819 ], [ -114.928410080693681, 32.450180249398066 ], [ -114.935836518841185, 32.455801229653552 ], [ -114.938430767263583, 32.456434399026435 ], [ -114.940361557834152, 32.458718889038522 ], [ -114.939684403549492, 32.462024801666118 ], [ -114.931177220982775, 32.469015231870955 ], [ -114.928240367486595, 32.470448517441177 ], [ -114.93239114640609, 32.479362533692282 ], [ -114.929111731012398, 32.482862451671018 ], [ -114.924870832044761, 32.484702914871427 ], [ -114.912509078979582, 32.485881925411753 ], [ -114.906642506596725, 32.483841502463974 ], [ -114.90484980787086, 32.485490802883305 ], [ -114.901745489656889, 32.486291491813148 ], [ -114.894978703875879, 32.48455471712775 ], [ -114.880616388562387, 32.485761309439127 ], [ -114.875187035189285, 32.490685543612187 ], [ -114.873491596533938, 32.491381894330978 ], [ -114.872076683290217, 32.490254368443416 ], [ -114.873832162038468, 32.486412229939454 ] ] ] } },
{ "type": "Feature", "properties": { "ID": 521.0, "ENTIDAD": 26, "DISTRITO_L": 2, "TIPO": 0, "CONTROL": 0.0, "GEOMETRY1_": null }, "geometry": { "type": "Polygon", "coordinates": [ [ [ -114.749065098038386, 32.475149841167799 ], [ -113.812831022713681, 32.190806837429136 ], [ -113.674399082071176, 32.148075288173843 ], [ -113.513494748058264, 32.095517358799249 ], [ -112.863798912493053, 31.896447493721109 ], [ -112.315150983362102, 31.725016559657568 ], [ -112.319019893625637, 31.722948286379271 ], [ -112.325086800204687, 31.72112426947977 ], [ -112.334776104029473, 31.720202145034058 ], [ -112.333448570884514, 31.712035171319553 ], [ -112.324965730401317, 31.692326555593471 ], [ -112.318029258264218, 31.670799737371624 ], [ -112.314871233798343, 31.656611282862713 ], [ -112.312150320795126, 31.654469518181759 ], [ -112.312885472050823, 31.64464907894466 ], [ -112.310417594055238, 31.641104142651425 ], [ -112.319831705607967, 31.638038289606527 ], [ -112.339993532488819, 31.642134469539819 ], [ -112.408147635825969, 31.61106775688625 ], [ -112.411566898107864, 31.623437798668057 ], [ -112.477902713245257, 31.619320338686251 ], [ -112.523223223314545, 31.599968151190605 ], [ -112.520924522482218, 31.590942280742819 ], [ -112.52187608238566, 31.585997097790671 ], [ -112.521027225282353, 31.580651063926897 ], [ -112.519126022727363, 31.577451748542277 ], [ -112.519694234525531, 31.57217955874092 ], [ -112.522946489552808, 31.56911408276013 ], [ -112.523489035077731, 31.566394105629687 ], [ -112.522371916680299, 31.562119897028889 ], [ -112.525771423063645, 31.557159998137493 ], [ -112.523750743497502, 31.553055873817886 ], [ -112.521448714148718, 31.551340824186177 ], [ -112.5209637640951, 31.548297686998378 ], [ -112.523513622474383, 31.525149007497316 ], [ -112.523393195532066, 31.511401354861036 ], [ -112.520168298376959, 31.499071728488566 ], [ -112.518405934717222, 31.495048234212941 ], [ -112.516253811993636, 31.478595767065734 ], [ -112.517469670054624, 31.472908057567327 ], [ -112.521128006064515, 31.467535128776657 ], [ -112.514446367513784, 31.466339820914666 ], [ -112.512404985361158, 31.464540663156665 ], [ -112.505819258110904, 31.453959086406684 ], [ -112.498428181817545, 31.446757172021844 ], [ -112.516011756019651, 31.425990526207016 ], [ -112.516893379909149, 31.415118167333532 ], [ -112.525065688087565, 31.408401185951803 ], [ -112.527951834011319, 31.402785709655792 ], [ -112.532714532112095, 31.389502483952 ], [ -112.537776428295459, 31.384861607372532 ], [ -112.554027851527636, 31.380069510070459 ], [ -112.561661061791185, 31.375329475672949 ], [ -112.57800515395553, 31.333239990881278 ], [ -112.581987757959581, 31.333461589446493 ], [ -112.59061417797048, 31.33192431616504 ], [ -112.601213966514692, 31.325434018496811 ], [ -112.606870982252218, 31.325232267048847 ], [ -112.614441004474983, 31.32666409653411 ], [ -112.619583899288443, 31.326465195655398 ], [ -112.637141016314246, 31.317702563565131 ], [ -112.646295588002246, 31.314264527725314 ], [ -112.65259432799354, 31.314056361379578 ], [ -112.664950848984773, 31.311747328216601 ], [ -112.669981019128329, 31.309571432781812 ], [ -112.675156150687201, 31.305418526250111 ], [ -112.679928737757109, 31.303244085018868 ], [ -112.685105829465513, 31.298761483899995 ], [ -112.698395346904775, 31.291997096912908 ], [ -112.701884584769232, 31.289501912952172 ], [ -112.712249286671849, 31.278723621163081 ], [ -112.716901082494417, 31.275313893295667 ], [ -112.727514871849891, 31.26510885897908 ], [ -112.734875599175268, 31.260031687677376 ], [ -112.750392393272804, 31.246330130038004 ], [ -112.762201057846681, 31.230021294514749 ], [ -112.765944973219433, 31.227275516630421 ], [ -112.773967134416822, 31.21889814777261 ], [ -112.776453388950983, 31.212539730637918 ], [ -112.77752490094143, 31.206521708360189 ], [ -112.911778903966436, 31.166928208855058 ], [ -112.96347756357234, 31.08453747220852 ], [ -113.090572631276771, 31.015539984851529 ], [ -113.094967510964281, 31.020432407572084 ], [ -113.088069210092385, 31.018646411478848 ], [ -113.088027150292618, 31.020703565743212 ], [ -113.092261858960313, 31.027158427843197 ], [ -113.089843923437428, 31.026068305647563 ], [ -113.088161159090149, 31.026712606868546 ], [ -113.080958325875272, 31.020973267944044 ], [ -113.079919285531261, 31.021540594044257 ], [ -113.087870695464005, 31.028356174820281 ], [ -113.086275884232762, 31.030976397428716 ], [ -113.084586268841761, 31.031949801077733 ], [ -113.083241407158539, 31.034901295555571 ], [ -113.082614483907562, 31.034155312774839 ], [ -113.081582065484156, 31.034393512426359 ], [ -113.077518195820929, 31.038391908552203 ], [ -113.077731091585136, 31.040533523157499 ], [ -113.073668209197663, 31.050704369975524 ], [ -113.072504789192507, 31.063533377057432 ], [ -113.073466423434482, 31.066751249535898 ], [ -113.073260062045392, 31.070535316451576 ], [ -113.075493006762287, 31.074422334741179 ], [ -113.076953631751991, 31.084639885868263 ], [ -113.079877069975112, 31.09248300869158 ], [ -113.079928297149507, 31.102524002531396 ], [ -113.080800906460851, 31.103848129043797 ], [ -113.080611702949511, 31.106809324109975 ], [ -113.081995071692617, 31.108302326718842 ], [ -113.081978732997698, 31.115379940183594 ], [ -113.081133420661999, 31.118994023769712 ], [ -113.082174035950132, 31.124681399968818 ], [ -113.08357116534026, 31.125516088454372 ], [ -113.083529100439208, 31.127573215825894 ], [ -113.079091104787523, 31.130827988301164 ], [ -113.07606521373809, 31.134176818711314 ], [ -113.076774080754092, 31.137227861635207 ], [ -113.075246754269969, 31.142729062927152 ], [ -113.070378171504387, 31.141864976089312 ], [ -113.075172429683477, 31.146349607542678 ], [ -113.07626204346758, 31.149650746638326 ], [ -113.075237040955685, 31.155732265667112 ], [ -113.073935994312308, 31.156462005301165 ], [ -113.071387987515152, 31.155288325373277 ], [ -113.067997604594339, 31.151309273457649 ], [ -113.065712050747493, 31.149890793663364 ], [ -113.065052191390564, 31.150708186132601 ], [ -113.067320799024486, 31.152949529178866 ], [ -113.064989374576356, 31.153752741273372 ], [ -113.063849127793176, 31.152920052758159 ], [ -113.062554823500903, 31.153320538395352 ], [ -113.060703646221356, 31.155773760270719 ], [ -113.061065585297371, 31.156929043548928 ], [ -113.065082306468327, 31.155481823628783 ], [ -113.06596542550794, 31.156312317059019 ], [ -113.063994189253137, 31.15835306658278 ], [ -113.059202385933048, 31.159958244828044 ], [ -113.059703130145209, 31.160620917058242 ], [ -113.06771984360185, 31.158549279367517 ], [ -113.073105316746435, 31.15933547931597 ], [ -113.070618122523015, 31.161454274694705 ], [ -113.066528628438618, 31.160185174042766 ], [ -113.063821439683878, 31.160491389329909 ], [ -113.062872025630313, 31.162870006373222 ], [ -113.058177916183354, 31.165957386433281 ], [ -113.058423192023184, 31.166535579844211 ], [ -113.063616412226892, 31.164193130011441 ], [ -113.065354344937305, 31.16099820747003 ], [ -113.067382984248766, 31.162414501345687 ], [ -113.073044459120695, 31.162297738479779 ], [ -113.072736553622036, 31.164764119452936 ], [ -113.074014066408267, 31.165186376147798 ], [ -113.075477589813474, 31.162812014923304 ], [ -113.076491149019787, 31.163561224463518 ], [ -113.085558242476722, 31.160427420225361 ], [ -113.088098161453317, 31.162012227660266 ], [ -113.089487525651336, 31.163258243250091 ], [ -113.092453271432433, 31.169208297374915 ], [ -113.092656932010584, 31.171843524741242 ], [ -113.096971145045828, 31.181096498182065 ], [ -113.097570848397211, 31.183241176725147 ], [ -113.094846438570357, 31.184370910791397 ], [ -113.095544682203283, 31.187997773204771 ], [ -113.096431712447554, 31.188663460133981 ], [ -113.097084861167602, 31.188175047723693 ], [ -113.100003282824602, 31.190174165042336 ], [ -113.101082684391173, 31.194050999172394 ], [ -113.100935733025239, 31.194955068188879 ], [ -113.099771348074398, 31.195274714244832 ], [ -113.101398669250131, 31.197510082103044 ], [ -113.101620993817107, 31.199240148693281 ], [ -113.106955876968811, 31.202657885960996 ], [ -113.106929322149185, 31.203974424175541 ], [ -113.109808673968473, 31.207948086928806 ], [ -113.109612687785472, 31.204901507574711 ], [ -113.11050825835278, 31.205155666691805 ], [ -113.114652849332103, 31.210209322468003 ], [ -113.115744680629703, 31.213510002180097 ], [ -113.118753332749833, 31.211065341952203 ], [ -113.121596948346337, 31.210429815305101 ], [ -113.125677773080952, 31.21227300659384 ], [ -113.129981646201927, 31.215846048944197 ], [ -113.129046568853923, 31.217566822692209 ], [ -113.13157564491334, 31.219808918808791 ], [ -113.133122929930579, 31.219656603381132 ], [ -113.134862639626178, 31.216296261020535 ], [ -113.138593858294271, 31.216325744450014 ], [ -113.139214334800172, 31.217482773761226 ], [ -113.140624750580642, 31.217740768914094 ], [ -113.141406512872535, 31.217253147227801 ], [ -113.139004317679252, 31.215094548417873 ], [ -113.136180311208975, 31.214743068017963 ], [ -113.132935970577989, 31.216116402791929 ], [ -113.131484647747996, 31.217915392219723 ], [ -113.130456965107768, 31.217824930641484 ], [ -113.131657532876758, 31.215694777285339 ], [ -113.131053543126342, 31.213714877618898 ], [ -113.132636746226311, 31.211752349874004 ], [ -113.132130306931884, 31.211336850214479 ], [ -113.129014673054257, 31.21271110548151 ], [ -113.118862180452794, 31.205634645933774 ], [ -113.118502626668629, 31.204315006588462 ], [ -113.119419646541004, 31.203499419993364 ], [ -113.124032814025341, 31.204441704046214 ], [ -113.120216246612586, 31.202271376972437 ], [ -113.118411923412978, 31.202421454056289 ], [ -113.117532866819943, 31.201344515898146 ], [ -113.116244780978732, 31.201416424731011 ], [ -113.114664991782988, 31.1967950433468 ], [ -113.112902128243817, 31.194887949177652 ], [ -113.114078033811879, 31.193992201492886 ], [ -113.117798502689965, 31.194516029005936 ], [ -113.120788398658206, 31.192976460846133 ], [ -113.12270799828579, 31.193485657390024 ], [ -113.125736005038334, 31.196472587621287 ], [ -113.139651298047298, 31.201932355582677 ], [ -113.147109337604462, 31.202155552554938 ], [ -113.152605339907936, 31.204008954267255 ], [ -113.160113114186018, 31.208264211996568 ], [ -113.165688488950323, 31.21266875760022 ], [ -113.175415155254896, 31.215376478569798 ], [ -113.177306690867567, 31.217365892240508 ], [ -113.184224184023861, 31.218981752257168 ], [ -113.18587136440371, 31.220310838676472 ], [ -113.191494589601419, 31.22232801788574 ], [ -113.196836986939516, 31.225577242165329 ], [ -113.20682758467386, 31.234785502442769 ], [ -113.209945839727752, 31.239992762633584 ], [ -113.209537827281821, 31.247889796638674 ], [ -113.211686580155401, 31.249962794192136 ], [ -113.214126102766272, 31.257057650583064 ], [ -113.21738677199005, 31.261607356809293 ], [ -113.228206891085421, 31.268104003623936 ], [ -113.235487205623016, 31.271200667095524 ], [ -113.236521695675378, 31.270961138572854 ], [ -113.234269485353749, 31.267488945446772 ], [ -113.240702749140553, 31.267699125280025 ], [ -113.241645427720243, 31.265483947505309 ], [ -113.24900403837762, 31.271295945369722 ], [ -113.251232365536978, 31.276084309491136 ], [ -113.250689837157807, 31.27756173525481 ], [ -113.252878638648824, 31.284489300960416 ], [ -113.252720820382521, 31.286051700061403 ], [ -113.254120268761895, 31.286966612528268 ], [ -113.256594576382255, 31.292414858646051 ], [ -113.258030759402814, 31.291355038889026 ], [ -113.257921829099828, 31.290284528420525 ], [ -113.254164601291578, 31.284580531978882 ], [ -113.255804293591126, 31.279489982450102 ], [ -113.262425841343145, 31.283485622937615 ], [ -113.26678958513854, 31.28425618920685 ], [ -113.266338064402106, 31.28779150858297 ], [ -113.267767997197083, 31.287060700544501 ], [ -113.268483021794367, 31.283198026374201 ], [ -113.271812268926993, 31.284208208236258 ], [ -113.271839510394315, 31.282727201743018 ], [ -113.268375505696483, 31.282045250482938 ], [ -113.272334695753841, 31.276805804128845 ], [ -113.271963618737615, 31.275980390845856 ], [ -113.270552061091607, 31.275723898114901 ], [ -113.269476699741844, 31.278185212643891 ], [ -113.265811235980806, 31.281451666498796 ], [ -113.262466925072701, 31.281264105303514 ], [ -113.259415170462091, 31.279185829170494 ], [ -113.256777247350911, 31.275629135470542 ], [ -113.253124791296983, 31.264330098792755 ], [ -113.254313875939673, 31.26269258845527 ], [ -113.259738384765171, 31.261742755827608 ], [ -113.26357861745258, 31.262921312769208 ], [ -113.264361578055002, 31.262350679608719 ], [ -113.268436566933531, 31.264765034493347 ], [ -113.268830315278819, 31.26435628639938 ], [ -113.266822413359805, 31.261544701295076 ], [ -113.274248684323354, 31.263734956176091 ], [ -113.278506991574531, 31.26318783995664 ], [ -113.284140541464197, 31.264871623128734 ], [ -113.291082467576658, 31.26541185435676 ], [ -113.294011659604536, 31.267159403289156 ], [ -113.298505043789689, 31.267847495200947 ], [ -113.301212711107311, 31.267618509433625 ], [ -113.301874184023546, 31.266635421388539 ], [ -113.301508854170464, 31.265480993131568 ], [ -113.298798267386005, 31.265874537233564 ], [ -113.294831811975001, 31.26453165105184 ], [ -113.293914329677932, 31.265430716632839 ], [ -113.292281360527568, 31.263198079552819 ], [ -113.297578187553711, 31.262163529730024 ], [ -113.298727688592422, 31.262664862288062 ], [ -113.300037203858167, 31.261439206151842 ], [ -113.297215914620125, 31.260844529883375 ], [ -113.291151350515335, 31.261627076707008 ], [ -113.288421317740202, 31.263090011333443 ], [ -113.285462302968298, 31.262987881949215 ], [ -113.285001534150766, 31.260022415106654 ], [ -113.283027189729069, 31.262395485111856 ], [ -113.27378372085343, 31.261016267623162 ], [ -113.270205436599085, 31.259592943144312 ], [ -113.271147342883907, 31.257377583081311 ], [ -113.267814509493775, 31.256614170083633 ], [ -113.268736723478511, 31.255468446445906 ], [ -113.26836729043707, 31.254560736146651 ], [ -113.26654411528672, 31.255700271891424 ], [ -113.264527353116449, 31.253382307620498 ], [ -113.259443743302256, 31.256803357195338 ], [ -113.253435637412451, 31.254539800101135 ], [ -113.248938511959338, 31.254096920814298 ], [ -113.249864007923392, 31.252786764339561 ], [ -113.249353785573149, 31.252536321998495 ], [ -113.250300730240113, 31.250074255254166 ], [ -113.249802793417587, 31.249165580557207 ], [ -113.246836515715586, 31.249473934387442 ], [ -113.245250571274852, 31.251684615316528 ], [ -113.242573948199706, 31.250266818679048 ], [ -113.235003651051883, 31.24897880194948 ], [ -113.228545264556473, 31.250167031668205 ], [ -113.22781031512703, 31.248186778698802 ], [ -113.226790029423867, 31.247685708394037 ], [ -113.224076422020048, 31.248242226373865 ], [ -113.219972011578804, 31.247471971977934 ], [ -113.223033356963057, 31.242145157212274 ], [ -113.237839219848865, 31.241921969191235 ], [ -113.241180588060928, 31.24219252097901 ], [ -113.244883432057051, 31.243782175449155 ], [ -113.252883906533498, 31.242686225060936 ], [ -113.261730140276967, 31.244558056190979 ], [ -113.268244969220035, 31.247236175233585 ], [ -113.277874632896072, 31.248536204654638 ], [ -113.288381409398355, 31.251157987669735 ], [ -113.289779140208836, 31.252154802140581 ], [ -113.308247077586515, 31.255897648066775 ], [ -113.336184040822118, 31.262907124137993 ], [ -113.341591521280307, 31.262858910244685 ], [ -113.348623054288637, 31.265618278337811 ], [ -113.375837099497133, 31.270063502333418 ], [ -113.379797671445246, 31.271815189942938 ], [ -113.392148153597404, 31.272299825271471 ], [ -113.394824636193135, 31.273878905407926 ], [ -113.405479562238185, 31.275668807685708 ], [ -113.415002655829312, 31.275888006993984 ], [ -113.427584886845025, 31.277933851447905 ], [ -113.430644144674986, 31.279761126083255 ], [ -113.430732994687915, 31.282147763120786 ], [ -113.432002486434357, 31.283224481149244 ], [ -113.432481720974081, 31.285366442404637 ], [ -113.431068332537379, 31.285194017549415 ], [ -113.42956749376458, 31.282552665681848 ], [ -113.428158283129932, 31.282133386759902 ], [ -113.420143434577355, 31.284063053428653 ], [ -113.417545086250712, 31.285447116408378 ], [ -113.407941119969138, 31.282347831617685 ], [ -113.405043057767998, 31.278628440660171 ], [ -113.401581290536171, 31.277785576660666 ], [ -113.389087256906535, 31.278123873721935 ], [ -113.390910663744748, 31.276900378699697 ], [ -113.390037765910037, 31.27524958058471 ], [ -113.388174829355819, 31.278776749595767 ], [ -113.388926054960478, 31.280015427562535 ], [ -113.392539088650111, 31.27954300040318 ], [ -113.401668003193436, 31.280254546046972 ], [ -113.411466424615213, 31.287058112060937 ], [ -113.417740186408665, 31.289150882462469 ], [ -113.421857284696245, 31.289338725346578 ], [ -113.425869089835288, 31.288127069692905 ], [ -113.432408926891, 31.289726908779574 ], [ -113.434711263581264, 31.290644764731073 ], [ -113.435406990106017, 31.295256316216499 ], [ -113.437201318472006, 31.29575990654299 ], [ -113.439401065670026, 31.295113778143111 ], [ -113.44016128377325, 31.295858476697887 ], [ -113.464129508998454, 31.294753683097916 ], [ -113.460830538755275, 31.291774089676686 ], [ -113.449285424917491, 31.289161326341102 ], [ -113.447613113955981, 31.289069963684305 ], [ -113.441004825081592, 31.291584542172252 ], [ -113.44065546955099, 31.289361060686637 ], [ -113.438894078572744, 31.286882967446878 ], [ -113.43970207568816, 31.284748128347822 ], [ -113.441283818420942, 31.282535256443058 ], [ -113.445804535330808, 31.281654920972052 ], [ -113.455833576747466, 31.282449767379848 ], [ -113.483811115200965, 31.287945246993019 ], [ -113.508093327272192, 31.291301459845617 ], [ -113.519150673461695, 31.290035919990778 ], [ -113.54250222842046, 31.296974189676117 ], [ -113.549737888508943, 31.301226400943591 ], [ -113.552080286663312, 31.305905288640822 ], [ -113.552129051000861, 31.307063230006566 ], [ -113.551022529800278, 31.307958175790553 ], [ -113.54440779192069, 31.304041749485624 ], [ -113.542450283329543, 31.304253784504624 ], [ -113.542013787631163, 31.306031800157285 ], [ -113.543478944228639, 31.307863983442587 ], [ -113.544997860198805, 31.307222359819356 ], [ -113.545486014523348, 31.305641933432891 ], [ -113.547936017717376, 31.306422954761764 ], [ -113.549838345661612, 31.313417094508004 ], [ -113.552525530315307, 31.316028189427875 ], [ -113.558269611268173, 31.318988716910358 ], [ -113.562748744663722, 31.320579321781334 ], [ -113.574448903622269, 31.321865776741056 ], [ -113.584582863355294, 31.324542977290658 ], [ -113.588320044528544, 31.324394627403965 ], [ -113.595769755843207, 31.325742826874453 ], [ -113.597193752705778, 31.32525536309765 ], [ -113.599757158347217, 31.326088946506644 ], [ -113.601566258725398, 31.325685225847074 ], [ -113.602711854613702, 31.326595035847632 ], [ -113.606971503431524, 31.325954707598832 ], [ -113.609791352195785, 31.326871424843628 ], [ -113.611608922567669, 31.325891701924885 ], [ -113.624334328387576, 31.3275891139028 ], [ -113.628921358326139, 31.330980620016838 ], [ -113.6315792108457, 31.334199746683275 ], [ -113.636575883669167, 31.336029444843955 ], [ -113.637934226676009, 31.340065991186663 ], [ -113.645727067288462, 31.344538848914535 ], [ -113.640300545447644, 31.345669567652692 ], [ -113.639769843971422, 31.346736998608147 ], [ -113.636806027451428, 31.346807664803737 ], [ -113.633347284215617, 31.345477722108605 ], [ -113.628771361198176, 31.341263777129903 ], [ -113.625557297847976, 31.340839553169648 ], [ -113.623344767521985, 31.342393779144405 ], [ -113.611361019266354, 31.342673955525239 ], [ -113.611382887663694, 31.341193169850118 ], [ -113.61012160078559, 31.339377995142211 ], [ -113.609383916239992, 31.345709804994051 ], [ -113.608468854068065, 31.346610993102036 ], [ -113.609878486149029, 31.347110457636624 ], [ -113.612235952371393, 31.344487522076928 ], [ -113.613131545543723, 31.344902562357273 ], [ -113.613369756018642, 31.346219873615571 ], [ -113.611283273465304, 31.347938969052539 ], [ -113.609951373594484, 31.350895219415193 ], [ -113.609241613968891, 31.355334910306251 ], [ -113.609827422486504, 31.368007024981701 ], [ -113.612217187413094, 31.371965842118566 ], [ -113.614907219595153, 31.373046364543299 ], [ -113.612273289836367, 31.376902299699783 ], [ -113.612749923500687, 31.379536904995753 ], [ -113.61801344511214, 31.389677559270346 ], [ -113.620047648484572, 31.400380849803614 ], [ -113.621788290574088, 31.40474813236937 ], [ -113.627221587783538, 31.412256294835068 ], [ -113.625932586126325, 31.412251183713298 ], [ -113.62389298814179, 31.410679950791703 ], [ -113.624374984481065, 31.412985414669329 ], [ -113.623063153336844, 31.414543303649133 ], [ -113.626535161262993, 31.415132998726953 ], [ -113.627351312034548, 31.421059611011334 ], [ -113.62641898800355, 31.423112650750667 ], [ -113.628088902868811, 31.423530597360514 ], [ -113.628461301427492, 31.424519294868002 ], [ -113.62814726562587, 31.428384700547749 ], [ -113.627235238395571, 31.429039253754443 ], [ -113.625947204377908, 31.428951891082907 ], [ -113.626347143770445, 31.428048514017135 ], [ -113.625449483199489, 31.427715882182689 ], [ -113.621448108421575, 31.428029034454525 ], [ -113.620913187493628, 31.429343206108062 ], [ -113.627453610171514, 31.431754993538764 ], [ -113.629687164851347, 31.428884376274397 ], [ -113.630827183141832, 31.430287422410458 ], [ -113.630155102918337, 31.432176969590664 ], [ -113.632171453872303, 31.435393347805199 ], [ -113.632987037821167, 31.441402142020845 ], [ -113.631653542089609, 31.444440878861336 ], [ -113.633192535691379, 31.445022759643205 ], [ -113.630577862852263, 31.4474806143531 ], [ -113.630922981140671, 31.450361365562884 ], [ -113.630128991269942, 31.451756827556029 ], [ -113.632965227035683, 31.460735151677454 ], [ -113.63416812602199, 31.466745403213224 ], [ -113.633617752914759, 31.469129050629888 ], [ -113.640150733427049, 31.481247566458439 ], [ -113.644210170057335, 31.486034507835711 ], [ -113.648298224630608, 31.488846986060469 ], [ -113.648920932656836, 31.49041239490078 ], [ -113.654391007357006, 31.495862357307857 ], [ -113.658736660808714, 31.498757672148123 ], [ -113.660235983632404, 31.502218342496647 ], [ -113.673383463431037, 31.512384277307262 ], [ -113.685817642007734, 31.518350717963163 ], [ -113.69237039295632, 31.520429672462264 ], [ -113.699281218869103, 31.524648333658927 ], [ -113.707119577825367, 31.527142071482167 ], [ -113.71518524554007, 31.531939401278624 ], [ -113.721356756536395, 31.533686499142981 ], [ -113.733804239646133, 31.539072106767716 ], [ -113.739440579760526, 31.542297363197719 ], [ -113.757050001351772, 31.547942711586384 ], [ -113.76002199436202, 31.547704389027842 ], [ -113.764656984101592, 31.548622309890284 ], [ -113.765801589224978, 31.549941673622296 ], [ -113.77339283581334, 31.551854593198154 ], [ -113.776589168050478, 31.55424880461225 ], [ -113.775286667745505, 31.555150138038151 ], [ -113.771669075004155, 31.555387061096312 ], [ -113.773462487882554, 31.556461338953916 ], [ -113.782501762830094, 31.556238863522598 ], [ -113.782350557566275, 31.557965910023398 ], [ -113.780771960884152, 31.560264977045339 ], [ -113.778687468856674, 31.561740078597733 ], [ -113.779046244995143, 31.563962046737711 ], [ -113.775801864216689, 31.565269480346767 ], [ -113.773312906583513, 31.568059568740992 ], [ -113.769930683093207, 31.57002457067404 ], [ -113.771301998630165, 31.573812277088187 ], [ -113.772992117543438, 31.57291202244669 ], [ -113.772352932311264, 31.572416725520057 ], [ -113.772764662045958, 31.57052587122169 ], [ -113.783533103325482, 31.5664417498452 ], [ -113.788284684083038, 31.56842841465328 ], [ -113.788823082898844, 31.566702375401132 ], [ -113.787159452981811, 31.565546417269104 ], [ -113.791699855599205, 31.563830755064878 ], [ -113.799172902320223, 31.565001407372517 ], [ -113.804467959022475, 31.564850108910431 ], [ -113.81012764667841, 31.566509151328752 ], [ -113.8155098716623, 31.569730160910719 ], [ -113.822455978380006, 31.571802972518253 ], [ -113.829241919945758, 31.576424980121303 ], [ -113.837978311008484, 31.57998156325996 ], [ -113.842689656656987, 31.585420744821946 ], [ -113.837911121168077, 31.585492577311079 ], [ -113.837254471355465, 31.586395948616651 ], [ -113.838792939690919, 31.587304147632654 ], [ -113.841245317760439, 31.587391755402802 ], [ -113.841232322690743, 31.588461054030827 ], [ -113.842129217464716, 31.589038789955275 ], [ -113.843304334447964, 31.587972002913791 ], [ -113.845237236075533, 31.588305178610767 ], [ -113.848133629209642, 31.594398253275767 ], [ -113.846171743194404, 31.596450479684034 ], [ -113.838029060693415, 31.597008683274026 ], [ -113.838143173027603, 31.59824277282133 ], [ -113.846525347098918, 31.599247919162014 ], [ -113.847419400168093, 31.600072368978132 ], [ -113.849029812202119, 31.605751383463954 ], [ -113.85160786191274, 31.606168045942788 ], [ -113.852519822644695, 31.605511897930015 ], [ -113.849965571915519, 31.603121176630751 ], [ -113.849590029797739, 31.60213332617915 ], [ -113.850382732629868, 31.600654391675416 ], [ -113.849621756923213, 31.599501222709041 ], [ -113.850547542691828, 31.597693546254732 ], [ -113.852879947574834, 31.597040365130852 ], [ -113.852250090226775, 31.595722973008701 ], [ -113.852784435991893, 31.594243490044004 ], [ -113.854085652279139, 31.593423635395546 ], [ -113.856145853998896, 31.593921409538485 ], [ -113.857707266915426, 31.592937543738383 ], [ -113.859612781482966, 31.595573571795082 ], [ -113.86052949506302, 31.594506110981055 ], [ -113.859636374049259, 31.593599503276867 ], [ -113.859539689172522, 31.590884896613382 ], [ -113.867334261014378, 31.586952241749486 ], [ -113.871866187959768, 31.585891776271691 ], [ -113.877500072185242, 31.589932988987421 ], [ -113.877058498712017, 31.594538375034645 ], [ -113.878697606290856, 31.597913863263859 ], [ -113.880113286047276, 31.598327774134649 ], [ -113.876788115020716, 31.606546926228724 ], [ -113.877288276726219, 31.607946179876741 ], [ -113.873391440241193, 31.609830648406167 ], [ -113.870516996219607, 31.612621776018862 ], [ -113.870114933444682, 31.613854811758326 ], [ -113.871628913464264, 31.616901119493207 ], [ -113.870970464381884, 31.617969158473002 ], [ -113.868541644976318, 31.615825866509127 ], [ -113.866866435361359, 31.615493588872265 ], [ -113.864519038286488, 31.617380831725011 ], [ -113.864885040060926, 31.619191146756965 ], [ -113.868520220832835, 31.617635415379873 ], [ -113.868371578975996, 31.619280209070137 ], [ -113.867193477690691, 31.620593985636887 ], [ -113.868345287640295, 31.621501018203489 ], [ -113.869927418406519, 31.618789692275449 ], [ -113.872121303275435, 31.618958409020085 ], [ -113.874333596765368, 31.617564300586249 ], [ -113.873195361318992, 31.615505793933625 ], [ -113.873604174619359, 31.613696986593229 ], [ -113.876600936735301, 31.611481799608161 ], [ -113.877867381151077, 31.613622768642596 ], [ -113.879793189403472, 31.614613394296075 ], [ -113.878628821169045, 31.61477573919856 ], [ -113.876260423482677, 31.618472724618986 ], [ -113.877255109834252, 31.621764732356432 ], [ -113.874914565496283, 31.623076398715881 ], [ -113.875414808451282, 31.62447565294136 ], [ -113.880073725677804, 31.623744047397853 ], [ -113.882155865030398, 31.622431817570551 ], [ -113.880228903330618, 31.621523491440001 ], [ -113.878705881263016, 31.619217574647106 ], [ -113.879514621504541, 31.616340202073683 ], [ -113.882902633617149, 31.613796582907646 ], [ -113.883319901471864, 31.611247491187918 ], [ -113.87957055012005, 31.611569600185199 ], [ -113.881282313486309, 31.608776147303747 ], [ -113.882183487314038, 31.609024566835618 ], [ -113.883528834589171, 31.604420840644071 ], [ -113.88547657014314, 31.603519603204017 ], [ -113.887649988353502, 31.605415353798129 ], [ -113.887742750804975, 31.608541141278916 ], [ -113.888904150429283, 31.608625472778538 ], [ -113.89138186887493, 31.606573546948717 ], [ -113.893411087077169, 31.609784977641343 ], [ -113.892358807218685, 31.611428190779463 ], [ -113.889527921846735, 31.610518404880445 ], [ -113.886011059175459, 31.613061950316411 ], [ -113.882711951217132, 31.619060448175635 ], [ -113.884365193782372, 31.621284294075014 ], [ -113.887213600504026, 31.620713652786513 ], [ -113.885293344795755, 31.619229643651952 ], [ -113.884924073852474, 31.617666165270329 ], [ -113.887646075862335, 31.616848532904726 ], [ -113.898739479950194, 31.606915344981786 ], [ -113.899467014729893, 31.611029212189894 ], [ -113.90073584919277, 31.613005421524274 ], [ -113.900830968087547, 31.615966667935236 ], [ -113.899784440486201, 31.617116432444448 ], [ -113.893448847032616, 31.617681311771396 ], [ -113.890847460428191, 31.619239554898087 ], [ -113.889509965831039, 31.623185330523697 ], [ -113.890782598715987, 31.624832633887749 ], [ -113.892966165820553, 31.625905742117578 ], [ -113.894652082849291, 31.625332899133479 ], [ -113.892502796522805, 31.62129878125192 ], [ -113.893420295073696, 31.620148844052814 ], [ -113.896533569215791, 31.619002693266797 ], [ -113.900791265341098, 31.619421199589425 ], [ -113.902091408806157, 31.618683112786076 ], [ -113.902881485563555, 31.617368397918291 ], [ -113.902524205483672, 31.614735728210029 ], [ -113.903566900745659, 31.613914947150381 ], [ -113.904706703371076, 31.615890893469906 ], [ -113.903771477203861, 31.618603663419275 ], [ -113.905328025549025, 31.618030475827286 ], [ -113.906648796302662, 31.615482834901766 ], [ -113.908190250858596, 31.616225623157003 ], [ -113.909706418422587, 31.619189150473872 ], [ -113.903872366792342, 31.62107139570923 ], [ -113.90238926060141, 31.62649757081801 ], [ -113.904581457903305, 31.626830215277867 ], [ -113.905963835790416, 31.630204818283996 ], [ -113.906993513008047, 31.630535507011288 ], [ -113.908431369001136, 31.629057308216481 ], [ -113.907554350024427, 31.626670581906435 ], [ -113.904871809864474, 31.624034124716605 ], [ -113.905271555301525, 31.622965506975497 ], [ -113.906186082791535, 31.622062237995909 ], [ -113.913176083024609, 31.62075748730938 ], [ -113.914608099327239, 31.61977273241158 ], [ -113.916000952878747, 31.622242464292402 ], [ -113.920088838152594, 31.626279099460593 ], [ -113.914849216353389, 31.632686595264371 ], [ -113.915995096804593, 31.634168908093425 ], [ -113.915456010279655, 31.636142100810545 ], [ -113.917914271544063, 31.635816903282478 ], [ -113.91810477910532, 31.630388615286044 ], [ -113.921074028399701, 31.630557659866167 ], [ -113.924282241487347, 31.632454260622939 ], [ -113.925063787445083, 31.631879667977852 ], [ -113.922248667514808, 31.629490174127433 ], [ -113.922684320561018, 31.625213776742267 ], [ -113.926564055154458, 31.624808317794798 ], [ -113.927872334218918, 31.623329731414355 ], [ -113.924642209091559, 31.623407194730877 ], [ -113.923369953102608, 31.621678014323525 ], [ -113.9272458502452, 31.62160154140452 ], [ -113.929714708269202, 31.620289148797667 ], [ -113.929206335114529, 31.619548150099604 ], [ -113.924670853040311, 31.620857456723865 ], [ -113.922237098889624, 31.619044266558124 ], [ -113.92096866189047, 31.616986055473838 ], [ -113.922014912902725, 31.615836132887782 ], [ -113.921380250477867, 31.614848151316171 ], [ -113.920080326660496, 31.615586422793744 ], [ -113.919082382313121, 31.612459333357876 ], [ -113.920531849671463, 31.609911773888172 ], [ -113.919109340279604, 31.610074083801635 ], [ -113.919121426072451, 31.609004833773891 ], [ -113.921087427094804, 31.606458069438922 ], [ -113.9228861927281, 31.607283328652777 ], [ -113.927302990166055, 31.604986933775677 ], [ -113.932208564148809, 31.605158631618295 ], [ -113.940174367848371, 31.608871178330222 ], [ -113.940674563472641, 31.610352373598968 ], [ -113.939243894505864, 31.611255148035063 ], [ -113.938055983547514, 31.613556503627247 ], [ -113.93856438743876, 31.614297465348425 ], [ -113.939988730704926, 31.613970438613869 ], [ -113.940787323962979, 31.611833033143061 ], [ -113.943906006284763, 31.610110034516254 ], [ -113.948511063150661, 31.614146420103431 ], [ -113.949012326490049, 31.615545323243499 ], [ -113.947694555511774, 31.617928835618567 ], [ -113.941058322034607, 31.622361425275201 ], [ -113.942727484439217, 31.623268445572403 ], [ -113.94140945492299, 31.625651906910349 ], [ -113.945043422618554, 31.624094056615252 ], [ -113.947362110295444, 31.624672877391117 ], [ -113.948758592111972, 31.626895447159384 ], [ -113.948492126001199, 31.627635346270878 ], [ -113.945658481845896, 31.626891369180157 ], [ -113.943065977730853, 31.627710400290436 ], [ -113.946805654029859, 31.628291132212347 ], [ -113.94705044330415, 31.629525199880391 ], [ -113.950673641130237, 31.628954166144723 ], [ -113.951338412131335, 31.627227781141407 ], [ -113.950450429832628, 31.625746147389115 ], [ -113.951243453687496, 31.624102178432093 ], [ -113.949839748061962, 31.622537623643115 ], [ -113.95076913169747, 31.62023583833566 ], [ -113.952856402722333, 31.618346779860659 ], [ -113.953139898397055, 31.616044155874494 ], [ -113.958687325595363, 31.616626858861654 ], [ -113.960472300083666, 31.618767521909987 ], [ -113.963141018741609, 31.622800937180418 ], [ -113.961956265231294, 31.624855741244659 ], [ -113.966159347467439, 31.630371379892559 ], [ -113.964064118317197, 31.633000882094681 ], [ -113.965792806609485, 31.640405279973837 ], [ -113.964859207542872, 31.643118395716616 ], [ -113.962769905897005, 31.645172158682392 ], [ -113.960898846825927, 31.650927344960664 ], [ -113.961918246066773, 31.652244533775079 ], [ -113.963360814199362, 31.650272267216849 ], [ -113.963787484752487, 31.64665383085006 ], [ -113.965355582805941, 31.645010689321406 ], [ -113.968728784550677, 31.643698587415827 ], [ -113.968973917874465, 31.644932590118966 ], [ -113.971148185618119, 31.646991238283359 ], [ -113.971514633043896, 31.64896560108399 ], [ -113.970667156045749, 31.655709003967527 ], [ -113.974028349141577, 31.655548201517998 ], [ -113.97451797319367, 31.65809841592456 ], [ -113.97218247442683, 31.659000599441399 ], [ -113.974492521902391, 31.660483575684903 ], [ -113.976821026366963, 31.660239323256654 ], [ -113.975955960240526, 31.656537253318401 ], [ -113.976360238362957, 31.654974977545002 ], [ -113.977908105793404, 31.655223364063897 ], [ -113.973809469773883, 31.651846806520602 ], [ -113.974100384561567, 31.648803948793351 ], [ -113.976207912764366, 31.6450228254267 ], [ -113.975718341778773, 31.642472611610973 ], [ -113.973301557289005, 31.63893330674513 ], [ -113.973874601104129, 31.633670057048921 ], [ -113.977333230836678, 31.624297546016741 ], [ -113.979172198069634, 31.62142084077006 ], [ -113.978395478450935, 31.621584504715223 ], [ -113.976871884218511, 31.619115414546702 ], [ -113.974815305924267, 31.60611792239143 ], [ -113.971857446480101, 31.604963116405425 ], [ -113.96996994001087, 31.600355028310528 ], [ -113.970509481743832, 31.598217183158035 ], [ -113.968081749146535, 31.595829145786908 ], [ -113.967358505972754, 31.591057855425845 ], [ -113.966095770982136, 31.588424386762284 ], [ -113.966500906975583, 31.586779887798464 ], [ -113.969895105555793, 31.583329430256555 ], [ -113.980638321000754, 31.580791812573999 ], [ -113.98554691168053, 31.580550295566589 ], [ -113.998309983085022, 31.594627297031316 ], [ -114.000769316657085, 31.594053846144853 ], [ -114.001532890484242, 31.595123756153946 ], [ -114.005545090091701, 31.594222631527252 ], [ -114.006080364798493, 31.59241367120935 ], [ -114.00878589142765, 31.592991741542612 ], [ -114.010734578895949, 31.591841941155685 ], [ -114.009582735105667, 31.590854007770609 ], [ -114.006614767776739, 31.590686955573741 ], [ -114.003886202627712, 31.592329481475005 ], [ -114.002357357596836, 31.590354176102853 ], [ -114.000411163241793, 31.591257114086627 ], [ -113.997959651339187, 31.591090335461345 ], [ -113.997709171055021, 31.590349873541832 ], [ -113.999778472846359, 31.590022821062945 ], [ -114.001507630380189, 31.58517183235174 ], [ -114.000100329654941, 31.583936824442493 ], [ -113.998935779452509, 31.584182478701187 ], [ -113.999435001236691, 31.585827891941797 ], [ -113.996443028598279, 31.587963497385161 ], [ -113.992220422366955, 31.584340495439989 ], [ -113.989294401309309, 31.580225168225599 ], [ -113.990596724944098, 31.579157263748943 ], [ -113.99499395723484, 31.578421388416707 ], [ -113.994879561669364, 31.57702306746441 ], [ -113.987125797099225, 31.577755503840756 ], [ -113.987395327854571, 31.576686558058071 ], [ -113.989738230780802, 31.574879504590065 ], [ -113.994791995097302, 31.573075094540776 ], [ -113.997228357796274, 31.57464015821536 ], [ -113.997752501084435, 31.573900431901265 ], [ -113.994420299723643, 31.571594271589067 ], [ -113.997785286860449, 31.570775057423916 ], [ -113.997293103952501, 31.568471653508951 ], [ -113.994842193492502, 31.568304776903737 ], [ -114.000650204696569, 31.568392591222722 ], [ -114.003083952505122, 31.570204284889236 ], [ -114.003885068244671, 31.567655351900914 ], [ -114.002599374680059, 31.567160690555387 ], [ -114.008032852843868, 31.566014122085551 ], [ -114.008428637275713, 31.565191999500328 ], [ -114.007148088853995, 31.564203905195505 ], [ -114.009733942223448, 31.563794939377122 ], [ -114.00923554666015, 31.562067319266607 ], [ -114.000974631742963, 31.562059842846267 ], [ -113.997213248608546, 31.563783462236412 ], [ -113.996314012673537, 31.563371352149201 ], [ -114.003462297003495, 31.558690009702982 ], [ -114.003734177209211, 31.557374302012565 ], [ -114.002574261885215, 31.557208735982215 ], [ -113.998162554727614, 31.559425251648165 ], [ -113.992736239772881, 31.559913407935777 ], [ -113.994363960187115, 31.564685404594979 ], [ -113.990623206012927, 31.564434911921701 ], [ -113.985967535913346, 31.565252575035796 ], [ -113.982840627909326, 31.567963442138677 ], [ -113.980777871509005, 31.567714461293594 ], [ -113.980493352244636, 31.570181605870705 ], [ -113.977357314632783, 31.573714833639972 ], [ -113.975822284176445, 31.572397133651634 ], [ -113.975275905837677, 31.575192974007013 ], [ -113.974096360979843, 31.576836611556338 ], [ -113.971634608087513, 31.577656275167897 ], [ -113.96946029794087, 31.575762013246436 ], [ -113.967325219088679, 31.570248789688868 ], [ -113.964642849510852, 31.56761357365021 ], [ -113.962754810240256, 31.56316978403402 ], [ -113.960457327370506, 31.560781681675103 ], [ -113.96072534272831, 31.55987727117294 ], [ -113.962664187682449, 31.559632939589921 ], [ -113.967210375762463, 31.557006512780728 ], [ -113.974892859750241, 31.550764618474012 ], [ -113.979958897162078, 31.547727136587156 ], [ -113.980490087563908, 31.546329497058387 ], [ -113.9824391141115, 31.545097912754635 ], [ -113.983232748936956, 31.543289308459862 ], [ -113.980563116825962, 31.539502927037343 ], [ -113.979234751622627, 31.543038144820539 ], [ -113.978097092752378, 31.54081614307395 ], [ -113.979155929672231, 31.538349868611075 ], [ -113.984773290350176, 31.531940665757585 ], [ -113.989586925259445, 31.528244616308893 ], [ -114.001633378137839, 31.52381530850187 ], [ -114.002783397186363, 31.524885626351807 ], [ -114.006280823459747, 31.523572934169685 ], [ -114.009495287507008, 31.524645073495176 ], [ -114.013335351225336, 31.527609354624122 ], [ -114.010577054302573, 31.532295036850684 ], [ -114.012757017505365, 31.533612895743502 ], [ -114.01338602272088, 31.535176132305509 ], [ -114.02096213873233, 31.538801262078458 ], [ -114.027543335838899, 31.538806334776009 ], [ -114.031399578462725, 31.540289577581461 ], [ -114.032287034697859, 31.541852880837048 ], [ -114.025361008835318, 31.550319171036005 ], [ -114.026904682904274, 31.550813802859626 ], [ -114.031356983404194, 31.544484092118434 ], [ -114.032656659514686, 31.543580305126532 ], [ -114.033931324940681, 31.545143863619611 ], [ -114.034979538721416, 31.543581913911527 ], [ -114.034476662740815, 31.542265636439712 ], [ -114.035414926348622, 31.53881195637987 ], [ -114.029251875877677, 31.535764488504203 ], [ -114.0218932898985, 31.536087863779379 ], [ -114.017533919579321, 31.533370194861799 ], [ -114.017935438344352, 31.531972330070062 ], [ -114.021443009805679, 31.529672268794087 ], [ -114.023154987784437, 31.526301514643318 ], [ -114.024242816087579, 31.520874092348983 ], [ -114.026308790907819, 31.520711200443177 ], [ -114.028999715397049, 31.522522655573663 ], [ -114.032313296094415, 31.526555140256427 ], [ -114.035021996321291, 31.526639296861685 ], [ -114.03580613720186, 31.52565288828141 ], [ -114.035300869040327, 31.524583341678259 ], [ -114.033497056057243, 31.524335339037194 ], [ -114.031592663692194, 31.521290867283795 ], [ -114.026980779993323, 31.518079826718434 ], [ -114.027775026931906, 31.516106515606502 ], [ -114.027692235071754, 31.511582895138993 ], [ -114.028725956200446, 31.511419186116594 ], [ -114.032176465380246, 31.514629346729372 ], [ -114.036685118153002, 31.515290504666915 ], [ -114.037991007637231, 31.51372872589458 ], [ -114.034509473741835, 31.513561817784641 ], [ -114.028354900763986, 31.509856222132949 ], [ -114.029387762367662, 31.509774754807559 ], [ -114.028750306322621, 31.509034056469797 ], [ -114.031457664688432, 31.509200566803806 ], [ -114.0380226004946, 31.510603401621321 ], [ -114.039578937774564, 31.509781995056954 ], [ -114.039065422433211, 31.509534911962692 ], [ -114.039874293616123, 31.506081127981716 ], [ -114.038842319928335, 31.506080431611373 ], [ -114.037787052230428, 31.508382599153606 ], [ -114.028501542710117, 31.508129156529744 ], [ -114.024872662782627, 31.509771287077047 ], [ -114.01905665138743, 31.523337332671364 ], [ -114.016077239457132, 31.524486307335525 ], [ -114.014407587829027, 31.52374466208197 ], [ -114.0137718431954, 31.522839395987013 ], [ -114.014828701425543, 31.520455137539972 ], [ -114.020192122782518, 31.513304142525094 ], [ -114.023492472887938, 31.50598684219651 ], [ -114.025189680418592, 31.504014265365587 ], [ -114.024361003131347, 31.496775888567676 ], [ -114.025422409434114, 31.493898092525892 ], [ -114.033963574514303, 31.491108196319718 ], [ -114.051528918155185, 31.488652400383664 ], [ -114.064519380607621, 31.492278189148706 ], [ -114.081936535425072, 31.491709782327419 ], [ -114.091725113530316, 31.493110978897445 ], [ -114.096756664562946, 31.492947771145683 ], [ -114.103158580373645, 31.490596913170481 ], [ -114.14017341815628, 31.490012597392337 ], [ -114.198126251514822, 31.506634649299169 ], [ -114.228643613031949, 31.528923858046124 ], [ -114.274097348724297, 31.544331646987057 ], [ -114.304982752578042, 31.565569290055105 ], [ -114.325600881557932, 31.585242194973496 ], [ -114.326446092929686, 31.59290864889822 ], [ -114.359387441209805, 31.607943602206198 ], [ -114.396711904378108, 31.632118387342697 ], [ -114.411177503958584, 31.634330216740629 ], [ -114.448620551701126, 31.651866926936719 ], [ -114.451717633036765, 31.660587607865132 ], [ -114.473459428567352, 31.672793176993903 ], [ -114.491137810662806, 31.67626654550422 ], [ -114.50337091262611, 31.683047219500576 ], [ -114.510179523760328, 31.68801634337424 ], [ -114.507708247671914, 31.6900737310708 ], [ -114.507936789009136, 31.696904351242136 ], [ -114.516286601649369, 31.699255137159078 ], [ -114.525901003629144, 31.703478810069967 ], [ -114.552554835985291, 31.735783362120763 ], [ -114.563125739091873, 31.741253451758084 ], [ -114.570835706048015, 31.743594768842101 ], [ -114.58428973880666, 31.750742486424215 ], [ -114.592910389534623, 31.75764192722832 ], [ -114.60287225606578, 31.760620391553086 ], [ -114.620573290873807, 31.763867258760879 ], [ -114.678027577095364, 31.760798056261756 ], [ -114.694091001576439, 31.766297849733913 ], [ -114.752591239777104, 31.814301831616888 ], [ -114.764152033495947, 31.819553410250659 ], [ -114.791228762712691, 31.822631977361205 ], [ -114.80188041233481, 31.822495241603441 ], [ -114.808642267598955, 31.823987371146345 ], [ -114.8118523059387, 31.825663088541596 ], [ -114.829673210069586, 31.85060051074095 ], [ -114.854079728753575, 31.863577036669188 ], [ -114.860814968272081, 31.868168731767298 ], [ -114.867901744491078, 31.869866145441581 ], [ -114.913093645348454, 31.870955636441334 ], [ -114.917590883676397, 31.873462976086362 ], [ -114.91723779699511, 31.876770526915024 ], [ -114.923011942415343, 31.88093950898795 ], [ -114.926207160394299, 31.884680326578945 ], [ -114.933271985284506, 31.88906269482116 ], [ -114.938078838367275, 31.893225589947804 ], [ -114.946614236765683, 31.914162133780366 ], [ -114.957255084565546, 31.916286617117137 ], [ -114.971730205456723, 31.923393833196684 ], [ -114.975554037027948, 31.929618289794377 ], [ -114.976099012716048, 31.941617325071142 ], [ -114.981774590537469, 31.958399197107479 ], [ -114.986301970416491, 31.958008079929492 ], [ -114.985867392048064, 31.971449849175698 ], [ -114.983601661471923, 31.971852267681498 ], [ -114.973614175218245, 31.968079261771667 ], [ -114.974528069940035, 31.974702488550516 ], [ -114.986074240551531, 31.98551526154062 ], [ -114.987329645743174, 31.990071686726999 ], [ -114.987600070421777, 31.996484703226432 ], [ -114.983317069373371, 32.006184549117464 ], [ -114.977480282610131, 32.008223880477949 ], [ -114.967076497927295, 32.014997051088805 ], [ -114.965424810650561, 32.01912532598196 ], [ -114.96474575740119, 32.03431369200689 ], [ -114.967812799781953, 32.037327010173897 ], [ -114.973872573328819, 32.053088006183962 ], [ -114.970878404116959, 32.063000929973896 ], [ -114.97534239917448, 32.070882610112918 ], [ -114.978792233506795, 32.084136612501041 ], [ -114.983263184292611, 32.091397399925 ], [ -114.988425797690439, 32.093283824422848 ], [ -114.992279100533878, 32.097025184080451 ], [ -114.999644854570803, 32.106780913465499 ], [ -114.999943771063272, 32.109884671234447 ], [ -114.998313853614277, 32.111324744618805 ], [ -114.990860958366454, 32.112323443867872 ], [ -114.983390997226863, 32.115389896559783 ], [ -114.97069494300942, 32.124014630337363 ], [ -114.968387647982652, 32.128967123426897 ], [ -114.970607682834867, 32.134562442785487 ], [ -114.971534414113208, 32.141442741599555 ], [ -114.969552492333463, 32.152664624471136 ], [ -114.967163146394086, 32.156284488445735 ], [ -114.983206649229047, 32.172059469827701 ], [ -114.987832095980878, 32.189732544203025 ], [ -114.988750862821732, 32.190451509533524 ], [ -114.987750015050565, 32.191463581504244 ], [ -115.004311031210193, 32.204086243752144 ], [ -115.005943445555218, 32.20499996651661 ], [ -115.006683859128927, 32.20404880563504 ], [ -115.042952120538487, 32.233344606451126 ], [ -115.048074663811008, 32.241669950106782 ], [ -115.049992441775274, 32.243293946970795 ], [ -115.050083953900725, 32.247594332578835 ], [ -115.048422116801532, 32.251769996771991 ], [ -115.041855323508187, 32.263116897357051 ], [ -115.041450690637305, 32.274076169713581 ], [ -115.04014156756817, 32.275725114957943 ], [ -115.029393496626071, 32.282090305550838 ], [ -115.018267924404114, 32.295277932934745 ], [ -114.98922369425469, 32.317897161661939 ], [ -114.988529339932526, 32.323684919396548 ], [ -114.98297137776467, 32.329036545732905 ], [ -114.96958536391999, 32.339314828920266 ], [ -114.963670635258197, 32.348386906264111 ], [ -114.962988027334276, 32.352520121373189 ], [ -114.959744538560969, 32.359346980758765 ], [ -114.961293073992806, 32.361405443593029 ], [ -114.959947693337455, 32.367190074136531 ], [ -114.939118485105098, 32.359822732090258 ], [ -114.931621732970228, 32.356380372253028 ], [ -114.921016836395552, 32.354011194986505 ], [ -114.896468976193589, 32.385924139803912 ], [ -114.888987774754668, 32.382017483221091 ], [ -114.881391714443097, 32.376081973602901 ], [ -114.875748067778218, 32.375125483066881 ], [ -114.870285039853485, 32.375304726804337 ], [ -114.862891538811269, 32.366480666469116 ], [ -114.8572530854467, 32.37948034426379 ], [ -114.846473139089397, 32.386452270469988 ], [ -114.840527290112334, 32.397174362321294 ], [ -114.833971747460339, 32.403548981844807 ], [ -114.826126036041089, 32.408881589158831 ], [ -114.802073612580372, 32.397536060853461 ], [ -114.777149963446277, 32.394461648145878 ], [ -114.748985296158011, 32.392261140840468 ], [ -114.747901642278748, 32.396663975570341 ], [ -114.731775216980679, 32.435203648784473 ], [ -114.76012930212714, 32.443740042493125 ], [ -114.75989877641382, 32.444267420274087 ], [ -114.761595233209221, 32.44479895541798 ], [ -114.760234342585022, 32.448111093439195 ], [ -114.751823447666354, 32.446184255054156 ], [ -114.750423507797876, 32.449530527573287 ], [ -114.746458861035393, 32.448350453005347 ], [ -114.743723833158484, 32.455013774157841 ], [ -114.742409601015396, 32.454626134798623 ], [ -114.740157594654363, 32.460060242119539 ], [ -114.742768718802523, 32.460832887236421 ], [ -114.740468762008263, 32.466335978639727 ], [ -114.751367082404883, 32.469581746872265 ], [ -114.749065098038386, 32.475149841167799 ] ] ] } },
{ "type": "Feature", "properties": { "ID": 522.0, "ENTIDAD": 26, "DISTRITO_L": 3, "TIPO": 0, "CONTROL": 0.0, "GEOMETRY1_": null }, "geometry": { "type": "Polygon", "coordinates": [ [ [ -112.315150983362102, 31.725016559657568 ], [ -112.12463329775413, 31.665403845714064 ], [ -111.357899859002174, 31.422842808397711 ], [ -111.227033551400325, 31.380726722559807 ], [ -111.230585998828815, 31.377710918902466 ], [ -111.232249464039938, 31.374394519477164 ], [ -111.236365768528344, 31.37314118506713 ], [ -111.239449243577411, 31.371062665655689 ], [ -111.247021869306892, 31.363837932282461 ], [ -111.251884904246651, 31.355130319854208 ], [ -111.258442575964594, 31.352875607371594 ], [ -111.26564850095383, 31.352026140823764 ], [ -111.271683035475164, 31.347619629803866 ], [ -111.27334512643661, 31.344468283131214 ], [ -111.273709858970662, 31.338505784068499 ], [ -111.272921879456604, 31.334120062896389 ], [ -111.270983952788256, 31.332056089269585 ], [ -111.25590877310799, 31.327050662489679 ], [ -111.245233698698655, 31.329068674138547 ], [ -111.238688022413115, 31.334634535856146 ], [ -111.235727024996223, 31.334394409809985 ], [ -111.232246004895188, 31.332499721068881 ], [ -111.226843094908546, 31.333342438807332 ], [ -111.224654636324061, 31.333182757740051 ], [ -111.222849005560178, 31.331945661886774 ], [ -111.217428179429788, 31.326826691097299 ], [ -111.218150617911405, 31.310265476788821 ], [ -111.220176826393569, 31.299496535922458 ], [ -111.222597337750969, 31.291624382876485 ], [ -111.226182320274873, 31.286067347257585 ], [ -111.226808112624823, 31.280435459329031 ], [ -111.256036914791068, 31.251208377444321 ], [ -111.25936437633051, 31.246561778942151 ], [ -111.262569816939532, 31.243902731507948 ], [ -111.263582646161467, 31.239345844443264 ], [ -111.265248916823765, 31.237850491185018 ], [ -111.273340415863146, 31.23542478336973 ], [ -111.292485358545349, 31.232218293441687 ], [ -111.300189664765654, 31.229709345260463 ], [ -111.275973853357826, 31.216952807434556 ], [ -111.272749313643644, 31.213899211478498 ], [ -111.273510195982794, 31.210998955222877 ], [ -111.269009668107827, 31.210515905714953 ], [ -111.268877629168713, 31.209522732397502 ], [ -111.277855255121835, 31.204030524247887 ], [ -111.288247097814974, 31.198947182329515 ], [ -111.297729995115901, 31.191713217122402 ], [ -111.29964394912561, 31.188146653586536 ], [ -111.300372860959001, 31.177214916739082 ], [ -111.299318538215488, 31.17034611584544 ], [ -111.297897959581178, 31.168446391735323 ], [ -111.276814009571297, 31.164787432545111 ], [ -111.270138043304996, 31.166132690892244 ], [ -111.267180488441113, 31.165396469419118 ], [ -111.264984891613437, 31.162091142757269 ], [ -111.263163388071135, 31.155472718330536 ], [ -111.261355526608796, 31.152745754751386 ], [ -111.264669827062093, 31.1453667783212 ], [ -111.270177294496534, 31.140879012445041 ], [ -111.270812473221014, 31.138889909193633 ], [ -111.269648056577722, 31.136492287785867 ], [ -111.26192564724056, 31.131795982481048 ], [ -111.258418561307835, 31.120214527023812 ], [ -111.254540509396762, 31.112608395534931 ], [ -111.254395680734945, 31.107723668688877 ], [ -111.250126163274103, 31.097965747657945 ], [ -111.242513177532842, 31.086147173497075 ], [ -111.240572746194033, 31.081515869615707 ], [ -111.241198557776087, 31.076546134652929 ], [ -111.242987221739227, 31.073974298113246 ], [ -111.244627082981253, 31.06653881206341 ], [ -111.242064645916543, 31.064221727254697 ], [ -111.242191604586765, 31.062398634494311 ], [ -111.249350366886901, 31.044740615303251 ], [ -111.245497958836566, 31.026184318769857 ], [ -111.240504291563084, 31.023207174793484 ], [ -111.236018503739984, 31.011943093984655 ], [ -111.232945343970172, 31.008632031683479 ], [ -111.232173682752219, 31.00084385947947 ], [ -111.221671471918299, 30.976824878394012 ], [ -111.223204514543724, 30.971354410339732 ], [ -111.224739620594775, 30.971352834394256 ], [ -111.227298997123611, 30.973338861898679 ], [ -111.227298238637445, 30.971598754149586 ], [ -111.226146063657836, 30.969611265362552 ], [ -111.222818643242803, 30.965968749207313 ], [ -111.222687902138418, 30.9586769859384 ], [ -111.221152537781805, 30.957435599250672 ], [ -111.218722705847938, 30.958598091891638 ], [ -111.217827095330719, 30.957853208667775 ], [ -111.218208846320962, 30.95205245491735 ], [ -111.215905916950533, 30.949734540640119 ], [ -111.204394993872569, 30.94866790224475 ], [ -111.19966254761033, 30.946517522315901 ], [ -111.197999261296914, 30.94121568738365 ], [ -111.194417997756318, 30.936081093964408 ], [ -111.193650409560888, 30.93227000939147 ], [ -111.194289533623632, 30.929535025252672 ], [ -111.2005541536181, 30.922983714449288 ], [ -111.204516543090861, 30.916268402988358 ], [ -111.204643502204178, 30.911710819592642 ], [ -111.203492246521321, 30.908231567669358 ], [ -111.204257884897501, 30.900856072716234 ], [ -111.207067996690398, 30.890909990337168 ], [ -111.213709571352254, 30.87358541630832 ], [ -111.220478734621551, 30.862392257090239 ], [ -111.221882936387544, 30.858661982488726 ], [ -111.209484297093908, 30.840526658237504 ], [ -111.212804859179016, 30.836960440316968 ], [ -111.218165900522152, 30.82386277894599 ], [ -111.222251950695892, 30.820378428106228 ], [ -111.226083699041126, 30.820374511592735 ], [ -111.227486658695653, 30.815649784760488 ], [ -111.224290175529561, 30.806703739946826 ], [ -111.224543919758631, 30.802477392224453 ], [ -111.212537890146919, 30.794699862941918 ], [ -111.233090462591889, 30.782912311932723 ], [ -111.2218483141192, 30.764528070118399 ], [ -111.212910457168562, 30.756167345509542 ], [ -111.21788780888518, 30.754256709385572 ], [ -111.222610492990512, 30.754500632701461 ], [ -111.228353341707873, 30.752505957080839 ], [ -111.22477561060299, 30.742482981180473 ], [ -111.220171198254548, 30.713401834896608 ], [ -111.16944741108189, 30.708441828409725 ], [ -111.168623494117128, 30.707018127045782 ], [ -111.165311792100425, 30.706374401861233 ], [ -111.163153948018163, 30.703649460081596 ], [ -111.164175813984585, 30.702945222725187 ], [ -111.163861660388633, 30.701565944731222 ], [ -111.160803423698383, 30.701424398704187 ], [ -111.162272554665307, 30.700346854750624 ], [ -111.16043366333183, 30.697581818364309 ], [ -111.159051739564305, 30.691521290138077 ], [ -111.160154590984419, 30.685515805754541 ], [ -111.158053221059276, 30.685170577864533 ], [ -111.158192339348417, 30.681622931173649 ], [ -111.154951953149947, 30.67897551348468 ], [ -111.152611877067827, 30.673869879297001 ], [ -111.149502980870622, 30.670137636412424 ], [ -111.14982784088285, 30.668260834745709 ], [ -111.15225810914707, 30.66539354418013 ], [ -111.152652617004335, 30.661722035517322 ], [ -111.137835255567225, 30.654878155542924 ], [ -111.133490474959999, 30.65873645960221 ], [ -111.130493285695977, 30.659721670079584 ], [ -111.129018257202517, 30.662510414304368 ], [ -111.125821481780108, 30.665790433896234 ], [ -111.114993876825011, 30.665436940654615 ], [ -111.111813230998422, 30.66429162614719 ], [ -111.102602330335031, 30.657726167802139 ], [ -111.081935549567845, 30.649422462204782 ], [ -111.068910081270118, 30.64212210774755 ], [ -111.06382028474961, 30.640964026759093 ], [ -111.05541392394467, 30.640996001421865 ], [ -111.049189338165476, 30.637283814879765 ], [ -111.049407105643581, 30.631231924707272 ], [ -111.047064645531648, 30.628169865223949 ], [ -111.045452667794663, 30.618391119293353 ], [ -111.042356778256263, 30.613069943715658 ], [ -111.03739652139943, 30.611828127839406 ], [ -111.043581702998594, 30.60965438372244 ], [ -111.007134660059847, 30.576817011660246 ], [ -110.966008023912991, 30.555334119122904 ], [ -110.942509745820075, 30.522767986120918 ], [ -110.947430916015179, 30.484986154000278 ], [ -110.939183150739609, 30.481755310004225 ], [ -110.930165976010784, 30.47977089856635 ], [ -110.926938490132216, 30.477117721506659 ], [ -110.924113284511137, 30.470835286301956 ], [ -110.920749320847577, 30.469892634120335 ], [ -110.917379412122145, 30.469993555210969 ], [ -110.913359027706306, 30.472636283344226 ], [ -110.908911720370952, 30.472144680232621 ], [ -110.905601365706687, 30.472913693062743 ], [ -110.894794975841251, 30.472708873500423 ], [ -110.891800842806376, 30.473730365630196 ], [ -110.884105845094538, 30.474132206898609 ], [ -110.845819950204969, 30.46645053109933 ], [ -110.814846501976788, 30.468627240533948 ], [ -110.822372006617812, 30.460208854765664 ], [ -110.830734840621602, 30.456121663767814 ], [ -110.837143667395679, 30.450320742651492 ], [ -110.837936802131168, 30.447216080565013 ], [ -110.836160723503994, 30.442212841487439 ], [ -110.840468907423272, 30.436094390720807 ], [ -110.846378305551255, 30.430441181713579 ], [ -110.850997006030269, 30.428040692442522 ], [ -110.856939498993654, 30.427991226049315 ], [ -110.872795339130846, 30.419453698058685 ], [ -110.848393812967856, 30.397466434044397 ], [ -110.850366421093426, 30.374790012193358 ], [ -110.839282999810678, 30.371618680828071 ], [ -110.835685218236108, 30.372240048178867 ], [ -110.833730878177562, 30.370691503364153 ], [ -110.828146707812877, 30.371740609316216 ], [ -110.821910739333944, 30.359666016332387 ], [ -110.816167532761881, 30.355353244722213 ], [ -110.814072645301962, 30.354870867336324 ], [ -110.81245469350317, 30.355475693999647 ], [ -110.806168783258869, 30.354110637900444 ], [ -110.803316068928794, 30.347092917927004 ], [ -110.805967619753062, 30.33630531608312 ], [ -110.805111932003967, 30.328201216531433 ], [ -110.802698596023959, 30.324576672496505 ], [ -110.800113201119402, 30.316414210935918 ], [ -110.80126214539311, 30.314228117149248 ], [ -110.806628745307478, 30.311195286248672 ], [ -110.81267096815165, 30.304641720918056 ], [ -110.814408943023437, 30.304205748186039 ], [ -110.822060396883714, 30.305039532619496 ], [ -110.825841030721506, 30.300634301088188 ], [ -110.829915775669917, 30.300935659029879 ], [ -110.834299000664402, 30.297456786558524 ], [ -110.835000735401934, 30.292289030068439 ], [ -110.83431011069986, 30.289134693683859 ], [ -110.834726058779481, 30.286346989893662 ], [ -110.835521918524179, 30.282995191442321 ], [ -110.8371731346448, 30.280248806193814 ], [ -110.82957962337106, 30.27595695049158 ], [ -110.829205862005622, 30.26852833351715 ], [ -110.832863925028576, 30.263954015810931 ], [ -110.833338477847548, 30.257542622398375 ], [ -110.831896465273417, 30.255022294707672 ], [ -110.831985877217164, 30.249504408627168 ], [ -110.827243220076568, 30.244813380426166 ], [ -110.827730079359455, 30.237660779988058 ], [ -110.830110916888287, 30.235598157997057 ], [ -110.831188164897171, 30.230113359834043 ], [ -110.835346549722601, 30.225061347595087 ], [ -110.836281308183374, 30.220725361199516 ], [ -110.835466346269769, 30.217649222532948 ], [ -110.835865983803771, 30.215849762174276 ], [ -110.841605636950888, 30.204587979793882 ], [ -110.839941193533676, 30.200577036242301 ], [ -110.84045482519177, 30.199358192170649 ], [ -110.852690740852324, 30.191032335809041 ], [ -110.858354910902804, 30.184299438708418 ], [ -110.862823976078147, 30.18280022682168 ], [ -110.86523539789907, 30.178677997077184 ], [ -110.866580344914411, 30.171718618899867 ], [ -110.869106920056254, 30.168094561689006 ], [ -110.87343741558503, 30.167496819122682 ], [ -110.901668663629835, 30.15417591436146 ], [ -110.95069506859609, 30.177537740624658 ], [ -110.961977788562422, 30.176807025740402 ], [ -110.961988487344726, 30.173607983843588 ], [ -110.966213976926284, 30.165841492374462 ], [ -110.966744546014141, 30.159307066770157 ], [ -110.966365802318037, 30.158396131293998 ], [ -110.963438281983102, 30.158637311629729 ], [ -110.962550032136008, 30.157890598826771 ], [ -110.962431072371373, 30.155408401859226 ], [ -110.960664656181834, 30.150936686239003 ], [ -110.961688650378875, 30.149119098480497 ], [ -110.961827507803804, 30.145644755539234 ], [ -110.967706507340566, 30.137633981649742 ], [ -110.968726713129627, 30.136891824249325 ], [ -110.970378416878347, 30.13755756620824 ], [ -110.971527701833324, 30.136236576773495 ], [ -110.971787238913606, 30.134665303918844 ], [ -110.970398900077711, 30.131270088813643 ], [ -110.972452246285428, 30.125731949903219 ], [ -110.986958303667933, 30.12427590793996 ], [ -110.994589790228005, 30.124540876104707 ], [ -111.007169879183124, 30.129117747410106 ], [ -111.015941361578015, 30.131286635490511 ], [ -111.019367650917545, 30.134354495366701 ], [ -111.037563728255307, 30.132817388912649 ], [ -111.037726361561624, 30.119084411429601 ], [ -111.031934410060913, 30.096653567827722 ], [ -111.037689213961599, 30.084171907179048 ], [ -111.093767231553173, 30.082443165685987 ], [ -111.149479580905549, 30.06844596940045 ], [ -111.169802880218853, 30.08277699535466 ], [ -111.182134260716211, 30.084772274299585 ], [ -111.183561183398837, 30.059374971035819 ], [ -111.206957483801844, 30.052440654844293 ], [ -111.219419038526652, 30.046324903468573 ], [ -111.230736409534686, 30.03830473594045 ], [ -111.238493484490945, 30.030530706528459 ], [ -111.243453772360922, 30.02267273253581 ], [ -111.24778119233099, 30.007947715588873 ], [ -111.24842172972177, 29.996613672979812 ], [ -111.249312596175528, 29.993139165345262 ], [ -111.251219001845001, 29.991154048160933 ], [ -111.254016342364636, 29.98478431392547 ], [ -111.260756279249762, 29.962613412866901 ], [ -111.262788283701909, 29.962448243225118 ], [ -111.267994363198085, 29.965344473495531 ], [ -111.275739179713682, 29.976761965631034 ], [ -111.283231360056377, 29.991240037106188 ], [ -111.288058178415099, 29.997775622933528 ], [ -111.313086557884532, 30.00447302942753 ], [ -111.32312369833096, 30.005214739066009 ], [ -111.32960388652711, 30.006949828792145 ], [ -111.337099962385608, 30.006864085776261 ], [ -111.34268923958625, 30.004710560651969 ], [ -111.349297502292174, 30.007768310426311 ], [ -111.354763249434413, 30.011819142372552 ], [ -111.358832271144081, 30.016697887381589 ], [ -111.368620816153935, 30.022813745752615 ], [ -111.385841517159548, 30.029056924268328 ], [ -111.392434379899555, 30.029116904849264 ], [ -111.402459927213982, 30.03385162552733 ], [ -111.40614975499777, 30.034322624082044 ], [ -111.408665899593345, 30.033674941052226 ], [ -111.412695379115945, 30.028458227507983 ], [ -111.415316178755432, 30.027066837662119 ], [ -111.423418913246593, 30.026753002430777 ], [ -111.425416032429368, 30.025708399641609 ], [ -111.428224181174372, 30.02208960782524 ], [ -111.433718197993812, 30.019298897367296 ], [ -111.444326503194617, 30.022285679962131 ], [ -111.453852668191686, 30.018719754735805 ], [ -111.458202342984677, 30.020075430164805 ], [ -111.462229974368313, 30.019136191794434 ], [ -111.473512024942679, 30.006548571820584 ], [ -111.474952681800261, 30.003232809242508 ], [ -111.467476320340836, 29.995927061193274 ], [ -111.463072912870388, 29.994016822750719 ], [ -111.462551306535758, 29.987829228006532 ], [ -111.411049324759546, 29.92803141091693 ], [ -111.408329857488113, 29.920990422106733 ], [ -111.397280399742684, 29.918990253460329 ], [ -111.385879602090455, 29.918838806746333 ], [ -111.378630994553291, 29.916887661084463 ], [ -111.38452635971305, 29.906664521515889 ], [ -111.387864222961056, 29.89764332571206 ], [ -111.390156832291225, 29.876863940499369 ], [ -111.388917852445516, 29.875405178311283 ], [ -111.389921964008195, 29.872533997063762 ], [ -111.387260062400713, 29.862608661104577 ], [ -111.409592092113101, 29.836531466899224 ], [ -111.409626731651301, 29.834677569269967 ], [ -111.410923192912165, 29.833046317961692 ], [ -111.422722392037116, 29.828256097033012 ], [ -111.425997062701683, 29.822323724437041 ], [ -111.407430604948956, 29.816723181441684 ], [ -111.412740960018922, 29.786505188827288 ], [ -111.414688480504935, 29.78385226283396 ], [ -111.416277464995247, 29.783461050370306 ], [ -111.419265476736669, 29.775876739144021 ], [ -111.428261117847441, 29.76837083983111 ], [ -111.43022310472395, 29.764893721611998 ], [ -111.432900949514561, 29.756892995038385 ], [ -111.468101253132858, 29.751577096392012 ], [ -111.513890442930901, 29.737317986399745 ], [ -111.520683526455315, 29.710617179559257 ], [ -111.524192419593589, 29.708806147748771 ], [ -111.530836213465392, 29.708475820619142 ], [ -111.531476127470015, 29.689940284615208 ], [ -111.534962562297139, 29.68936493557004 ], [ -111.549926699069118, 29.677276412849107 ], [ -111.563901318097734, 29.66045913190759 ], [ -111.572781016411895, 29.658505392727264 ], [ -111.587776753658929, 29.649824563643772 ], [ -111.593586928100606, 29.642476067731877 ], [ -111.598601189829694, 29.626052350937538 ], [ -111.60852770589878, 29.61792755464457 ], [ -111.60840471133308, 29.606388072136586 ], [ -111.609413751405299, 29.602691234602428 ], [ -111.621261899637844, 29.59273371047734 ], [ -111.630151495398607, 29.589746228435018 ], [ -111.772541431356132, 29.631285200733281 ], [ -111.776383524275062, 29.627822941862362 ], [ -111.788426973640625, 29.603843144085381 ], [ -111.793407713264841, 29.587412538437679 ], [ -111.798298269470891, 29.576955606878489 ], [ -111.803239630193929, 29.562996569853592 ], [ -111.806917571350411, 29.549024427344023 ], [ -111.820031902066262, 29.537002498186599 ], [ -111.843627137784694, 29.519933614565627 ], [ -111.851616233667613, 29.51280214824876 ], [ -111.852677425013923, 29.504777658589219 ], [ -111.856603184789947, 29.494927259762306 ], [ -111.858791856363325, 29.474140225223966 ], [ -111.891052721190761, 29.444581168938129 ], [ -111.898800307295886, 29.431470007219307 ], [ -111.900530164180239, 29.420361201400684 ], [ -111.900695639414977, 29.408413289673163 ], [ -111.89466899864216, 29.388576876071518 ], [ -112.064846960688243, 29.33345211055185 ], [ -112.189660737504582, 29.322283824040419 ], [ -112.228632465352931, 29.299083239235117 ], [ -112.233869239755947, 29.309832943107519 ], [ -112.240077626075617, 29.318117180513671 ], [ -112.25508474935188, 29.32811052569301 ], [ -112.25791814042978, 29.328130175599867 ], [ -112.264810234018739, 29.331473777670013 ], [ -112.287782466559818, 29.332659664629858 ], [ -112.289029353419011, 29.333904021146438 ], [ -112.273236963912183, 29.338741511307482 ], [ -112.275736880657306, 29.340612523232679 ], [ -112.290551765959549, 29.33906423015371 ], [ -112.298453895007498, 29.33602673906012 ], [ -112.302207435310024, 29.338523531848772 ], [ -112.304750741183852, 29.33606826165671 ], [ -112.307273552267304, 29.335672813905273 ], [ -112.313245396820051, 29.336741804874542 ], [ -112.322652579466791, 29.340716660629965 ], [ -112.321433332175516, 29.33658883059363 ], [ -112.317976111150514, 29.335948504965543 ], [ -112.321477526713011, 29.332057135678053 ], [ -112.325578298980673, 29.331259513645573 ], [ -112.335068646153744, 29.326582109736826 ], [ -112.341994475890587, 29.326625887230474 ], [ -112.342655565679351, 29.323334083242582 ], [ -112.345858465335084, 29.317586261216498 ], [ -112.34705297469182, 29.324391663016367 ], [ -112.362150002178808, 29.325927257517119 ], [ -112.355249494890003, 29.32320672311721 ], [ -112.3527641994948, 29.319689348678331 ], [ -112.363760599254093, 29.322023216886755 ], [ -112.391340971235152, 29.33557913068412 ], [ -112.401052748669542, 29.340992099443952 ], [ -112.408248444109077, 29.346183778391723 ], [ -112.41131488414095, 29.355471121923483 ], [ -112.413426219901737, 29.365988822630349 ], [ -112.415581637739393, 29.371562935753676 ], [ -112.420543034646798, 29.380448826523278 ], [ -112.418633308039816, 29.382703846027734 ], [ -112.415740423417645, 29.389279013752034 ], [ -112.391418774406873, 29.431365946797243 ], [ -112.377592550061422, 29.461358601516146 ], [ -112.377147080064219, 29.475569295205094 ], [ -112.378342187569217, 29.482786089615395 ], [ -112.380492817756803, 29.488978593482614 ], [ -112.389243252820478, 29.497681860998647 ], [ -112.39489337154275, 29.500598775498474 ], [ -112.414702038130329, 29.507304395119579 ], [ -112.42159871518956, 29.512081068074647 ], [ -112.427211294102847, 29.519528000018376 ], [ -112.430272920612921, 29.530256261434573 ], [ -112.429553212488344, 29.540551487403096 ], [ -112.431681725315855, 29.549832577657924 ], [ -112.436045745010574, 29.556036169471167 ], [ -112.444165258010514, 29.565967748560791 ], [ -112.460151705938429, 29.578824503692708 ], [ -112.467035057618389, 29.586070181062126 ], [ -112.479263275793599, 29.596020868763446 ], [ -112.482693618298683, 29.601187981485534 ], [ -112.499611501803471, 29.617339896002171 ], [ -112.507461989488903, 29.622734265277316 ], [ -112.508979422676163, 29.630568809172875 ], [ -112.510859403539641, 29.63243182397364 ], [ -112.512394887349743, 29.638000668448367 ], [ -112.515842744921869, 29.641313084132971 ], [ -112.519274966501698, 29.646685062645393 ], [ -112.522650734201889, 29.659471700646694 ], [ -112.525444425241346, 29.665870259683611 ], [ -112.525738271754705, 29.668755282729467 ], [ -112.537977748743074, 29.679317769272487 ], [ -112.541091986908228, 29.685305476365485 ], [ -112.551431886378992, 29.696887542805069 ], [ -112.558390076683452, 29.695889346814248 ], [ -112.571911916614482, 29.704806428476275 ], [ -112.578819304221227, 29.711015768686789 ], [ -112.584067918284759, 29.728545690482424 ], [ -112.585256957926092, 29.739261033317092 ], [ -112.592776928900534, 29.748767549620602 ], [ -112.595584850772298, 29.754134500813255 ], [ -112.602159921675224, 29.763430428286508 ], [ -112.606826627182386, 29.774571771594754 ], [ -112.607084180934237, 29.783223258674571 ], [ -112.617754142154084, 29.795418490811244 ], [ -112.622767715948385, 29.802441274570143 ], [ -112.628122596437635, 29.805757902709036 ], [ -112.632822471626056, 29.81257304466175 ], [ -112.643200866820834, 29.821881356890973 ], [ -112.646337870767439, 29.826012488030845 ], [ -112.650710594114514, 29.834885208993153 ], [ -112.6499919179589, 29.848475657320677 ], [ -112.655520948675729, 29.875064672600555 ], [ -112.65896135748045, 29.88166796615786 ], [ -112.66574151219227, 29.890578976785935 ], [ -112.674202183320048, 29.897186243847489 ], [ -112.686546707543997, 29.902331815653689 ], [ -112.691264260389005, 29.902495462247586 ], [ -112.701861828848365, 29.908400077835882 ], [ -112.72213639002841, 29.904540026401357 ], [ -112.729103312612878, 29.904150212784618 ], [ -112.734471586069915, 29.9066383495901 ], [ -112.741710860707329, 29.914486583677228 ], [ -112.740393422995581, 29.923956115462229 ], [ -112.736514573566666, 29.938566444570764 ], [ -112.736146578895074, 29.948038845053919 ], [ -112.738960389089101, 29.954843669224992 ], [ -112.737941367679028, 29.967609190206005 ], [ -112.734426711605494, 29.97315896027191 ], [ -112.73313605335639, 29.977479845757813 ], [ -112.732466619092321, 29.984068038415995 ], [ -112.734312951231374, 29.994165029460209 ], [ -112.740272674799684, 30.005510096639828 ], [ -112.741166231721422, 30.016221868120628 ], [ -112.746434544620655, 30.038891303601996 ], [ -112.755223113776793, 30.055804172489744 ], [ -112.757095721163637, 30.061575899404218 ], [ -112.757566940196625, 30.093292067557407 ], [ -112.75270494203194, 30.113460266155172 ], [ -112.752851541124741, 30.120749859331678 ], [ -112.754174954144702, 30.128521086669465 ], [ -112.752355396836563, 30.14143694116445 ], [ -112.751671297095882, 30.153106336295377 ], [ -112.75217280441106, 30.170892776525864 ], [ -112.75350769440827, 30.180235908298652 ], [ -112.759227001694342, 30.198328342315197 ], [ -112.766573100416309, 30.212192913121825 ], [ -112.773899881949035, 30.222995788762123 ], [ -112.80185809623211, 30.253550784984753 ], [ -112.806209864275189, 30.256920557772276 ], [ -112.820021906325991, 30.265866650005677 ], [ -112.834573528127166, 30.271332335526953 ], [ -112.846539133738105, 30.271432796514642 ], [ -112.853406388935952, 30.27065038390797 ], [ -112.85335578087296, 30.264197383215237 ], [ -112.852194159932964, 30.262135438363405 ], [ -112.852696102295567, 30.261222588437633 ], [ -112.858449840321953, 30.264582794684557 ], [ -112.859242223089296, 30.268218685707954 ], [ -112.8643417661944, 30.269265700691687 ], [ -112.864091819773535, 30.269846241743359 ], [ -112.861163798377618, 30.269779907698588 ], [ -112.859270994212011, 30.271858828179823 ], [ -112.859537329951152, 30.273346556900773 ], [ -112.85522927709242, 30.275852546231143 ], [ -112.853473263529509, 30.2791716443563 ], [ -112.850869472016598, 30.288038594155733 ], [ -112.848691804750942, 30.302611807867006 ], [ -112.847814778153207, 30.304436784741355 ], [ -112.84923409691288, 30.306828257342744 ], [ -112.847670653528525, 30.318585095088711 ], [ -112.847934587857623, 30.336040479663197 ], [ -112.849282235985143, 30.361680438747999 ], [ -112.855240089575062, 30.390024772065761 ], [ -112.860825598300352, 30.403230657361419 ], [ -112.867560563050347, 30.416512418543359 ], [ -112.867469333618416, 30.418108232762805 ], [ -112.894210666894793, 30.452146691692242 ], [ -112.897930928068519, 30.455756329918287 ], [ -112.903983255170189, 30.464228883089621 ], [ -112.92233478379498, 30.482028249751291 ], [ -112.930816359353855, 30.491305515011526 ], [ -112.938638835951295, 30.49785678183083 ], [ -112.944049822216343, 30.505091484159976 ], [ -112.955342879640284, 30.515086433980866 ], [ -112.959310355044266, 30.517367614596346 ], [ -112.972976290378128, 30.522042153282584 ], [ -112.98470499309191, 30.523671033155868 ], [ -112.994149440689256, 30.539473201388969 ], [ -113.008683655190097, 30.567640655017794 ], [ -113.029074852994384, 30.594507822394132 ], [ -113.048082492766625, 30.622047067152412 ], [ -113.056906806102234, 30.637518846457816 ], [ -113.067465664896986, 30.647841287161839 ], [ -113.07877754572138, 30.668996827832018 ], [ -113.088715495259166, 30.692399715707225 ], [ -113.093461242064862, 30.706916910722743 ], [ -113.095756599011864, 30.718810757507363 ], [ -113.097057828777139, 30.721197404953099 ], [ -113.099573965195361, 30.741695839680531 ], [ -113.100749816625481, 30.744249240592243 ], [ -113.101844437486861, 30.751106947034888 ], [ -113.100990390461618, 30.75475717937109 ], [ -113.114384138998446, 30.789293920402486 ], [ -113.118049928825798, 30.797614141084768 ], [ -113.122599146108286, 30.80493184016175 ], [ -113.124967563782732, 30.811279258347543 ], [ -113.125121755176309, 30.813677608969993 ], [ -113.124133195026388, 30.816667307015056 ], [ -113.117578932189645, 30.824515438697482 ], [ -113.11083506039985, 30.838489336609864 ], [ -113.100367577300915, 30.886266795917116 ], [ -113.096960570452083, 30.917318127672626 ], [ -113.097205603130377, 30.920130410947284 ], [ -113.095786420354941, 30.92351756470752 ], [ -113.096499328417238, 30.937825822302155 ], [ -113.094804364083402, 30.946422198656361 ], [ -113.094651371632821, 30.953037558410163 ], [ -113.096264318829427, 30.96619016143551 ], [ -113.095226378651518, 30.970074407569516 ], [ -113.092844218613109, 30.957416116414766 ], [ -113.092902260065401, 30.942200068381354 ], [ -113.092003654843339, 30.943107550082267 ], [ -113.091083785395114, 30.949555659108373 ], [ -113.090651624469373, 30.962207199840879 ], [ -113.099242142601554, 30.990840666605223 ], [ -113.101910536542292, 30.99580866363916 ], [ -113.109045290356377, 31.004177322787303 ], [ -113.113732574595033, 31.017419091114135 ], [ -113.11945961859972, 31.026528136833214 ], [ -113.125553967615161, 31.040847384157367 ], [ -113.130747712274783, 31.057066317688072 ], [ -113.128933323812262, 31.063595354253636 ], [ -113.125855420826397, 31.065077387513618 ], [ -113.123165789355468, 31.065319768445562 ], [ -113.121248361933581, 31.064406034732396 ], [ -113.117942760851818, 31.057700662194314 ], [ -113.116946910544286, 31.049594438608192 ], [ -113.115292591436202, 31.046779196192286 ], [ -113.10776274306204, 31.040394898143067 ], [ -113.110205200545806, 31.037506078610942 ], [ -113.106494962759726, 31.037001527471823 ], [ -113.104711380799543, 31.034681995982432 ], [ -113.10113413690614, 31.032854462886711 ], [ -113.100933006027631, 31.017968818771902 ], [ -113.096892171775764, 31.003404899520383 ], [ -113.095751429520334, 31.000507839531064 ], [ -113.092314585025562, 30.995785952945425 ], [ -113.091438777989723, 30.990573983270963 ], [ -113.089781256319412, 30.989081438821376 ], [ -113.088088229342716, 30.996850776079629 ], [ -113.089479227009647, 31.001154360752011 ], [ -113.087559921994654, 31.00114969561 ], [ -113.086029259817749, 30.999905509478562 ], [ -113.081168688965747, 30.999480024008975 ], [ -113.079501095530858, 31.000550919545869 ], [ -113.078982783881813, 31.002203554739424 ], [ -113.079616076330453, 31.003859070508703 ], [ -113.085481709488917, 31.00916615420083 ], [ -113.090572631276771, 31.015539984851529 ], [ -112.96347756357234, 31.08453747220852 ], [ -112.911778903966436, 31.166928208855058 ], [ -112.77752490094143, 31.206521708360189 ], [ -112.776453388950983, 31.212539730637918 ], [ -112.773967134416822, 31.21889814777261 ], [ -112.765944973219433, 31.227275516630421 ], [ -112.762201057846681, 31.230021294514749 ], [ -112.750392393272804, 31.246330130038004 ], [ -112.734875599175268, 31.260031687677376 ], [ -112.727514871849891, 31.26510885897908 ], [ -112.716901082494417, 31.275313893295667 ], [ -112.712249286671849, 31.278723621163081 ], [ -112.701884584769232, 31.289501912952172 ], [ -112.698395346904775, 31.291997096912908 ], [ -112.685105829465513, 31.298761483899995 ], [ -112.679928737757109, 31.303244085018868 ], [ -112.675156150687201, 31.305418526250111 ], [ -112.669981019128329, 31.309571432781812 ], [ -112.664950848984773, 31.311747328216601 ], [ -112.65259432799354, 31.314056361379578 ], [ -112.646295588002246, 31.314264527725314 ], [ -112.637141016314246, 31.317702563565131 ], [ -112.619583899288443, 31.326465195655398 ], [ -112.614441004474983, 31.32666409653411 ], [ -112.606870982252218, 31.325232267048847 ], [ -112.601213966514692, 31.325434018496811 ], [ -112.59061417797048, 31.33192431616504 ], [ -112.581987757959581, 31.333461589446493 ], [ -112.57800515395553, 31.333239990881278 ], [ -112.561661061791185, 31.375329475672949 ], [ -112.554027851527636, 31.380069510070459 ], [ -112.537776428295459, 31.384861607372532 ], [ -112.532714532112095, 31.389502483952 ], [ -112.527951834011319, 31.402785709655792 ], [ -112.525065688087565, 31.408401185951803 ], [ -112.516893379909149, 31.415118167333532 ], [ -112.516011756019651, 31.425990526207016 ], [ -112.498428181817545, 31.446757172021844 ], [ -112.505819258110904, 31.453959086406684 ], [ -112.512404985361158, 31.464540663156665 ], [ -112.514446367513784, 31.466339820914666 ], [ -112.521128006064515, 31.467535128776657 ], [ -112.517469670054624, 31.472908057567327 ], [ -112.516253811993636, 31.478595767065734 ], [ -112.518405934717222, 31.495048234212941 ], [ -112.520168298376959, 31.499071728488566 ], [ -112.523393195532066, 31.511401354861036 ], [ -112.523513622474383, 31.525149007497316 ], [ -112.5209637640951, 31.548297686998378 ], [ -112.521448714148718, 31.551340824186177 ], [ -112.523750743497502, 31.553055873817886 ], [ -112.525771423063645, 31.557159998137493 ], [ -112.522371916680299, 31.562119897028889 ], [ -112.523489035077731, 31.566394105629687 ], [ -112.522946489552808, 31.56911408276013 ], [ -112.519694234525531, 31.57217955874092 ], [ -112.519126022727363, 31.577451748542277 ], [ -112.521027225282353, 31.580651063926897 ], [ -112.52187608238566, 31.585997097790671 ], [ -112.520924522482218, 31.590942280742819 ], [ -112.523223223314545, 31.599968151190605 ], [ -112.477902713245257, 31.619320338686251 ], [ -112.411566898107864, 31.623437798668057 ], [ -112.408147635825969, 31.61106775688625 ], [ -112.339993532488819, 31.642134469539819 ], [ -112.319831705607967, 31.638038289606527 ], [ -112.310417594055238, 31.641104142651425 ], [ -112.312885472050823, 31.64464907894466 ], [ -112.312150320795126, 31.654469518181759 ], [ -112.314871233798343, 31.656611282862713 ], [ -112.318029258264218, 31.670799737371624 ], [ -112.324965730401317, 31.692326555593471 ], [ -112.333448570884514, 31.712035171319553 ], [ -112.334776104029473, 31.720202145034058 ], [ -112.325086800204687, 31.72112426947977 ], [ -112.319019893625637, 31.722948286379271 ], [ -112.315150983362102, 31.725016559657568 ] ] ] } },
{ "type": "Feature", "properties": { "ID": 523.0, "ENTIDAD": 26, "DISTRITO_L": 4, "TIPO": 0, "CONTROL": 0.0, "GEOMETRY1_": null }, "geometry": { "type": "Polygon", "coordinates": [ [ [ -111.227033551400424, 31.380726722559807 ], [ -111.076941644183265, 31.332699964381121 ], [ -110.967290109762004, 31.332843519291 ], [ -110.967291074449832, 31.330559930391811 ], [ -110.970217666471171, 31.330669874418192 ], [ -110.969096607179097, 31.325607394207577 ], [ -110.966432522859378, 31.325905238253075 ], [ -110.966070274661178, 31.323063852396686 ], [ -110.962905590185926, 31.317504389690491 ], [ -110.96077233902183, 31.316443229998622 ], [ -110.968729540891317, 31.316550909105381 ], [ -110.968115552217171, 31.308519639118934 ], [ -110.968626320240233, 31.307190562228953 ], [ -110.963937007538163, 31.307233333375418 ], [ -110.958745078886707, 31.30854589490049 ], [ -110.956167110570917, 31.306444399505615 ], [ -110.954838950461678, 31.304426386445162 ], [ -110.953450575473525, 31.296533900240945 ], [ -110.95265291072478, 31.296860916513491 ], [ -110.942333624167873, 31.288997440127851 ], [ -110.942193150618351, 31.28139251079342 ], [ -110.9401162016635, 31.280155661489964 ], [ -110.937074897999366, 31.280289476910788 ], [ -110.936143236999371, 31.279513040910874 ], [ -110.937209534999397, 31.272520207910471 ], [ -110.94358186913307, 31.268395683774642 ], [ -110.939815535137754, 31.264660851430371 ], [ -110.938500824417474, 31.266458643604793 ], [ -110.932229070570102, 31.26342948698403 ], [ -110.916393563225171, 31.258418814413652 ], [ -110.902590455714332, 31.280526857436367 ], [ -110.898891186205873, 31.298739877198965 ], [ -110.904757335838354, 31.298370665734708 ], [ -110.905899248506657, 31.305584584528592 ], [ -110.915865438294034, 31.305655341141378 ], [ -110.915722142987931, 31.306236774839494 ], [ -110.913212098003314, 31.306016698889191 ], [ -110.916272662456635, 31.312881958126205 ], [ -110.916268561971066, 31.317516863040584 ], [ -110.924467874852894, 31.317368645048063 ], [ -110.918932916997619, 31.326693702527955 ], [ -110.918734436430412, 31.332877015332596 ], [ -110.722986991576931, 31.333341525429542 ], [ -110.3320234315904, 31.332221648227826 ], [ -110.336120117258318, 31.326173615270466 ], [ -110.338664042672221, 31.31656843549445 ], [ -110.337616795319931, 31.309699799271915 ], [ -110.337975155513476, 31.299932124322154 ], [ -110.342327711308144, 31.294131792698998 ], [ -110.343599907455214, 31.289660206259562 ], [ -110.340486712736421, 31.279152559068368 ], [ -110.341627509699165, 31.27368789244402 ], [ -110.34046156006562, 31.270213107460538 ], [ -110.340836436079897, 31.266487776503855 ], [ -110.345819721993095, 31.257292651667722 ], [ -110.343469813127399, 31.243969602829846 ], [ -110.344214789982203, 31.235028965024526 ], [ -110.342528510172684, 31.229071741708751 ], [ -110.345350751857396, 31.228157070907642 ], [ -110.347399663636793, 31.22625021558466 ], [ -110.34571666383863, 31.221451853513912 ], [ -110.343269418272101, 31.218723939963873 ], [ -110.343002732594485, 31.215247831849581 ], [ -110.344407840319676, 31.212762544013579 ], [ -110.348384029062785, 31.211514987185677 ], [ -110.363158522663426, 31.215051094780531 ], [ -110.368164209820492, 31.214628988415498 ], [ -110.370340754474086, 31.212721539624802 ], [ -110.373148874670832, 31.207584779307894 ], [ -110.379425815122545, 31.203435204364428 ], [ -110.378781834313614, 31.202774136646777 ], [ -110.374162443081133, 31.203361554633325 ], [ -110.370181466079757, 31.202871667044828 ], [ -110.36927408634665, 31.200058862150623 ], [ -110.371674601397771, 31.187886967751233 ], [ -110.373857297478139, 31.18813157052185 ], [ -110.380541874644635, 31.191348156384393 ], [ -110.384407145520171, 31.195811108968176 ], [ -110.386201971638911, 31.195145679301469 ], [ -110.386196494969496, 31.193490195782772 ], [ -110.381946454360659, 31.189110754078268 ], [ -110.382450378304398, 31.18621274338863 ], [ -110.378469535892805, 31.185557571447369 ], [ -110.375763708502063, 31.182251289991115 ], [ -110.35161388458063, 31.174841080624187 ], [ -110.351094721210814, 31.172855293080016 ], [ -110.354001673151657, 31.157868580964628 ], [ -110.355529217883245, 31.153810219802828 ], [ -110.366550265000484, 31.149653627369702 ], [ -110.37512755051921, 31.143844821710385 ], [ -110.384873078987908, 31.142503187242049 ], [ -110.394223639087286, 31.138264412037788 ], [ -110.402171000666243, 31.13651094406471 ], [ -110.433548473823478, 31.123119259654782 ], [ -110.462672572941059, 31.094080423410738 ], [ -110.46534221240961, 31.08852788508846 ], [ -110.496244590146091, 31.060387226778364 ], [ -110.502875932040141, 31.052919260528846 ], [ -110.504911478603489, 31.049602559134428 ], [ -110.508442437102076, 31.037093302948122 ], [ -110.512922554116869, 31.036004652652032 ], [ -110.514589987810211, 31.036331061127004 ], [ -110.525438765219903, 31.027194296530755 ], [ -110.531201157464565, 31.026432373667497 ], [ -110.533626394906761, 31.024521268809139 ], [ -110.538741802787428, 31.022519249919206 ], [ -110.541561423742337, 31.022676270095065 ], [ -110.544654242199229, 31.026226321489002 ], [ -110.547197789468441, 31.022410683222155 ], [ -110.553499998802735, 31.027109497942849 ], [ -110.554409575279948, 31.029590011730381 ], [ -110.551351876390498, 31.033076275862207 ], [ -110.551871987301695, 31.03456467256682 ], [ -110.555070512457462, 31.033561318067619 ], [ -110.557893036088387, 31.03421464930997 ], [ -110.563907171167003, 31.032539905024841 ], [ -110.562228066986023, 31.029979140078446 ], [ -110.561947400283671, 31.025261639453316 ], [ -110.563627703849633, 31.028070741709467 ], [ -110.565684329831896, 31.029305809742809 ], [ -110.566825459444544, 31.026984314089436 ], [ -110.56824706191108, 31.029297520174424 ], [ -110.567872178494227, 31.031119872673234 ], [ -110.570686012140882, 31.030117373517008 ], [ -110.576836623513515, 31.03009715518337 ], [ -110.578618609110563, 31.027856207700555 ], [ -110.580030752808071, 31.028348179001977 ], [ -110.58027237915519, 31.02561566188103 ], [ -110.578846112452609, 31.022474807960133 ], [ -110.579740345364272, 31.021975154188326 ], [ -110.581926961842157, 31.023540648771814 ], [ -110.583331023726458, 31.02254258527622 ], [ -110.585872042027418, 31.018560612119934 ], [ -110.588811186241472, 31.017143388404183 ], [ -110.591097867632215, 31.013576067546907 ], [ -110.592506686414168, 31.013488457138006 ], [ -110.593001409221202, 31.010258358664917 ], [ -110.597720415919028, 31.006434185759609 ], [ -110.61814130703759, 31.037652270685946 ], [ -110.619390791068909, 31.032101507453039 ], [ -110.62623494590305, 31.041099372249096 ], [ -110.635740379432178, 31.04478900096079 ], [ -110.645724181144843, 31.042681529976647 ], [ -110.67807154813525, 31.050748361254076 ], [ -110.679747770872353, 31.052314305871384 ], [ -110.684873426340403, 31.052127599323551 ], [ -110.699661406996981, 31.059432861598747 ], [ -110.703499034146432, 31.058257539549238 ], [ -110.710043800190547, 31.059388221272201 ], [ -110.718749738441545, 31.057860103517182 ], [ -110.72605802890206, 31.058158805643611 ], [ -110.738542895201618, 31.05395369911853 ], [ -110.740906514197292, 31.050355935725417 ], [ -110.744491041222901, 31.047543771496553 ], [ -110.757178922765974, 31.046212935319765 ], [ -110.767019238004224, 31.030750482027031 ], [ -110.771119457615129, 31.030251273013711 ], [ -110.774074618761816, 31.033967921389298 ], [ -110.785111648151926, 31.04090043930028 ], [ -110.79305184158072, 31.037834824853817 ], [ -110.805611544323028, 31.037325814463724 ], [ -110.818310892623856, 31.041526314178075 ], [ -110.826121491892394, 31.038293519591065 ], [ -110.833945022032339, 31.040184372847278 ], [ -110.838687066215542, 31.040012763530299 ], [ -110.846885479480477, 31.038265838369316 ], [ -110.85161788226516, 31.034705217908975 ], [ -110.865877310724215, 31.045758518734413 ], [ -110.874969708540092, 31.042933994751621 ], [ -110.883158893462451, 31.038374760243812 ], [ -110.893547886424798, 31.040505575344284 ], [ -110.897772245590446, 31.038845054335113 ], [ -110.905077584876963, 31.038666345031739 ], [ -110.926760282475669, 31.044574733478839 ], [ -110.970948588684493, 31.036047280479437 ], [ -110.988777515010014, 31.039144327787909 ], [ -111.036005099608218, 31.024553577148929 ], [ -111.040269359790216, 31.031896917032711 ], [ -111.041338249337016, 31.040985088893677 ], [ -111.044315012763192, 31.046927016915763 ], [ -111.0690620866676, 31.048339470736913 ], [ -111.070227974346992, 31.050732601260755 ], [ -111.073577430044836, 31.053945296326741 ], [ -111.083345210159138, 31.058707541257238 ], [ -111.086959637301163, 31.063406686427175 ], [ -111.089167587238819, 31.068771545078935 ], [ -111.113582655546722, 31.078523972238482 ], [ -111.133216447373968, 31.081098881985397 ], [ -111.133878559206551, 31.084732969882488 ], [ -111.138004136464716, 31.088519686433497 ], [ -111.148392976818357, 31.088729093656827 ], [ -111.150817736996643, 31.086736437872325 ], [ -111.15568082380544, 31.085065068601978 ], [ -111.164532014119885, 31.085526961451396 ], [ -111.174599628624648, 31.075321897858078 ], [ -111.181749459688945, 31.070417220139774 ], [ -111.188525451708557, 31.067331913141416 ], [ -111.192979581574249, 31.062106933951636 ], [ -111.193351525793801, 31.06012186063132 ], [ -111.199858286590626, 31.055218801391977 ], [ -111.204772121226057, 31.061727508006609 ], [ -111.211737463093343, 31.068144689108586 ], [ -111.215084616787934, 31.0701966456405 ], [ -111.224580202989031, 31.071312848966929 ], [ -111.237188511893251, 31.096299727791088 ], [ -111.240540043649702, 31.098764231401805 ], [ -111.244781516976644, 31.100067584343524 ], [ -111.253362953119392, 31.106070694888313 ], [ -111.254395680734945, 31.107723668688877 ], [ -111.254540509396762, 31.112608395534931 ], [ -111.258418561307835, 31.120214527023812 ], [ -111.26192564724056, 31.131795982480952 ], [ -111.269648056577722, 31.136492287785867 ], [ -111.270812473221014, 31.138889909193633 ], [ -111.270177294496534, 31.140879012445041 ], [ -111.264669827062093, 31.1453667783212 ], [ -111.261355526608796, 31.152745754751386 ], [ -111.263163388071135, 31.155472718330536 ], [ -111.263818323902541, 31.159113894640186 ], [ -111.266148352723633, 31.164157605460652 ], [ -111.267180488441113, 31.165396469419118 ], [ -111.270138043304996, 31.166132690892244 ], [ -111.276814009571297, 31.164787432545111 ], [ -111.297897959581178, 31.168446391735323 ], [ -111.299318538215488, 31.17034611584544 ], [ -111.300372860959001, 31.177214916739082 ], [ -111.29964394912561, 31.188146653586536 ], [ -111.297729995115901, 31.191713217122402 ], [ -111.288247097814974, 31.198947182329515 ], [ -111.277855255121835, 31.204030524247887 ], [ -111.268877629168713, 31.209522732397502 ], [ -111.269009668107827, 31.210515905714953 ], [ -111.273510195982794, 31.210998955222973 ], [ -111.272749313643644, 31.213899211478498 ], [ -111.275973853357826, 31.216952807434556 ], [ -111.300189664765654, 31.229709345260463 ], [ -111.292485358545349, 31.232218293441687 ], [ -111.273340415863146, 31.23542478336973 ], [ -111.265248916823765, 31.237850491185018 ], [ -111.263582646161467, 31.239345844443264 ], [ -111.262569816939532, 31.243902731507948 ], [ -111.25936437633051, 31.246561778942151 ], [ -111.256036914791068, 31.251208377444321 ], [ -111.226808112624823, 31.28043545932896 ], [ -111.226182320274873, 31.286067347257486 ], [ -111.222597337750884, 31.291624382876595 ], [ -111.220176826393569, 31.299496535922458 ], [ -111.218150617911405, 31.310265476788821 ], [ -111.217428179429788, 31.326826691097299 ], [ -111.222849005560178, 31.331945661886774 ], [ -111.224654636324061, 31.333182757740051 ], [ -111.226843094908546, 31.333342438807332 ], [ -111.232246004895188, 31.332499721068881 ], [ -111.235727024996223, 31.334394409809985 ], [ -111.238688022413115, 31.334634535856146 ], [ -111.245233698698655, 31.329068674138547 ], [ -111.25590877310799, 31.327050662489782 ], [ -111.270983952788256, 31.33205608926967 ], [ -111.272921879456604, 31.334120062896389 ], [ -111.273709858970662, 31.338505784068499 ], [ -111.273345126436681, 31.344468283131214 ], [ -111.271683035475164, 31.347619629803866 ], [ -111.26564850095383, 31.352026140823764 ], [ -111.258442575964594, 31.352875607371594 ], [ -111.251884904246651, 31.355130319854208 ], [ -111.247021869306892, 31.363837932282461 ], [ -111.239449243577411, 31.371062665655689 ], [ -111.236365768528344, 31.37314118506713 ], [ -111.232249464039938, 31.374394519477164 ], [ -111.230585998828815, 31.377710918902466 ], [ -111.227033551400424, 31.380726722559807 ] ] ] } },
{ "type": "Feature", "properties": { "ID": 524.0, "ENTIDAD": 26, "DISTRITO_L": 5, "TIPO": 0, "CONTROL": 0.0, "GEOMETRY1_": null }, "geometry": { "type": "Polygon", "coordinates": [ [ [ -110.967290109762004, 31.332843519291 ], [ -110.918734436430412, 31.332877015332596 ], [ -110.918932916997619, 31.326693702527955 ], [ -110.924467874852979, 31.317368645048045 ], [ -110.916268561971066, 31.317516863040584 ], [ -110.916272662456635, 31.312881958126205 ], [ -110.913212098003314, 31.306016698889191 ], [ -110.915722142987931, 31.306236774839494 ], [ -110.915865438294034, 31.305655341141378 ], [ -110.905899248506657, 31.305584584528592 ], [ -110.904757335838354, 31.298370665734708 ], [ -110.898891186205887, 31.298739877201822 ], [ -110.902590455714332, 31.280526857436367 ], [ -110.916393563225171, 31.258418814413652 ], [ -110.932229070570102, 31.26342948698403 ], [ -110.938500824417474, 31.266458643604793 ], [ -110.939945899842456, 31.26473402539694 ], [ -110.943581869266822, 31.268395683638918 ], [ -110.937209534704053, 31.272520207549302 ], [ -110.936143236622598, 31.279513040783886 ], [ -110.937074897968088, 31.280289476412097 ], [ -110.9401162016635, 31.280155661489964 ], [ -110.942337831631647, 31.281590012817595 ], [ -110.941940353364714, 31.287588495994029 ], [ -110.942622314059832, 31.289467097873072 ], [ -110.95265291072478, 31.296860916513491 ], [ -110.953450575473525, 31.296533900240945 ], [ -110.955121067716448, 31.305277982700098 ], [ -110.958745078886707, 31.30854589490049 ], [ -110.963937007538163, 31.307233333375418 ], [ -110.968626320240233, 31.307190562228953 ], [ -110.968115552217171, 31.308519639118934 ], [ -110.968729540891317, 31.316550909105381 ], [ -110.96077233902183, 31.316443229998622 ], [ -110.962905590185926, 31.317504389690491 ], [ -110.966070274661178, 31.323063852396686 ], [ -110.966432522859378, 31.325905238253075 ], [ -110.969096607179097, 31.325607394207577 ], [ -110.970217666471171, 31.330669874418255 ], [ -110.967291074449832, 31.330559930391811 ], [ -110.967290109762004, 31.332843519291 ] ] ] } },
{ "type": "Feature", "properties": { "ID": 525.0, "ENTIDAD": 26, "DISTRITO_L": 6, "TIPO": 0, "CONTROL": 0.0, "GEOMETRY1_": null }, "geometry": { "type": "Polygon", "coordinates": [ [ [ -111.001907248272289, 29.135451862003396 ], [ -110.999909196456798, 29.130004604369098 ], [ -110.999150824097939, 29.130890266934045 ], [ -110.993837196145321, 29.132433225650491 ], [ -110.988444450667771, 29.133210559167857 ], [ -110.985249093914632, 29.133149482237688 ], [ -110.985029798737216, 29.131743245753405 ], [ -110.973857119999408, 29.132687190714165 ], [ -110.966690179547257, 29.088859595495791 ], [ -110.965882991853974, 29.080146049181735 ], [ -110.984186432498007, 29.085332054039647 ], [ -110.995555692196817, 29.085195227966828 ], [ -111.005877241007425, 29.082572545826007 ], [ -111.006715555305689, 29.088296572084776 ], [ -111.022223159639154, 29.087618879374276 ], [ -111.023576694173371, 29.115384327793901 ], [ -111.023319266402865, 29.13077233782764 ], [ -111.011083216093752, 29.133709727142602 ], [ -111.008391030498061, 29.13248235084621 ], [ -111.008436934214501, 29.134409904927058 ], [ -111.001907248272289, 29.135451862003396 ] ] ] } },
{ "type": "Feature", "properties": { "ID": 526.0, "ENTIDAD": 26, "DISTRITO_L": 7, "TIPO": 0, "CONTROL": 0.0, "GEOMETRY1_": null }, "geometry": { "type": "Polygon", "coordinates": [ [ [ -110.196402241679593, 31.333274137543054 ], [ -109.331157403177116, 31.333537649662517 ], [ -108.826623197096026, 31.332120407008244 ], [ -108.808699632165727, 31.332880880644161 ], [ -108.807545398600269, 31.328226815759937 ], [ -108.800296733539128, 31.324396959211388 ], [ -108.793699457507401, 31.326138870528091 ], [ -108.784517564955479, 31.326143933872711 ], [ -108.776757249422744, 31.328661220223758 ], [ -108.752411860671941, 31.32132304038106 ], [ -108.743255096098125, 31.317403227506347 ], [ -108.752524425103871, 31.284162341032228 ], [ -108.810737077804376, 31.247669953417578 ], [ -108.801334160573532, 31.196099733789847 ], [ -108.807331072683638, 31.19708453147992 ], [ -108.815340189838864, 31.200241746127485 ], [ -108.824556498690441, 31.19994506015323 ], [ -108.832401160471335, 31.197400724760698 ], [ -108.843496814563636, 31.19960376900984 ], [ -108.856327080036451, 31.20546109031352 ], [ -108.859224195648082, 31.208387323108269 ], [ -108.864426815082609, 31.211176631860027 ], [ -108.867944805006772, 31.215349102387243 ], [ -108.899497839230136, 31.227293879277362 ], [ -108.91318900534921, 31.235964060600253 ], [ -108.923867987357312, 31.240798225271917 ], [ -108.929112525584088, 31.241025274601164 ], [ -108.931725111045139, 31.246093914776043 ], [ -108.936530938138503, 31.250031997231531 ], [ -108.939394029387728, 31.255516375249933 ], [ -108.947804150202543, 31.258174767246167 ], [ -108.94985944054163, 31.257703135945135 ], [ -108.94949849733085, 31.256129753011926 ], [ -108.95043328595608, 31.253497770823923 ], [ -108.947906193939303, 31.251238494293521 ], [ -108.946568794790366, 31.246432774724667 ], [ -108.946109890589042, 31.233957224727384 ], [ -108.94133253260479, 31.228284748166516 ], [ -108.939967672082929, 31.225378190534535 ], [ -108.941934412515621, 31.213508338093824 ], [ -108.921267585929698, 31.209301283955298 ], [ -108.943236758936209, 31.177184207615998 ], [ -108.939291614913117, 31.175816771651135 ], [ -108.938688699179849, 31.17333204644552 ], [ -108.934495344940061, 31.171466034294646 ], [ -108.934014349470374, 31.169395665361193 ], [ -108.935826625556629, 31.167930272759257 ], [ -108.933769939327178, 31.159977604850319 ], [ -108.931256625306418, 31.156974920441712 ], [ -108.927058000911202, 31.155521574504256 ], [ -108.923420124270066, 31.150771137010846 ], [ -108.920627042859181, 31.149416745996096 ], [ -108.919891968593674, 31.147260740804054 ], [ -108.921750762462054, 31.142657690199055 ], [ -108.917180504564953, 31.140456354818049 ], [ -108.916074404531415, 31.137470045743449 ], [ -108.911104927160977, 31.136337435628214 ], [ -108.905566064594723, 31.130572864219022 ], [ -108.907883458839081, 31.126047918266799 ], [ -108.910099367622536, 31.123551824739195 ], [ -108.910376405692574, 31.119005064783899 ], [ -108.912927583248347, 31.118158912221698 ], [ -108.913500927428657, 31.111130973569672 ], [ -108.909963170808467, 31.109092764025934 ], [ -108.90861009824539, 31.101253465375262 ], [ -108.90984472085303, 31.096492702183586 ], [ -108.907871747954516, 31.090723912528315 ], [ -108.902736031931298, 31.088697778047539 ], [ -108.895392632882803, 31.089993510532864 ], [ -108.89055798679442, 31.085898796861386 ], [ -108.884783306372881, 31.083876745884922 ], [ -108.882514925911352, 31.080588593863332 ], [ -108.875783326593776, 31.078779878112758 ], [ -108.872914855137978, 31.079834186404167 ], [ -108.867122421375882, 31.075745605418586 ], [ -108.86126652176587, 31.064426812969263 ], [ -108.861255565384781, 31.063187399579029 ], [ -108.886462776780604, 31.05762864695425 ], [ -108.92171580167458, 30.990030538516582 ], [ -108.916190179422628, 30.97503864672564 ], [ -108.914296784273304, 30.972713235232401 ], [ -108.903591376839671, 30.968017170975497 ], [ -108.901722210385259, 30.963791655288102 ], [ -108.90011377321494, 30.948993390763121 ], [ -108.891137360803697, 30.93951622476105 ], [ -108.887630266003555, 30.933214331768987 ], [ -108.886906040774576, 30.919578407309906 ], [ -108.887876520182886, 30.913719359418039 ], [ -108.889705711067222, 30.910840065711138 ], [ -108.890248823029111, 30.888042447815216 ], [ -108.878858255510835, 30.887718633981642 ], [ -108.87589911387758, 30.88885531139497 ], [ -108.869955269434783, 30.893110981352795 ], [ -108.865473338990455, 30.893163106032009 ], [ -108.855901435596309, 30.890784336607684 ], [ -108.85362382577425, 30.888703317468703 ], [ -108.842162740818239, 30.883997366242287 ], [ -108.829148235175211, 30.88068381958929 ], [ -108.831413621173084, 30.873925740588085 ], [ -108.847211597716708, 30.761352952304001 ], [ -108.796792868841692, 30.758295577594584 ], [ -108.800564015985188, 30.751452822566069 ], [ -108.802108905897981, 30.745244589395835 ], [ -108.802679942707712, 30.736770223603983 ], [ -108.800071336616085, 30.72914331136683 ], [ -108.79398904575865, 30.725464556315291 ], [ -108.792341999701819, 30.718450901104958 ], [ -108.796035732394827, 30.701691988893753 ], [ -108.79692596408205, 30.693215494488992 ], [ -108.796142861095859, 30.674213266389511 ], [ -108.798330530446023, 30.668827304018521 ], [ -108.802765898924036, 30.665905764484979 ], [ -108.818316840858131, 30.659397929020908 ], [ -108.823056385392434, 30.654820950412194 ], [ -108.83320561069884, 30.650000540373604 ], [ -108.851635131416515, 30.64574197312113 ], [ -108.865248597572901, 30.636763318945867 ], [ -108.867760313324766, 30.632613789689422 ], [ -108.865768017290264, 30.622711437830237 ], [ -108.864140765421411, 30.618384440337334 ], [ -108.835402482028769, 30.606393696180461 ], [ -108.829046757159418, 30.607469659756671 ], [ -108.824237925566067, 30.602956793797443 ], [ -108.824189130082516, 30.596759147987974 ], [ -108.822260673037505, 30.594292844117188 ], [ -108.815874971458356, 30.591442901542482 ], [ -108.81106278976371, 30.586309647151083 ], [ -108.76450323013421, 30.571318662268709 ], [ -108.758451896879734, 30.570323055238372 ], [ -108.746382945418361, 30.57308284849379 ], [ -108.730139232035256, 30.570287869549606 ], [ -108.721520886697093, 30.565999876533507 ], [ -108.713892087634335, 30.566870950179613 ], [ -108.709137046551461, 30.56937795054024 ], [ -108.692911937122517, 30.569264147676588 ], [ -108.688128238691149, 30.567431527780247 ], [ -108.680781479524853, 30.562720271652026 ], [ -108.667403352108394, 30.559901200796066 ], [ -108.624067070778466, 30.547112481473977 ], [ -108.632278838470569, 30.53715193900922 ], [ -108.63888687133246, 30.525133046771465 ], [ -108.637590705886637, 30.521007166289206 ], [ -108.634380894298673, 30.5158580044323 ], [ -108.630228352973191, 30.512573268015096 ], [ -108.619075592074196, 30.508290694639541 ], [ -108.613645220943354, 30.503771982823832 ], [ -108.607587524316074, 30.500702564411082 ], [ -108.605028293062361, 30.497822284706277 ], [ -108.602453404011584, 30.492049093813694 ], [ -108.601140207720803, 30.484409923648197 ], [ -108.601389529708584, 30.471803783540082 ], [ -108.604529401535487, 30.464762743845267 ], [ -108.612105154806542, 30.455426770506502 ], [ -108.61782839218732, 30.456018234775403 ], [ -108.621634619069582, 30.454759364867364 ], [ -108.634995980941738, 30.457377828825482 ], [ -108.652761302824246, 30.452326432675292 ], [ -108.666084669711154, 30.444988766109443 ], [ -108.622988294534778, 30.370401564061375 ], [ -108.616585236897933, 30.367118394213186 ], [ -108.607575695993887, 30.36593262192148 ], [ -108.603610843718798, 30.366510506384625 ], [ -108.597932144176596, 30.369122046081976 ], [ -108.59293221544246, 30.370257159338301 ], [ -108.570321661668913, 30.36811379049999 ], [ -108.561372606725911, 30.364855707021491 ], [ -108.556242580804337, 30.361680074370412 ], [ -108.550406912054981, 30.360890590233204 ], [ -108.54209562617244, 30.3576451090997 ], [ -108.52769632124253, 30.349213815019286 ], [ -108.520990283895387, 30.347741408144323 ], [ -108.516404128383471, 30.347806081339311 ], [ -108.509690366805884, 30.342274928615328 ], [ -108.506648538796298, 30.341793644234549 ], [ -108.504071862913563, 30.342813274210339 ], [ -108.499885110865208, 30.346612934336289 ], [ -108.497705521449049, 30.346931781573335 ], [ -108.496089579516862, 30.340251755250065 ], [ -108.493227186293268, 30.33531807911023 ], [ -108.495162930329627, 30.328193807395035 ], [ -108.494722238194115, 30.323817506431372 ], [ -108.495315715845678, 30.320754497502442 ], [ -108.494148972821492, 30.319029131814482 ], [ -108.494361425360722, 30.315969442267445 ], [ -108.498136794682068, 30.313374552226794 ], [ -108.498346875874049, 30.310149596096654 ], [ -108.496118141079904, 30.305045091898879 ], [ -108.50104235795466, 30.293597216083885 ], [ -108.505986661913198, 30.292975396460111 ], [ -108.516064047966339, 30.287018867761873 ], [ -108.517554628865938, 30.284609010881759 ], [ -108.521598126345268, 30.283168186108757 ], [ -108.522945539981762, 30.279602550923592 ], [ -108.522634448414465, 30.275473167334457 ], [ -108.526544566414088, 30.264446831246683 ], [ -108.525451239972398, 30.25883684941115 ], [ -108.531409019191955, 30.258205170280501 ], [ -108.533678820069056, 30.257110485723235 ], [ -108.53580205149855, 30.254612159590966 ], [ -108.547274439883239, 30.24897163649138 ], [ -108.548010386283877, 30.247146844442472 ], [ -108.548096645565948, 30.244253598363024 ], [ -108.546276973153155, 30.241212330925244 ], [ -108.543077669169662, 30.239340476224001 ], [ -108.539767732174667, 30.238626523073094 ], [ -108.536350657077762, 30.231566963301905 ], [ -108.533907870897593, 30.229272747003016 ], [ -108.535913145484997, 30.218673418880321 ], [ -108.537676776600406, 30.217831738185669 ], [ -108.542365363294081, 30.217543899792446 ], [ -108.544796157068106, 30.219011327835634 ], [ -108.554570450058193, 30.219588983140078 ], [ -108.560686326027749, 30.221520373564246 ], [ -108.561727255580266, 30.223330172139804 ], [ -108.567627193147231, 30.227825936496174 ], [ -108.572700148701614, 30.227781650299626 ], [ -108.57509404449047, 30.226685943462087 ], [ -108.577588011098456, 30.223770529140403 ], [ -108.571546625196817, 30.218284392209394 ], [ -108.571255578191682, 30.215724081804016 ], [ -108.572666147338154, 30.208105880942291 ], [ -108.571760458862542, 30.206873698177915 ], [ -108.571492566541593, 30.19720332172292 ], [ -108.577576989773817, 30.197067465173525 ], [ -108.580729590641127, 30.195882385413146 ], [ -108.584657381911086, 30.195682467064213 ], [ -108.584614818773446, 30.192789320565375 ], [ -108.583186258596172, 30.190487084894873 ], [ -108.583076992462196, 30.183047547405973 ], [ -108.578961215747995, 30.179032732018953 ], [ -108.575670331245163, 30.170711574254216 ], [ -108.569146035101625, 30.166634710384297 ], [ -108.562917561810295, 30.165448505956459 ], [ -108.565262229590203, 30.152283158113338 ], [ -108.564922729361044, 30.14633358655858 ], [ -108.569447486885949, 30.143731581137381 ], [ -108.57367412140529, 30.138073118420049 ], [ -108.587139069408877, 30.14027022522626 ], [ -108.595165646049765, 30.143175567295202 ], [ -108.598790175430565, 30.13975386727671 ], [ -108.599881619185993, 30.136437299820557 ], [ -108.607466717498525, 30.126697109525697 ], [ -108.610982020489061, 30.124516183040868 ], [ -108.614776443929173, 30.124068751307515 ], [ -108.610037029809291, 30.111287695248265 ], [ -108.618454159048696, 30.102158073525938 ], [ -108.617994712557987, 30.09929283255379 ], [ -108.612058883155981, 30.089707679744148 ], [ -108.61109727247154, 30.086498977502259 ], [ -108.61256367110488, 30.082483889288007 ], [ -108.615428644772138, 30.078404489208239 ], [ -108.615346104834259, 30.075796811905338 ], [ -108.614360085077109, 30.074017160103015 ], [ -108.605846974586257, 30.074064561278675 ], [ -108.600229242276015, 30.075666179370192 ], [ -108.59776568102653, 30.071174762120471 ], [ -108.593480642672901, 30.06917966359298 ], [ -108.591743212984909, 30.066800542687631 ], [ -108.593573609841769, 30.063799852972696 ], [ -108.593631698490796, 30.06043746898148 ], [ -108.591516321005003, 30.05788478096024 ], [ -108.582220937875789, 30.05186573522402 ], [ -108.581510167147385, 30.048912703275693 ], [ -108.578243732393602, 30.046847729404419 ], [ -108.56227823418368, 30.044682759272817 ], [ -108.561284593511772, 30.043407118593475 ], [ -108.560980535710954, 30.039030563203159 ], [ -108.562195626379321, 30.034928332712383 ], [ -108.56566640163517, 30.032540419969823 ], [ -108.567821805378671, 30.032739829852879 ], [ -108.56977180670367, 30.030161595378708 ], [ -108.572186962471363, 30.030028371496229 ], [ -108.57376472780021, 30.026940208365467 ], [ -108.575338878951129, 30.009474248606615 ], [ -108.574343917703928, 30.008282769851967 ], [ -108.569830850427039, 30.012253410873537 ], [ -108.565598932445184, 30.007399562367663 ], [ -108.55882896465836, 30.002508696350663 ], [ -108.556014674936421, 30.010740717161035 ], [ -108.553468484812925, 30.009687459002301 ], [ -108.549810302783754, 30.010545054640225 ], [ -108.546107766406749, 30.008261232783607 ], [ -108.53808623813218, 30.006227213906897 ], [ -108.540245154377317, 30.00367934237552 ], [ -108.540438751341185, 29.996420198846266 ], [ -108.543570894973755, 29.994520614082894 ], [ -108.546024454254379, 29.989932760197235 ], [ -108.545560442837882, 29.981229258753732 ], [ -108.548375707725199, 29.979332988368217 ], [ -108.550456071075757, 29.971431580486581 ], [ -108.544984268624006, 29.96589189940072 ], [ -108.544239489179631, 29.959264809650687 ], [ -108.53849791046909, 29.956423161605716 ], [ -108.538104836624612, 29.951865720305349 ], [ -108.533069403537368, 29.953370575607391 ], [ -108.526397075389383, 29.951574944073464 ], [ -108.512585615571268, 29.938864064944852 ], [ -108.510609499279866, 29.934115582920093 ], [ -108.511809050214154, 29.930163428848754 ], [ -108.516699279877187, 29.919952252403842 ], [ -108.519475673101098, 29.915776227949578 ], [ -108.52506923663455, 29.909911810613703 ], [ -108.536049525167627, 29.904819710329161 ], [ -108.544250327898581, 29.903695956248352 ], [ -108.553420184223228, 29.903805399645631 ], [ -108.565715404220128, 29.901807033697487 ], [ -108.590670271014261, 29.900705707651305 ], [ -108.596650183382195, 29.899188464355717 ], [ -108.600395923329415, 29.896451669071237 ], [ -108.604475557653871, 29.894747767482254 ], [ -108.602163910198428, 29.907213681013104 ], [ -108.607878641893237, 29.908601571573328 ], [ -108.614919717719431, 29.913499087663322 ], [ -108.623163694094089, 29.914857954405605 ], [ -108.627886758526046, 29.913768065872784 ], [ -108.636812634333978, 29.896975122454162 ], [ -108.638181725276226, 29.891963142411065 ], [ -108.644132006882472, 29.889032202056274 ], [ -108.626115931367679, 29.874269984591415 ], [ -108.626173376943655, 29.87278261235182 ], [ -108.621723146248783, 29.872729544927203 ], [ -108.620510094703107, 29.87120338074941 ], [ -108.620456543057927, 29.86929897732691 ], [ -108.621568813283957, 29.866851069057976 ], [ -108.623592707195471, 29.863851866758107 ], [ -108.626597733761429, 29.861792570963431 ], [ -108.625947696188746, 29.855568053896 ], [ -108.621381482428546, 29.851954100032426 ], [ -108.62120086886037, 29.850045813412375 ], [ -108.622351179377688, 29.846606297108561 ], [ -108.619640423811475, 29.841063403593861 ], [ -108.613521206178447, 29.841455487379179 ], [ -108.603554898495588, 29.845948559184365 ], [ -108.601681659376936, 29.845063817959606 ], [ -108.601768297172626, 29.842832795002138 ], [ -108.600885590787684, 29.842640256593999 ], [ -108.596470610911936, 29.844986584975583 ], [ -108.59430484208049, 29.845085499984901 ], [ -108.591032970694428, 29.840931198732441 ], [ -108.58829017163707, 29.83952315187992 ], [ -108.580247685145949, 29.843577263249394 ], [ -108.57761585641623, 29.842586060652316 ], [ -108.576859142130942, 29.839170841307336 ], [ -108.577317655114257, 29.837199508780632 ], [ -108.573134131468109, 29.830369336910856 ], [ -108.571083188206018, 29.821040380120937 ], [ -108.571134896951293, 29.819718321935255 ], [ -108.574135242062951, 29.814516375497632 ], [ -108.574140637866023, 29.811124667726737 ], [ -108.575418958715261, 29.807689527482054 ], [ -108.570436114793736, 29.801827351394916 ], [ -108.56573768535452, 29.798455655466647 ], [ -108.568106057517838, 29.793151543159578 ], [ -108.563874609642141, 29.794096115661162 ], [ -108.560108149127544, 29.792904014474633 ], [ -108.55953493285628, 29.791314413128244 ], [ -108.560354904541867, 29.789850701914904 ], [ -108.562818663230416, 29.788603340280549 ], [ -108.564442268460382, 29.786089004437475 ], [ -108.565566871504188, 29.780084601838762 ], [ -108.564996858106156, 29.778412391880916 ], [ -108.558968870775772, 29.776571182491313 ], [ -108.557246921786984, 29.775111431472851 ], [ -108.55641026275336, 29.773761836965342 ], [ -108.556644083546885, 29.771039040029848 ], [ -108.557063715169875, 29.77005930380081 ], [ -108.559113878492184, 29.769626464004382 ], [ -108.559894110428985, 29.765927839405226 ], [ -108.559031589620531, 29.765239290382063 ], [ -108.555598403363092, 29.765298340698074 ], [ -108.554400540805759, 29.763441162297934 ], [ -108.554364352693085, 29.761123636069133 ], [ -108.555786270649193, 29.760505899219332 ], [ -108.555952043180767, 29.759518293579525 ], [ -108.555216509833414, 29.758833658045987 ], [ -108.555105215672299, 29.755190140930345 ], [ -108.558139783795298, 29.74907953539336 ], [ -108.558945713682562, 29.744719868957173 ], [ -108.558850434053824, 29.740663197059835 ], [ -108.556096494052099, 29.73313225393337 ], [ -108.557676485197447, 29.728465658673951 ], [ -108.554777278779653, 29.724652997068741 ], [ -108.554864654239168, 29.722422020592063 ], [ -108.549763810170688, 29.71969918957555 ], [ -108.548332275151623, 29.717338336011956 ], [ -108.547922093142517, 29.71484372912234 ], [ -108.542399096568829, 29.713182992746759 ], [ -108.54281733366426, 29.699297525853112 ], [ -108.540449223495557, 29.691695544825915 ], [ -108.540530342852051, 29.689629840585898 ], [ -108.541402549241639, 29.678893702182684 ], [ -108.54673283652113, 29.674341576078774 ], [ -108.545625339674686, 29.664607659767302 ], [ -108.537104549615393, 29.664281993901461 ], [ -108.539819409262478, 29.656788979115316 ], [ -108.545446908376007, 29.653827219574904 ], [ -108.545330329907415, 29.646778460720046 ], [ -108.544302302684116, 29.641812753875548 ], [ -108.544490877964122, 29.634138730210932 ], [ -108.541013032846067, 29.633552973625001 ], [ -108.542127049354008, 29.624625163165938 ], [ -108.545573782035973, 29.623345061869941 ], [ -108.54101423660606, 29.614476430843411 ], [ -108.540637691499882, 29.610747980297052 ], [ -108.543622045620211, 29.600556564592534 ], [ -108.553452314804318, 29.585109676623674 ], [ -108.553688539539863, 29.580338088846784 ], [ -108.549079425989021, 29.568359819527398 ], [ -108.539400647217619, 29.569553991457784 ], [ -108.537284697289863, 29.558816015551876 ], [ -108.53524162047762, 29.555939648006508 ], [ -108.536315349054007, 29.547948204701356 ], [ -108.538081311307224, 29.544942084176629 ], [ -108.541305394108392, 29.543553109478164 ], [ -108.540616658216152, 29.541711646251922 ], [ -108.538593758250741, 29.541566063590487 ], [ -108.53186892295291, 29.538461337890116 ], [ -108.525001523062315, 29.532539008074998 ], [ -108.519099100893143, 29.53111389859076 ], [ -108.516079890251504, 29.527296744386703 ], [ -108.505711600218802, 29.520188540820051 ], [ -108.503898214144002, 29.51152782040495 ], [ -108.497534709881947, 29.502558922684514 ], [ -108.493150912940905, 29.49803661767168 ], [ -108.492736049287728, 29.495707150718854 ], [ -108.495636146606117, 29.486449729474945 ], [ -108.495334760694121, 29.484454749101467 ], [ -108.492363432772763, 29.479480379941567 ], [ -108.529771088669023, 29.478747281750465 ], [ -108.533780910900745, 29.47341179572561 ], [ -108.538384300461885, 29.46908738506281 ], [ -108.542356950138398, 29.461433981020953 ], [ -108.542826750291269, 29.459132080864798 ], [ -108.54483418218382, 29.456381478532286 ], [ -108.557070808636468, 29.454443869949724 ], [ -108.560735403056853, 29.451413306832354 ], [ -108.564904228820708, 29.445171650091925 ], [ -108.615464705772808, 29.444653733713217 ], [ -108.593692802769638, 29.414618369874223 ], [ -108.596034350015529, 29.403107458594821 ], [ -108.590650050362399, 29.398307554401768 ], [ -108.596427765336387, 29.386427033484203 ], [ -108.594665206261794, 29.375041509258164 ], [ -108.597736636928971, 29.370654418823978 ], [ -108.606799899726781, 29.348578402870896 ], [ -108.607355556736181, 29.344218099756279 ], [ -108.606933531703234, 29.337794768128088 ], [ -108.601189168178152, 29.313803400249025 ], [ -108.670733070590771, 29.300811695954401 ], [ -108.673856740411765, 29.299740096098436 ], [ -108.675666071887008, 29.295365700188537 ], [ -108.677262048477957, 29.296799209273875 ], [ -108.682617093882726, 29.297568451559293 ], [ -108.687188034246788, 29.289430751439085 ], [ -108.701203176921524, 29.282429880522109 ], [ -108.699119736401485, 29.277155178143772 ], [ -108.72375433426339, 29.271019946590101 ], [ -108.752817336202895, 29.288838723931754 ], [ -108.755590821905756, 29.289085720726614 ], [ -108.759673234454979, 29.28813002493726 ], [ -108.769633226197769, 29.289001163875604 ], [ -108.781169880473939, 29.288262838752853 ], [ -108.793245042817631, 29.290104063007796 ], [ -108.799201828885913, 29.293255851470274 ], [ -108.807681840673709, 29.289613281573118 ], [ -108.814916653857878, 29.288912716012803 ], [ -108.829358893205622, 29.302319839433153 ], [ -108.838943784660628, 29.30665005270987 ], [ -108.844592086753465, 29.307887992409089 ], [ -108.84787490295983, 29.308064971575547 ], [ -108.8526040814548, 29.306711288430492 ], [ -108.855860982499877, 29.304074198155163 ], [ -108.85879707410983, 29.303330846351315 ], [ -108.860751667416338, 29.301731972265049 ], [ -108.869180432780027, 29.299490560490515 ], [ -108.875216692404635, 29.307605645993078 ], [ -108.876950734569547, 29.308647910255885 ], [ -108.884654079335306, 29.30903253340524 ], [ -108.889618095484593, 29.308180637613226 ], [ -108.897916817157977, 29.302458641339477 ], [ -108.900957676547648, 29.298738680346645 ], [ -108.902324412153078, 29.299439264474081 ], [ -108.906661829214229, 29.298403514449081 ], [ -108.90775143164602, 29.296200310247126 ], [ -108.915706889793256, 29.289391834927091 ], [ -108.917478835859541, 29.28935901974587 ], [ -108.920054046484054, 29.291665525688735 ], [ -108.922918567093177, 29.296545074093494 ], [ -108.923920825260126, 29.296821484391153 ], [ -108.926463828029867, 29.292838691832973 ], [ -108.930565402068183, 29.291299080125086 ], [ -108.934993925235375, 29.291257838079108 ], [ -108.942493946644092, 29.301065833893439 ], [ -108.943872044184758, 29.305075942937691 ], [ -108.943446746464815, 29.306387895231289 ], [ -108.940846910591887, 29.308383647775987 ], [ -108.939336058259599, 29.308175858388065 ], [ -108.936043453949807, 29.311889658162706 ], [ -108.936757641886956, 29.316791363560121 ], [ -108.935832390338206, 29.317923791319792 ], [ -108.933493588078647, 29.319678485567071 ], [ -108.931347702761983, 29.319535525732796 ], [ -108.929284768399498, 29.320635965006847 ], [ -108.929232619151051, 29.322123824552751 ], [ -108.93373586356023, 29.327214648923256 ], [ -108.93576534544863, 29.334304490976436 ], [ -108.938841955310835, 29.336790193117757 ], [ -108.943159228564085, 29.343613047773189 ], [ -108.945816044590472, 29.350885779980089 ], [ -108.950214648109949, 29.359034534371357 ], [ -108.950515737387661, 29.364917498793751 ], [ -108.954912921632129, 29.365867668520394 ], [ -108.970274678839957, 29.36455787533821 ], [ -108.977931958465206, 29.37006583004078 ], [ -108.981731643679723, 29.370005664168652 ], [ -108.985591297961861, 29.368209494627482 ], [ -108.989477454319612, 29.369309869574575 ], [ -108.989748464284588, 29.372461509471673 ], [ -108.988257421547218, 29.375316208647671 ], [ -108.989059986212538, 29.377737880412173 ], [ -108.992224738768243, 29.377742604392836 ], [ -108.992661176664257, 29.376099845771414 ], [ -108.99517242348827, 29.373025036644908 ], [ -109.000417452914462, 29.371432148655206 ], [ -109.004042335721564, 29.36540917594477 ], [ -109.0067945363961, 29.362671729747987 ], [ -109.011027213064963, 29.361050550867489 ], [ -109.01516633977522, 29.362157128040586 ], [ -109.021923090105005, 29.371857678618209 ], [ -109.025177472446529, 29.372939707745754 ], [ -109.027490161092103, 29.375650723656999 ], [ -109.031230907945044, 29.377325103198682 ], [ -109.034268947580372, 29.381048724877967 ], [ -109.038403080567818, 29.393490025269909 ], [ -109.046361603041149, 29.401484594312603 ], [ -109.047013814705139, 29.400923158384412 ], [ -109.051947711763191, 29.401057357067327 ], [ -109.05647129091949, 29.402090391027226 ], [ -109.064396113265758, 29.399905783428107 ], [ -109.067637925016129, 29.401400163279511 ], [ -109.073628017686318, 29.407767766537006 ], [ -109.079040594051733, 29.408741316697117 ], [ -109.08062696826741, 29.41052168241993 ], [ -109.082352440175399, 29.415698190898457 ], [ -109.088551330127544, 29.419671259708249 ], [ -109.09490125157626, 29.426709550690763 ], [ -109.09701565290203, 29.431648098615838 ], [ -109.097328828698735, 29.433642308865185 ], [ -109.096502998374035, 29.4356059384132 ], [ -109.092290549389105, 29.436568400837697 ], [ -109.084809746395464, 29.436780785651994 ], [ -109.081950342854739, 29.438937742559002 ], [ -109.080598433493279, 29.441466270409496 ], [ -109.082044829309268, 29.443656553262066 ], [ -109.082780519997627, 29.448144423836254 ], [ -109.085448298378054, 29.451691453117235 ], [ -109.085019904467515, 29.456892618565515 ], [ -109.089698259113817, 29.464713528333206 ], [ -109.090768527791425, 29.474340313233878 ], [ -109.087700878380247, 29.478891257993915 ], [ -109.086882794198971, 29.480606791624535 ], [ -109.087226466286424, 29.481691681611359 ], [ -109.096696554290958, 29.4864971400137 ], [ -109.099083842930398, 29.49466987693464 ], [ -109.106975838073467, 29.497446465078848 ], [ -109.107896997920889, 29.504007690384171 ], [ -109.10946868864221, 29.506283780220425 ], [ -109.110005131214933, 29.509194079039794 ], [ -109.109324858230266, 29.510582470512141 ], [ -109.10583050829031, 29.512722895157374 ], [ -109.105249110828822, 29.51494132339154 ], [ -109.106938547138085, 29.521274907058007 ], [ -109.107361446758048, 29.527574548225303 ], [ -109.102233548581196, 29.529257391019176 ], [ -109.100927966193979, 29.530380733569039 ], [ -109.101134152982709, 29.531792860082849 ], [ -109.10708172962407, 29.535923884331964 ], [ -109.108821394974328, 29.54076944658534 ], [ -109.108860867832462, 29.550947616808887 ], [ -109.107794615396372, 29.55249113242213 ], [ -109.103136193149638, 29.555262185352305 ], [ -109.101897707456885, 29.561930942353072 ], [ -109.099172798711862, 29.563760826271938 ], [ -109.098202403269809, 29.566216975676991 ], [ -109.099710848874025, 29.570394506258499 ], [ -109.098400763656485, 29.575406482086603 ], [ -109.099278428629106, 29.579484329066936 ], [ -109.098530758279722, 29.582856597233498 ], [ -109.09574676911582, 29.586422350845808 ], [ -109.089813375515376, 29.589324086967792 ], [ -109.096786075424362, 29.593234977290113 ], [ -109.101744009031123, 29.600483790218345 ], [ -109.103848987559573, 29.602029595170123 ], [ -109.105764344373199, 29.601667260953924 ], [ -109.109650474097251, 29.599289188792589 ], [ -109.148945870919022, 29.585688547312326 ], [ -109.182405271857291, 29.579445464140232 ], [ -109.218528588437835, 29.567177716004391 ], [ -109.239562678600677, 29.56811551689243 ], [ -109.239957884890103, 29.570677929452035 ], [ -109.238959862077678, 29.572049806425337 ], [ -109.230594006915595, 29.573222003982625 ], [ -109.228218213286823, 29.575719850395213 ], [ -109.229058592405323, 29.578982678201953 ], [ -109.231085046618489, 29.580706986487503 ], [ -109.235496368070656, 29.5812571608875 ], [ -109.240388627078516, 29.578452913125702 ], [ -109.242221298453643, 29.579433658478855 ], [ -109.242613773996467, 29.581582367344918 ], [ -109.242016896686124, 29.586385426050818 ], [ -109.239512860645732, 29.588553348964552 ], [ -109.237502374898057, 29.589228590419513 ], [ -109.236634823304385, 29.591302886339918 ], [ -109.23910806343774, 29.593851565166332 ], [ -109.23988031634974, 29.596287363362475 ], [ -109.239090045232444, 29.600471098460517 ], [ -109.240560714095821, 29.603729698991714 ], [ -109.240638326762763, 29.605880493628259 ], [ -109.239098109603091, 29.610937980488981 ], [ -109.234899528656612, 29.614109870880796 ], [ -109.234845190487874, 29.615392733767973 ], [ -109.237580961494402, 29.619429094396313 ], [ -109.23713718708656, 29.628326814152452 ], [ -109.237710835725764, 29.62931594169283 ], [ -109.241055383851361, 29.63016265410614 ], [ -109.242205323323489, 29.632513200482705 ], [ -109.238399001507915, 29.637916594269115 ], [ -109.237717759750652, 29.639658666980633 ], [ -109.238670594288948, 29.640810779009254 ], [ -109.243639172489736, 29.639536799710683 ], [ -109.249217835799428, 29.64454698390567 ], [ -109.253714078186974, 29.63748105917113 ], [ -109.25704401647107, 29.636031334746249 ], [ -109.259591423539959, 29.632920143351335 ], [ -109.261517207368783, 29.632763229192729 ], [ -109.266935668338704, 29.636028070992054 ], [ -109.269636217064559, 29.636422783907921 ], [ -109.273843463026012, 29.631946088907124 ], [ -109.281663209804975, 29.629702287496368 ], [ -109.289898153548435, 29.631574767931795 ], [ -109.293256312966619, 29.634050412441638 ], [ -109.294827391429379, 29.638055649804993 ], [ -109.300094043616241, 29.637983779432304 ], [ -109.304020099700054, 29.630420158139401 ], [ -109.305574324558549, 29.632120703462043 ], [ -109.306624140874291, 29.635075295248789 ], [ -109.304214237511289, 29.639218270348611 ], [ -109.3071842459007, 29.641247104592601 ], [ -109.309083222317398, 29.637504597132519 ], [ -109.31036711104764, 29.637399511779165 ], [ -109.310796355911364, 29.643223331573274 ], [ -109.311976240570857, 29.646355158392165 ], [ -109.31431040989284, 29.649204589008317 ], [ -109.317098279910454, 29.661035916649659 ], [ -109.322498618644474, 29.661481889266071 ], [ -109.327497623399125, 29.659859481230271 ], [ -109.331096967395865, 29.660042730546909 ], [ -109.339462646916928, 29.661748087883272 ], [ -109.343590362701107, 29.663749607138826 ], [ -109.351313133380216, 29.665336222554874 ], [ -109.356190168893519, 29.664559757887435 ], [ -109.360952262355113, 29.66548371714007 ], [ -109.3670179708772, 29.668691859070186 ], [ -109.374991031432245, 29.669351218204387 ], [ -109.3796361809827, 29.67163372298408 ], [ -109.382656440413427, 29.679465191476663 ], [ -109.385389692543555, 29.683613290353399 ], [ -109.389548265274883, 29.68911305773009 ], [ -109.393038720098147, 29.691507450531521 ], [ -109.393061446016191, 29.694238859952033 ], [ -109.395253321175758, 29.695031930251712 ], [ -109.394979754751645, 29.693055777121259 ], [ -109.39713950642242, 29.690007754292747 ], [ -109.397747473959512, 29.685857687915686 ], [ -109.399765503103978, 29.681266706378853 ], [ -109.404398827661893, 29.682011954464713 ], [ -109.40827879717618, 29.684852155960826 ], [ -109.407147504929199, 29.687866778672444 ], [ -109.408341719144843, 29.692278214562499 ], [ -109.41121948540669, 29.698139434210812 ], [ -109.411244872202687, 29.701126926997421 ], [ -109.4086163668658, 29.709526768158202 ], [ -109.40684021167651, 29.712338301244408 ], [ -109.409307924831793, 29.715278018321847 ], [ -109.409730702612691, 29.71965061771299 ], [ -109.407351642855005, 29.724472560938406 ], [ -109.423572177790689, 29.71834839678824 ], [ -109.424387891653808, 29.715177670430798 ], [ -109.421823796771449, 29.71001635907459 ], [ -109.423624414187898, 29.701280231651896 ], [ -109.425566174955833, 29.698786774147308 ], [ -109.429081764617862, 29.696687589250413 ], [ -109.432725153314578, 29.698061772931847 ], [ -109.432886867717272, 29.696080259816121 ], [ -109.43480408216756, 29.694950175832737 ], [ -109.43740735343394, 29.697921355074183 ], [ -109.439240356187597, 29.70154288441184 ], [ -109.444758970084294, 29.704183076087073 ], [ -109.44593815495702, 29.709035193327825 ], [ -109.447954790573633, 29.713031153949519 ], [ -109.444614809023179, 29.715918559253772 ], [ -109.444444507103256, 29.71839591540785 ], [ -109.454248369820561, 29.718409586136982 ], [ -109.455159827343635, 29.716934491745373 ], [ -109.455120489719079, 29.711974420651927 ], [ -109.45363196884017, 29.710300404894891 ], [ -109.455688670977693, 29.704832389564363 ], [ -109.454702357783603, 29.699776399770073 ], [ -109.458622828587266, 29.696194222768479 ], [ -109.459604467038602, 29.694306772582319 ], [ -109.461655759870595, 29.692723538573592 ], [ -109.465534599954623, 29.691496346880037 ], [ -109.46714393002199, 29.689865544624951 ], [ -109.467683538208362, 29.687930553346053 ], [ -109.473344375186656, 29.682388261064364 ], [ -109.477574348291668, 29.675462061363689 ], [ -109.478458334245076, 29.671878583066253 ], [ -109.478195239893452, 29.668816544099034 ], [ -109.476612738128523, 29.665281642884466 ], [ -109.476610392188519, 29.661768575513079 ], [ -109.474824831539891, 29.659016113029214 ], [ -109.477354274867892, 29.658968426559934 ], [ -109.480786016972601, 29.661578250620025 ], [ -109.486023250039793, 29.662146335649648 ], [ -109.490595849356126, 29.664606276671172 ], [ -109.496875446965674, 29.670767778898178 ], [ -109.500008306239565, 29.672422443669291 ], [ -109.505556838125571, 29.669604955333671 ], [ -109.513177553056096, 29.667600589428059 ], [ -109.515460508296556, 29.663457154460247 ], [ -109.520176029065254, 29.661247710707119 ], [ -109.521233322834178, 29.658534178235904 ], [ -109.516130791197327, 29.646272850414153 ], [ -109.516611600000871, 29.644006185413204 ], [ -109.514682533621837, 29.638483167308756 ], [ -109.515084052591874, 29.63716602970181 ], [ -109.519314467380767, 29.633668778419541 ], [ -109.520490161015772, 29.631411467823281 ], [ -109.513868913860904, 29.626817003210558 ], [ -109.512234462514058, 29.6225791748132 ], [ -109.511447349321031, 29.616823587108986 ], [ -109.507838654651238, 29.609789801991475 ], [ -109.502721323542914, 29.606041824604446 ], [ -109.501661965653682, 29.597761318092534 ], [ -109.503396903061756, 29.596049058909301 ], [ -109.508994410371272, 29.593810598465858 ], [ -109.515452550940665, 29.589227686808368 ], [ -109.519386460691607, 29.588206198069493 ], [ -109.520104169563439, 29.586851963152505 ], [ -109.522563108282071, 29.58713306897215 ], [ -109.525487760402498, 29.586015145299307 ], [ -109.528927851517693, 29.580523010620684 ], [ -109.525772894919569, 29.569032038539998 ], [ -109.5221028983362, 29.56567622728701 ], [ -109.524142317723786, 29.555349508409847 ], [ -109.529313572966714, 29.560985832512632 ], [ -109.530747950571737, 29.558943188290648 ], [ -109.534217637675013, 29.561735733806245 ], [ -109.537527006828597, 29.560471243207765 ], [ -109.541676205474459, 29.561124616388486 ], [ -109.545406011836405, 29.563590577886234 ], [ -109.547914406792557, 29.558671129134023 ], [ -109.550628256732992, 29.555823696927618 ], [ -109.557197982259012, 29.549817988120786 ], [ -109.560781162883728, 29.547564924191271 ], [ -109.578522604627139, 29.566742228279374 ], [ -109.582266408231831, 29.568628258022599 ], [ -109.590418121867998, 29.570922369968766 ], [ -109.596979550843983, 29.570954336503295 ], [ -109.599109458003539, 29.571653396450643 ], [ -109.60557389013664, 29.570359453999036 ], [ -109.633799327868942, 29.560670638861936 ], [ -109.640073934215479, 29.562267551151084 ], [ -109.640253739432907, 29.559788503264933 ], [ -109.639403003764997, 29.558284651244488 ], [ -109.63678287133942, 29.556915927264104 ], [ -109.638275939084778, 29.552060010757703 ], [ -109.640342232637579, 29.549861498472133 ], [ -109.640492423422771, 29.542914097974993 ], [ -109.641156951362191, 29.541353457507412 ], [ -109.642940382437175, 29.540556598509742 ], [ -109.64823314242804, 29.54668689758407 ], [ -109.648785364638286, 29.550336786466161 ], [ -109.652847885771763, 29.555039364207801 ], [ -109.663059146484386, 29.555461118783327 ], [ -109.669214878398805, 29.556723688541545 ], [ -109.674792915671645, 29.555494089343124 ], [ -109.677236902911673, 29.553301363538697 ], [ -109.679341047378813, 29.549282630164047 ], [ -109.683417358969891, 29.547448204787564 ], [ -109.687794912776354, 29.549259189459413 ], [ -109.691466514681039, 29.548658802706761 ], [ -109.694920702875578, 29.546399911688134 ], [ -109.69947327627554, 29.545896762439789 ], [ -109.698372998290722, 29.544223634802627 ], [ -109.694505154109748, 29.542173305038862 ], [ -109.693902478760592, 29.540839412889614 ], [ -109.704254350005769, 29.54051568514457 ], [ -109.725945267712419, 29.546997614596624 ], [ -109.731834392670066, 29.542874866695449 ], [ -109.737429804980081, 29.540732768929406 ], [ -109.740081683860495, 29.540610740761466 ], [ -109.747989057620615, 29.530314855293362 ], [ -109.752244357613321, 29.518644478561093 ], [ -109.754228671286057, 29.516766402069422 ], [ -109.760668667784017, 29.516717612216627 ], [ -109.76481191492411, 29.513955190090243 ], [ -109.769124119729014, 29.512599915579489 ], [ -109.777461526893674, 29.512282952443726 ], [ -109.781153096369451, 29.514598775882462 ], [ -109.784173411400033, 29.515294804380435 ], [ -109.789104257800801, 29.519277954324917 ], [ -109.792706301510222, 29.519029782989861 ], [ -109.795399569733533, 29.520548489898712 ], [ -109.797742101110529, 29.520079160449203 ], [ -109.799305060340544, 29.521171594467205 ], [ -109.805039460693806, 29.521939302603396 ], [ -109.808176028431674, 29.523380105815683 ], [ -109.817484116256423, 29.521418274678968 ], [ -109.820402277018317, 29.52496433948394 ], [ -109.823909933647499, 29.526987600495655 ], [ -109.827128735352304, 29.531652882040653 ], [ -109.833217223459698, 29.534283337121785 ], [ -109.834209757936506, 29.535575695618437 ], [ -109.833522238099732, 29.53966006011677 ], [ -109.834078544723226, 29.540534239159584 ], [ -109.840358857111198, 29.543042505349085 ], [ -109.843210216373564, 29.542330006403848 ], [ -109.846228871436679, 29.538601949609468 ], [ -109.853072127647721, 29.536858471241402 ], [ -109.857381907334855, 29.530994952492918 ], [ -109.859350662323763, 29.530148449254902 ], [ -109.86394586852191, 29.531190526445698 ], [ -109.865225594670193, 29.534635129327953 ], [ -109.867482893391326, 29.535816987479564 ], [ -109.872337056160049, 29.536406919689817 ], [ -109.878537440924021, 29.535481836823656 ], [ -109.880424337937413, 29.536039483022265 ], [ -109.881362039573858, 29.536752237771761 ], [ -109.882818147738988, 29.541231915658113 ], [ -109.887536577430879, 29.54256384550693 ], [ -109.891474061453778, 29.545664623618023 ], [ -109.897554006285958, 29.544324037498395 ], [ -109.899436852250332, 29.545212043700975 ], [ -109.902215585798217, 29.545200175097584 ], [ -109.902651624915521, 29.54082341606447 ], [ -109.908785459765554, 29.545021606875189 ], [ -109.912896042054442, 29.544568879008164 ], [ -109.924690107349406, 29.540806959257473 ], [ -109.929421803777885, 29.541145533295417 ], [ -109.934294035259526, 29.540369377224202 ], [ -109.935529969190611, 29.537530120591519 ], [ -109.934041547887659, 29.535406686878744 ], [ -109.934376179112547, 29.533922126930225 ], [ -109.939264289300596, 29.531864591318467 ], [ -109.941196286107115, 29.533868535125166 ], [ -109.943022483814119, 29.534259335650535 ], [ -109.946007043717188, 29.532925972767632 ], [ -109.949152302181361, 29.533867561840513 ], [ -109.952819831457603, 29.533450385558254 ], [ -109.956283438567027, 29.534188386462962 ], [ -109.95869239048119, 29.533427550485463 ], [ -109.959632700667512, 29.533974450747952 ], [ -109.959614632410876, 29.535420962147921 ], [ -109.962267140893374, 29.540449315415991 ], [ -109.958707064857293, 29.542355869039017 ], [ -109.959137682023851, 29.5432695966919 ], [ -109.96059404978233, 29.54295371922171 ], [ -109.962474874785087, 29.544047489650328 ], [ -109.963588768796527, 29.54587747987517 ], [ -109.964543109421399, 29.545308467763036 ], [ -109.968124305254477, 29.551875464989177 ], [ -109.970959239013894, 29.552441405420211 ], [ -109.972518990558441, 29.553986475467962 ], [ -109.973663314061554, 29.553377976819633 ], [ -109.976362852415903, 29.554686455275423 ], [ -109.977463357790384, 29.557632218098377 ], [ -109.98097843463195, 29.559403455780018 ], [ -109.980301175122293, 29.563116749057507 ], [ -109.982787749021355, 29.566365670597452 ], [ -109.982942210051533, 29.569219264866515 ], [ -109.982239862986134, 29.569832258316691 ], [ -109.982795597596791, 29.570871162823583 ], [ -109.985260806529482, 29.570730431529579 ], [ -109.987812903491616, 29.573814577253319 ], [ -109.991149319026221, 29.574757091825983 ], [ -109.992926388267861, 29.574072042687796 ], [ -109.996838341365361, 29.57444144227582 ], [ -109.997928122180852, 29.573129518136536 ], [ -109.99994824940336, 29.573232122835432 ], [ -110.000696169287821, 29.574066179027408 ], [ -110.000618500817993, 29.575264103449296 ], [ -109.993464397175572, 29.581765513710724 ], [ -109.993623195196264, 29.584288464323322 ], [ -109.991895508555984, 29.586090028015644 ], [ -109.99132107573999, 29.591747083995248 ], [ -109.988907919438304, 29.592756451501835 ], [ -109.980050586408893, 29.593742732923786 ], [ -109.972432492522046, 29.596683598242354 ], [ -109.969313847007001, 29.598512173234958 ], [ -109.969359565724304, 29.599917984368524 ], [ -109.966938289340234, 29.601546870107008 ], [ -109.966857104290924, 29.602992731240921 ], [ -109.960956728568149, 29.604916938990797 ], [ -109.967273435426435, 29.615231728663272 ], [ -109.972135672589346, 29.615528814786202 ], [ -109.974761867183133, 29.617787273719813 ], [ -109.978502687455389, 29.616791498928094 ], [ -109.984970367636492, 29.620162906860315 ], [ -109.979122664272325, 29.638249903841967 ], [ -109.977916715184094, 29.65911125563683 ], [ -109.976780408083329, 29.658975842975416 ], [ -109.974783708873318, 29.656847758149055 ], [ -109.968320651576278, 29.658022571269512 ], [ -109.966833768634757, 29.660652868659369 ], [ -109.96248596389421, 29.659492783525366 ], [ -109.960522206024152, 29.659803493363995 ], [ -109.960680243055563, 29.662326437338798 ], [ -109.959830967774096, 29.664508466621708 ], [ -109.963731780127091, 29.666036106236255 ], [ -109.966434421138828, 29.672387508398948 ], [ -109.963493886751749, 29.685047018963139 ], [ -109.965400784682473, 29.689323688589294 ], [ -109.965249516449106, 29.691306150559001 ], [ -109.963149953654224, 29.697360827609586 ], [ -109.963257861532796, 29.703892563826248 ], [ -109.961757691615901, 29.707514635295531 ], [ -109.962495884033046, 29.709175463486044 ], [ -109.959125071336601, 29.715671791177559 ], [ -109.955411314757697, 29.719229874100133 ], [ -109.954874017340401, 29.721704363353382 ], [ -109.956046104700874, 29.724072319177875 ], [ -109.959418142029079, 29.727578686190672 ], [ -109.986208747633711, 29.750501278510018 ], [ -109.99609491908376, 29.760421447112865 ], [ -109.995863958538123, 29.762732046033879 ], [ -109.994638134473234, 29.764038181173408 ], [ -110.00728585420751, 29.773213279210648 ], [ -110.012760330505074, 29.773197454783901 ], [ -110.015018622590105, 29.774248626815659 ], [ -110.022502307127937, 29.782776027690154 ], [ -110.028228241656748, 29.783786554025763 ], [ -110.030648830210339, 29.782054189696122 ], [ -110.033086991852358, 29.782697609633718 ], [ -110.041063301439436, 29.791721340870488 ], [ -110.044385742395235, 29.796634752444312 ], [ -110.045560743192425, 29.799147125415807 ], [ -110.045920077084233, 29.806442052934944 ], [ -110.047283992643472, 29.809775816047662 ], [ -110.048634645088356, 29.81134817702252 ], [ -110.054723264936086, 29.811788419867302 ], [ -110.056313108934262, 29.812790086515474 ], [ -110.060428179637853, 29.817712387280402 ], [ -110.062526885132442, 29.821546092733069 ], [ -110.064488488632406, 29.823371181036947 ], [ -110.067903645116502, 29.824271114265965 ], [ -110.060634987068909, 29.836678740491507 ], [ -110.061441801881628, 29.838695154244046 ], [ -110.056868944289988, 29.845645556530222 ], [ -110.05455085822156, 29.845003974324371 ], [ -110.049814459338194, 29.846545656179451 ], [ -110.049104391475652, 29.849240561038762 ], [ -110.046849632552224, 29.848927258954848 ], [ -110.04625783055171, 29.851172997545664 ], [ -110.040297227227597, 29.851880700676709 ], [ -110.040376207726538, 29.854298193112371 ], [ -110.035812365815929, 29.854571693569675 ], [ -110.035589554485398, 29.857354226069237 ], [ -110.032922130392507, 29.858878911957451 ], [ -110.031320599647742, 29.856361360694333 ], [ -110.029503122458038, 29.857568438386998 ], [ -110.030063797203553, 29.859295385791917 ], [ -110.02801205236949, 29.861769359538677 ], [ -110.025341392957941, 29.862884265523988 ], [ -110.02340794122739, 29.864909037087358 ], [ -110.021394988859171, 29.864393402723415 ], [ -110.018485986939751, 29.866242559907398 ], [ -110.014583958229508, 29.865499311964331 ], [ -110.011426643704738, 29.875168364282313 ], [ -110.012367524809079, 29.87898884403155 ], [ -110.011487351059685, 29.883606507274905 ], [ -110.014673442521442, 29.886307224794709 ], [ -110.014693862227233, 29.8891335911702 ], [ -110.016046804774959, 29.890952050378143 ], [ -110.01530130438023, 29.905769942662882 ], [ -110.019842493789611, 29.902056418734233 ], [ -110.020582985377573, 29.903375974034997 ], [ -110.023809291302925, 29.903127964439911 ], [ -110.024245873025663, 29.904525774098985 ], [ -110.019623264297408, 29.905412356807389 ], [ -110.018126257098757, 29.908957723236195 ], [ -110.01971485285388, 29.909632148546798 ], [ -110.019847111231826, 29.911067272769717 ], [ -110.02185680473147, 29.91100948378774 ], [ -110.022784627385221, 29.912945645710991 ], [ -110.021279554285996, 29.915385077936616 ], [ -110.02129178772141, 29.917064507844106 ], [ -110.020377964588079, 29.91705353627605 ], [ -110.018565181620474, 29.919079657898855 ], [ -110.018535464676589, 29.923379899191666 ], [ -110.023166171242565, 29.93183190201685 ], [ -110.02984440543716, 29.928635159181272 ], [ -110.031560090756813, 29.929966290545174 ], [ -110.03362199303119, 29.92868020589923 ], [ -110.036682753646886, 29.93064165636185 ], [ -110.035937510153758, 29.936940339737831 ], [ -110.032641253446798, 29.944355454689092 ], [ -110.03338342502407, 29.945838786952343 ], [ -110.037232050162388, 29.947154281392496 ], [ -110.038097107397419, 29.948761921845552 ], [ -110.04385048112691, 29.952147736616038 ], [ -110.047681475964424, 29.959155881021115 ], [ -110.049332327045533, 29.959871647549623 ], [ -110.050791673947572, 29.959438313545441 ], [ -110.050279084069444, 29.964183397445147 ], [ -110.055241917136115, 29.982657981613372 ], [ -110.051873923427365, 29.983494888728544 ], [ -110.048090961854058, 29.98179169768666 ], [ -110.038687876452613, 29.981519830904581 ], [ -110.031518151057782, 29.984333224838494 ], [ -110.029062959201411, 29.984429259892906 ], [ -110.029032743038101, 29.986579486427946 ], [ -110.026192339567558, 29.987953135069834 ], [ -110.025670034752096, 29.986789153751268 ], [ -110.023661678084892, 29.987262418922572 ], [ -110.02250740332056, 29.989896029045429 ], [ -110.020015353909571, 29.990984040498915 ], [ -110.019911227715909, 29.993133410874226 ], [ -110.021066195865615, 29.994470112908765 ], [ -110.017764823124551, 29.996334561264661 ], [ -110.016640574883979, 29.99483275673775 ], [ -110.013263809931061, 29.995910438897013 ], [ -110.011182982771231, 29.995183320061617 ], [ -110.007557373953105, 29.996009834727602 ], [ -110.005442799395823, 29.995861232089318 ], [ -110.004102214866478, 29.99472902365142 ], [ -110.001310423326984, 29.995440980716555 ], [ -109.99749907859254, 29.994486706254065 ], [ -109.996695568656705, 29.998406236260017 ], [ -109.991527434151351, 30.002357409826452 ], [ -109.996497920302517, 30.008991292706664 ], [ -110.007173539630969, 30.011969163078529 ], [ -110.01076604448707, 30.013706412503776 ], [ -110.01517716853634, 30.013426523315115 ], [ -110.019398045595921, 30.014964002382992 ], [ -110.021871874788189, 30.021526834711327 ], [ -110.024284946855929, 30.021265033629103 ], [ -110.027084481383, 30.025680943922495 ], [ -110.027361759231226, 30.037305396987797 ], [ -110.031922827601917, 30.042982058372864 ], [ -110.028657095834348, 30.04583972130861 ], [ -110.029511810266598, 30.048000047543141 ], [ -110.027133477286696, 30.048469118248128 ], [ -110.023117564294665, 30.050987192045021 ], [ -110.022967344993916, 30.053384157060883 ], [ -110.02147252508901, 30.055062609350884 ], [ -110.022144272292451, 30.057014093146595 ], [ -110.026214899980488, 30.05817742824263 ], [ -110.027771864433731, 30.060139023718957 ], [ -110.030192263546894, 30.061035197151551 ], [ -110.028917436074849, 30.063915589957002 ], [ -110.023700394756574, 30.064145309743104 ], [ -110.021854713930082, 30.063338336071624 ], [ -110.01997717990929, 30.065880857520931 ], [ -110.018391182687324, 30.0648700400154 ], [ -110.015496061771202, 30.065332940468732 ], [ -110.015141285494394, 30.068430590382473 ], [ -110.012482782417379, 30.07079855609615 ], [ -110.010955186649326, 30.069871037991032 ], [ -110.009343113735795, 30.071382559847063 ], [ -110.00910184167283, 30.073075381747216 ], [ -110.01333891379501, 30.073744768919273 ], [ -110.014010615496105, 30.075696288059024 ], [ -110.017165924676291, 30.07701475589672 ], [ -110.01630850351151, 30.079238120680959 ], [ -110.018918433231804, 30.081501454852372 ], [ -110.018154792599873, 30.084015405747138 ], [ -110.021387220802652, 30.084921097489254 ], [ -110.024709464505065, 30.089715252750473 ], [ -110.023798335323647, 30.09222754208119 ], [ -110.028374537004936, 30.093065771141518 ], [ -110.02692393572346, 30.095695975302817 ], [ -110.029466730581404, 30.09713120301938 ], [ -110.028288212399872, 30.099888601455671 ], [ -110.022091003411973, 30.107757946792468 ], [ -110.030197696894163, 30.108812309462635 ], [ -110.027657485008049, 30.111869974969739 ], [ -110.02740673866569, 30.113770302597043 ], [ -110.031112702770983, 30.120130975268783 ], [ -110.034574804260473, 30.131366200265727 ], [ -110.03383289232498, 30.141859149324858 ], [ -110.03142567738692, 30.147973739539104 ], [ -110.0315596185565, 30.151113243405693 ], [ -109.988409059964113, 30.169955983489082 ], [ -109.985982220585782, 30.1661554217137 ], [ -109.9551504376998, 30.16499347038193 ], [ -109.948651707163094, 30.163752163245935 ], [ -109.944196104529084, 30.166394346415466 ], [ -109.942033769934824, 30.169285139095578 ], [ -109.940637084434996, 30.173332847115049 ], [ -109.937072982953765, 30.176222977336252 ], [ -109.933002702539099, 30.182500080894435 ], [ -109.912125210766362, 30.20421696741748 ], [ -109.882945629146207, 30.213283188234278 ], [ -109.884351017620062, 30.219067488700901 ], [ -109.88830694851238, 30.226423573516794 ], [ -109.893791796093595, 30.23163272454606 ], [ -109.898898943393206, 30.242624490238011 ], [ -109.905913546461264, 30.245686262315481 ], [ -109.907064680716388, 30.250230921592564 ], [ -109.910254905051559, 30.253372447097984 ], [ -109.911146697175553, 30.252464250647193 ], [ -109.915227732291385, 30.253375599036911 ], [ -109.917531867081479, 30.26329091826587 ], [ -109.90402209300035, 30.273030764778117 ], [ -109.895617289661928, 30.291365162005835 ], [ -109.892811463704319, 30.29202388148547 ], [ -109.890517015223736, 30.294583102675002 ], [ -109.879548050267189, 30.297052162001631 ], [ -109.877507996185642, 30.299033067376023 ], [ -109.872277926025461, 30.29935864017235 ], [ -109.865262462308465, 30.301251890143476 ], [ -109.862584017081744, 30.302736220717602 ], [ -109.858629501831331, 30.303310391132538 ], [ -109.854803481398321, 30.307684832296303 ], [ -109.851614557330961, 30.309911897588524 ], [ -109.840259741623015, 30.307420331836308 ], [ -109.83604983967335, 30.308984869282082 ], [ -109.832366614380476, 30.318769561049308 ], [ -109.83350608270483, 30.322035639633281 ], [ -109.833186609141407, 30.324019788950448 ], [ -109.825052191139307, 30.330837922942205 ], [ -109.823577873883224, 30.343238848861319 ], [ -109.82141979354185, 30.34232857599698 ], [ -109.820340003366752, 30.3425348368858 ], [ -109.819576328168182, 30.343940024502167 ], [ -109.817281574288899, 30.35117323402682 ], [ -109.818040348956416, 30.353984545742495 ], [ -109.815939813805869, 30.357869415384702 ], [ -109.815744371396733, 30.361920453728825 ], [ -109.814218730164882, 30.362953218819513 ], [ -109.814914936557557, 30.364979094025827 ], [ -109.814067298984867, 30.382754007090554 ], [ -109.842020250141118, 30.382681226510762 ], [ -109.84284523636623, 30.383632205259289 ], [ -109.842779715534576, 30.385740434891947 ], [ -109.841189840679689, 30.387393565178233 ], [ -109.835087382960836, 30.390657573854163 ], [ -109.833939860800314, 30.394418980204829 ], [ -109.831015486829372, 30.395988877467925 ], [ -109.829873233515102, 30.394665676035427 ], [ -109.827393784350363, 30.396028952825372 ], [ -109.823448138259209, 30.401525396844033 ], [ -109.818360570202401, 30.405078340254182 ], [ -109.819500125044968, 30.408633876872667 ], [ -109.827562295483546, 30.415995194660546 ], [ -109.827052412835187, 30.417317815683187 ], [ -109.827682694142752, 30.422030553040027 ], [ -109.820559628272903, 30.42620284734592 ], [ -109.818776041135493, 30.429509090459373 ], [ -109.814580350479304, 30.430127251493655 ], [ -109.828930052047369, 30.452103471693782 ], [ -109.826009201170848, 30.468520220911532 ], [ -109.826602473262739, 30.470395522514142 ], [ -109.825270501644155, 30.472987093686665 ], [ -109.819598437722775, 30.470617465664379 ], [ -109.817356721191402, 30.474024004449081 ], [ -109.810938217098695, 30.479189245501257 ], [ -109.81006247273632, 30.481290243651159 ], [ -109.802583904867248, 30.490656986867783 ], [ -109.804590283635278, 30.497766733936064 ], [ -109.803831594458586, 30.507384038283679 ], [ -109.802613634726072, 30.511370750857147 ], [ -109.796639930160651, 30.521277628432919 ], [ -109.799578482163255, 30.522083080906786 ], [ -109.799762453978403, 30.526224413266856 ], [ -109.807982320070252, 30.531545063291734 ], [ -109.815588433081913, 30.538444389425184 ], [ -109.824123324784836, 30.5571013741116 ], [ -109.829271632144057, 30.56103692059294 ], [ -109.829966194485181, 30.565174101488925 ], [ -109.828244943691431, 30.569579380351964 ], [ -109.830693274995426, 30.57163098084991 ], [ -109.837090396117503, 30.573733297798196 ], [ -109.848385535268378, 30.57993791076591 ], [ -109.850332209805913, 30.582490426138321 ], [ -109.852985268024412, 30.589925605827617 ], [ -109.850122973437024, 30.594672020489465 ], [ -109.836330728286171, 30.601247632719453 ], [ -109.8337867029378, 30.601516852252011 ], [ -109.833588857333581, 30.605578380337537 ], [ -109.81270248515041, 30.615274306153132 ], [ -109.808887809888446, 30.625081394126301 ], [ -109.792316949718241, 30.633993918529935 ], [ -109.792730729068509, 30.636310611659898 ], [ -109.794156024024829, 30.638039449161063 ], [ -109.799673684360201, 30.64081338750238 ], [ -109.807202094659999, 30.641499895744833 ], [ -109.812454050704403, 30.643446860788991 ], [ -109.815295303017237, 30.646158499947866 ], [ -109.817077084469332, 30.64597861277905 ], [ -109.818618915261439, 30.646877725047453 ], [ -109.820067809803987, 30.650263200855175 ], [ -109.823009279790469, 30.650985370216791 ], [ -109.824957786652632, 30.653621103057187 ], [ -109.830975449878892, 30.655561206196513 ], [ -109.832525680824261, 30.657040078126776 ], [ -109.835331060497865, 30.666214277074555 ], [ -109.834325305889891, 30.667216675044752 ], [ -109.827588305528195, 30.668596672548098 ], [ -109.822044325169273, 30.673280958261611 ], [ -109.818495826040092, 30.674800648841689 ], [ -109.813580963529745, 30.688179199914629 ], [ -109.817024313809668, 30.688234728717362 ], [ -109.807184639042759, 30.705214713183636 ], [ -109.81070724152184, 30.710986704621703 ], [ -109.819715050119868, 30.716797919139086 ], [ -109.818901488703588, 30.722521296836547 ], [ -109.819905534965343, 30.730550111734178 ], [ -109.819663744730136, 30.749939742537112 ], [ -109.820765800023352, 30.755813564946024 ], [ -109.82299670894885, 30.760269880278706 ], [ -109.824943857443728, 30.762657094137548 ], [ -109.83355941143347, 30.76739352746748 ], [ -109.837012576377219, 30.76794566333486 ], [ -109.842490985315862, 30.767321332564574 ], [ -109.85901435364795, 30.771660276871668 ], [ -109.863679007813161, 30.776592996504281 ], [ -109.866558735873085, 30.781623238792164 ], [ -109.871329246848788, 30.784980593411319 ], [ -109.875376003851116, 30.782378315665365 ], [ -109.883012115461696, 30.789688272437452 ], [ -109.885693430852157, 30.789748516086703 ], [ -109.889487189468639, 30.787313639442985 ], [ -109.899100084927767, 30.790048903509639 ], [ -109.910641991965747, 30.81099498279729 ], [ -109.907409707434098, 30.8169055370244 ], [ -109.905464678173573, 30.823550641734617 ], [ -109.904271235509128, 30.846594471001829 ], [ -109.905447353061177, 30.848407188813635 ], [ -109.909963408376925, 30.851516856478693 ], [ -109.916984901326472, 30.859907396081219 ], [ -109.91949646649212, 30.865602593825489 ], [ -109.920594632570683, 30.870730048180643 ], [ -109.925393640181483, 30.875576707913385 ], [ -109.971658311492419, 30.880143634810317 ], [ -109.971603399100601, 30.883376859103173 ], [ -109.939430428756694, 30.903898827020328 ], [ -109.931903622561549, 30.910443743788456 ], [ -109.9304603685883, 30.912582588473516 ], [ -109.938591521061355, 30.922794430415429 ], [ -109.941931793396606, 30.929218354102073 ], [ -109.94103274833904, 30.936836303290359 ], [ -109.935375716167457, 30.953353473196156 ], [ -109.93301235439607, 30.956891098160643 ], [ -109.916377419625562, 30.9720336161574 ], [ -109.905914200389873, 30.985092302343769 ], [ -109.905164527716963, 30.991302097728468 ], [ -109.908942767581863, 30.99466413768311 ], [ -109.909282475131249, 30.997155723527595 ], [ -109.905614436833289, 31.009217634494732 ], [ -109.908883379738995, 31.019704423897906 ], [ -109.911485001108588, 31.024544775567929 ], [ -109.905824623789258, 31.04064568571232 ], [ -109.90875748517773, 31.041261314774601 ], [ -109.915214865820275, 31.04523568501715 ], [ -109.91693479511828, 31.049319137795624 ], [ -109.920687963313782, 31.054255949036477 ], [ -109.923840900861563, 31.056946771993768 ], [ -109.925706849317706, 31.060036840866349 ], [ -109.924919860937393, 31.068402079592854 ], [ -109.932842333860222, 31.083918372412956 ], [ -109.933510920985725, 31.096944140198858 ], [ -109.936409515462444, 31.09963166106348 ], [ -109.944963947832406, 31.101141769040211 ], [ -109.94743426821465, 31.106394427073226 ], [ -109.948002646126071, 31.110546886963562 ], [ -109.953060948135004, 31.121716739723549 ], [ -109.95776453616574, 31.116381929037569 ], [ -109.958864783982065, 31.112000142520916 ], [ -109.958658662897761, 31.109095674309678 ], [ -109.961887681596153, 31.09977932033803 ], [ -109.964327392788093, 31.099708889731033 ], [ -109.968447810731931, 31.105892318294821 ], [ -109.972370715232373, 31.10867376399613 ], [ -109.976369620066151, 31.114523875977309 ], [ -109.977064545074541, 31.118843507784369 ], [ -109.993714011985105, 31.134207150904615 ], [ -110.017419565505207, 31.126265127045563 ], [ -110.024966850072119, 31.126929542880042 ], [ -110.028088179820699, 31.131856243998659 ], [ -110.033144936322728, 31.13597507888197 ], [ -110.056851702250853, 31.151491267985236 ], [ -110.059784970757661, 31.152352209136108 ], [ -110.070827286174705, 31.150978881579888 ], [ -110.079135093623918, 31.152311647820785 ], [ -110.083878188082934, 31.152196392919461 ], [ -110.091775648973226, 31.155182316711624 ], [ -110.099460519574819, 31.155429259757433 ], [ -110.114409779111796, 31.158239074361042 ], [ -110.120820134688515, 31.15805688647249 ], [ -110.128992231792623, 31.159965459412412 ], [ -110.133074571305698, 31.161168265723635 ], [ -110.151903423078721, 31.170232297232189 ], [ -110.161088628932475, 31.173061179404435 ], [ -110.171353031617357, 31.180875206938186 ], [ -110.175430616470138, 31.182491216046909 ], [ -110.185321519290426, 31.181096605671197 ], [ -110.189147953387661, 31.182378036008586 ], [ -110.196011303830829, 31.186342435118387 ], [ -110.20280069252415, 31.186657387340034 ], [ -110.205638706841739, 31.185441192393956 ], [ -110.209461962530114, 31.186970742432855 ], [ -110.213515078060766, 31.190326578573682 ], [ -110.214638447433288, 31.192410338925367 ], [ -110.212378272708818, 31.197944008536094 ], [ -110.20755880896543, 31.203121193109087 ], [ -110.200450759884063, 31.206949236025103 ], [ -110.19499284234503, 31.211870960741681 ], [ -110.198239280238766, 31.217789798050223 ], [ -110.198594551268911, 31.219783272287017 ], [ -110.197148654196127, 31.222173743373212 ], [ -110.197630913411018, 31.224251376494472 ], [ -110.195359139903786, 31.230447928572406 ], [ -110.192266867368161, 31.231412633503805 ], [ -110.191743164620974, 31.240777079987964 ], [ -110.187440647676752, 31.254084340115433 ], [ -110.183362280167003, 31.252302864107417 ], [ -110.181707887528489, 31.259997729221734 ], [ -110.186966737574465, 31.268672945996787 ], [ -110.186803857829943, 31.270992995197901 ], [ -110.183528624232707, 31.275521064878628 ], [ -110.180559325222376, 31.276735433047026 ], [ -110.177481563187428, 31.276621997903636 ], [ -110.174114804934234, 31.278661429779294 ], [ -110.172025877288974, 31.281045182920817 ], [ -110.169971867113645, 31.281107602381219 ], [ -110.167236265174495, 31.283816479277167 ], [ -110.165730855576584, 31.290020094087165 ], [ -110.163391122347804, 31.291986606730262 ], [ -110.165130997191866, 31.295735271342036 ], [ -110.171261474128144, 31.297703649891783 ], [ -110.174922899896302, 31.301720088469622 ], [ -110.179890319558027, 31.304256890227251 ], [ -110.193178725384527, 31.308284951431254 ], [ -110.205266677247636, 31.306744625616258 ], [ -110.214969128657643, 31.310320975835221 ], [ -110.21250154470485, 31.312287148824581 ], [ -110.20752705839908, 31.318872271399933 ], [ -110.204050608959747, 31.319584754004843 ], [ -110.204024941273445, 31.321325733981045 ], [ -110.202701033481446, 31.324049069350217 ], [ -110.201665607049293, 31.324619394560624 ], [ -110.202378229713645, 31.328523369366884 ], [ -110.199308560206333, 31.327747200130656 ], [ -110.198402662968704, 31.328235847083302 ], [ -110.197226516598306, 31.329633916244521 ], [ -110.196402241679593, 31.333274137543054 ] ] ] } },
{ "type": "Feature", "properties": { "ID": 527.0, "ENTIDAD": 26, "DISTRITO_L": 8, "TIPO": 0, "CONTROL": 0.0, "GEOMETRY1_": null }, "geometry": { "type": "Polygon", "coordinates": [ [ [ -111.022223159639154, 29.087618879374276 ], [ -111.006715555305689, 29.088296572084776 ], [ -111.005877241007497, 29.082572545826007 ], [ -110.995555692196817, 29.085195227966828 ], [ -110.984186432498007, 29.085332054039647 ], [ -110.967019132553915, 29.080078889706868 ], [ -110.957947248295994, 29.080694106870034 ], [ -110.957537305183948, 29.079021025264591 ], [ -110.943486074970963, 29.079680882852877 ], [ -110.937427258401726, 29.078963980426355 ], [ -110.937123119204145, 29.079665447168555 ], [ -110.934547766465471, 29.079798082375344 ], [ -110.931416389251496, 29.079073855299654 ], [ -110.931415290518345, 29.080732836777962 ], [ -110.929953062362074, 29.082601099590047 ], [ -110.927731659452022, 29.082519284390802 ], [ -110.922178679996549, 29.084243374038035 ], [ -110.920415329301335, 29.082234285777343 ], [ -110.9192661888532, 29.068328795512688 ], [ -110.922806401385316, 29.065328376679368 ], [ -110.923474992818768, 29.063773909773953 ], [ -110.923673751994386, 29.055071335603429 ], [ -110.919331139714643, 29.054357918744252 ], [ -110.918346933593014, 29.052873075461608 ], [ -110.91905288749571, 29.050152382344329 ], [ -110.917860085383367, 29.045513387812434 ], [ -110.912681303532324, 29.035655731545496 ], [ -110.926307075368626, 29.037395149220028 ], [ -110.937808723318312, 29.040874191024027 ], [ -110.942372882894347, 29.043067266959159 ], [ -110.939818224245002, 29.04806959204295 ], [ -110.938969521598011, 29.047754806848193 ], [ -110.938305422090622, 29.049149621830527 ], [ -110.940851317338058, 29.05002331318947 ], [ -110.943976379226072, 29.04982462134905 ], [ -110.945352748615136, 29.050640909857211 ], [ -110.947298142492897, 29.049407717395962 ], [ -110.949056459893455, 29.046152269529664 ], [ -110.951426178834751, 29.046236549270688 ], [ -110.950776971152834, 29.041331911514817 ], [ -110.95305598230442, 29.039972163245267 ], [ -110.95587408986863, 29.040400941847651 ], [ -110.956073029832936, 29.039349493018229 ], [ -110.958051238292668, 29.0396012875662 ], [ -110.958490937207046, 29.037617583459689 ], [ -110.95998099401622, 29.038589887580912 ], [ -110.961237551810171, 29.043259186136108 ], [ -110.963898553241805, 29.042809726882808 ], [ -110.964376897466323, 29.044099827730431 ], [ -110.968803889819711, 29.043055326620131 ], [ -110.969675871613447, 29.046341143848355 ], [ -110.976226272136003, 29.044858247748667 ], [ -110.978265152528948, 29.045395534828938 ], [ -110.980443009820817, 29.042492730326639 ], [ -110.982578889266051, 29.043443006820382 ], [ -110.982786582908886, 29.041911809535094 ], [ -110.983850806396958, 29.042075612395191 ], [ -110.984394467094063, 29.039508183323051 ], [ -110.985859988533591, 29.039194438378058 ], [ -110.98652620280059, 29.039839134968624 ], [ -110.989564490210469, 29.037679998170088 ], [ -110.998245853238785, 29.037005571360385 ], [ -110.996900411108868, 29.035993824142729 ], [ -111.00436726898937, 29.032450909455338 ], [ -111.011851116985056, 29.044125191323328 ], [ -111.009356874224153, 29.045843765921489 ], [ -111.011938302826863, 29.049415623886198 ], [ -111.014119813982234, 29.057609450019232 ], [ -111.029376229043876, 29.053448608444544 ], [ -111.032838163911038, 29.061225077501266 ], [ -111.029361884405432, 29.06534183873913 ], [ -111.026364822549695, 29.067339087923997 ], [ -111.01961374253149, 29.069759925382773 ], [ -111.022473275172473, 29.078762962554151 ], [ -111.022223159639154, 29.087618879374276 ] ] ] } },
{ "type": "Feature", "properties": { "ID": 528.0, "ENTIDAD": 26, "DISTRITO_L": 9, "TIPO": 0, "CONTROL": 0.0, "GEOMETRY1_": null }, "geometry": { "type": "Polygon", "coordinates": [ [ [ -110.770596746542708, 29.130498503479853 ], [ -110.759849793671748, 29.128471135245618 ], [ -110.74915391615086, 29.124634725690093 ], [ -110.744497526229168, 29.120464039432253 ], [ -110.744071363260758, 29.117745318109726 ], [ -110.696555618864195, 29.096982721137433 ], [ -110.703285126484772, 29.122058838557194 ], [ -110.695785541468098, 29.119583063192774 ], [ -110.686001933877705, 29.123482305544144 ], [ -110.676437565612275, 29.12409496598703 ], [ -110.673817168668137, 29.123484425195784 ], [ -110.669815355548323, 29.118497673553151 ], [ -110.664863978432237, 29.115964645974731 ], [ -110.662540014913773, 29.113795682644007 ], [ -110.658301998909437, 29.112669745493033 ], [ -110.650950870593306, 29.114954810795542 ], [ -110.647314502133838, 29.114741091798894 ], [ -110.640966069005273, 29.112763759178815 ], [ -110.637158823597844, 29.114109622158221 ], [ -110.627347929908964, 29.110275520793174 ], [ -110.560229843272637, 29.132628058568869 ], [ -110.552954931824218, 29.125827562618611 ], [ -110.554026987045802, 29.119327986776248 ], [ -110.545826719259054, 29.111769538395905 ], [ -110.547823947145019, 29.109244862661136 ], [ -110.54861929604408, 29.110289046277369 ], [ -110.552056840053098, 29.107952834925204 ], [ -110.551479514221683, 29.105427334347478 ], [ -110.552699341702194, 29.104086070586611 ], [ -110.548702948360329, 29.09985482815771 ], [ -110.545585810628211, 29.073735438408246 ], [ -110.541033343202997, 29.062895226149354 ], [ -110.536591082762342, 29.062203579604663 ], [ -110.53112610208548, 29.065537210856519 ], [ -110.528070001048505, 29.064579378813853 ], [ -110.488407617849873, 29.039995449887645 ], [ -110.451112241338222, 29.04279962712031 ], [ -110.438201843385357, 29.040981448840277 ], [ -110.431360840061899, 29.037375347832949 ], [ -110.425302607712126, 29.011893321627191 ], [ -110.427777588535236, 29.008970973088811 ], [ -110.428496583981214, 29.006021910855495 ], [ -110.428478011984382, 28.998539434416845 ], [ -110.439021849207862, 28.994266143631421 ], [ -110.440956214655401, 28.992644063934193 ], [ -110.451873810427344, 28.992561882002711 ], [ -110.460837104179703, 28.99483403551784 ], [ -110.462871360759735, 28.993960007129616 ], [ -110.463258488798317, 28.989525794873661 ], [ -110.467743243406531, 28.986468282453025 ], [ -110.473348714239251, 28.983673951296517 ], [ -110.478487289621398, 28.983832464383308 ], [ -110.485320372977768, 28.980339381544646 ], [ -110.496402053101662, 28.978940454410196 ], [ -110.501942578504881, 28.979820426607581 ], [ -110.50609285394772, 28.979470066302049 ], [ -110.514352377541726, 28.975972808280179 ], [ -110.520737071261934, 28.976394513237484 ], [ -110.527218277872649, 28.973610644082289 ], [ -110.534286555021026, 28.972150481221831 ], [ -110.538937950080168, 28.971806329583004 ], [ -110.550977815015017, 28.974469120049562 ], [ -110.55624045360004, 28.972053996975863 ], [ -110.558946893847107, 28.969625869489469 ], [ -110.561189383421009, 28.965878000442398 ], [ -110.565765357628194, 28.963884942193804 ], [ -110.570120664429098, 28.960822179675041 ], [ -110.581577853794528, 28.95740767138161 ], [ -110.589674549487341, 28.95271071126302 ], [ -110.633945578780867, 28.952665522002636 ], [ -110.641113088895594, 28.960656651901516 ], [ -110.728439533146059, 28.968313111783928 ], [ -110.753765089372024, 28.964199223985531 ], [ -110.758851144728808, 28.961715268488863 ], [ -110.76274001998712, 28.961682549368433 ], [ -110.767839436111302, 28.95870509646841 ], [ -110.794304295232592, 28.949500309133001 ], [ -110.810553320212065, 28.91936238880114 ], [ -110.81913586481555, 28.917248232168689 ], [ -110.823777238922517, 28.917140792923437 ], [ -110.830392177678519, 28.913604007344755 ], [ -110.838560065911423, 28.912881319854137 ], [ -110.821671950499294, 28.874770676035375 ], [ -110.831633007040438, 28.872508209414335 ], [ -110.837553504173542, 28.869643791546881 ], [ -110.854731870306352, 28.866292719031755 ], [ -110.86501871519016, 28.865840613952368 ], [ -110.869631363567478, 28.866717933800377 ], [ -110.877012849308386, 28.862448016968479 ], [ -110.877970798253287, 28.859417184394395 ], [ -110.875456832759426, 28.855029549766936 ], [ -110.874094415811271, 28.849751133954658 ], [ -110.870783253028023, 28.847080591820681 ], [ -110.866329732231804, 28.844971871253346 ], [ -110.866903324582722, 28.84226539889303 ], [ -110.866217994523723, 28.839790530075131 ], [ -110.863267596651113, 28.837699664446362 ], [ -110.860393997701451, 28.837418546958773 ], [ -110.85891997969658, 28.836331960553277 ], [ -110.850973927463386, 28.824396247042337 ], [ -110.844295913813454, 28.816586543310091 ], [ -110.834032863928201, 28.807088354614134 ], [ -110.829364862071998, 28.80374241872801 ], [ -110.826002558095055, 28.798438974028716 ], [ -110.817113070753052, 28.789202945869331 ], [ -110.816174447772596, 28.786889123603345 ], [ -110.81614336318566, 28.783435375094861 ], [ -110.819576532972846, 28.776899786012553 ], [ -110.829171202124058, 28.767585384362988 ], [ -110.834461724986596, 28.757125412683184 ], [ -110.83862735052864, 28.746569319753746 ], [ -110.843572528145529, 28.739558168199274 ], [ -110.859840912673945, 28.722710701505786 ], [ -110.862602118821187, 28.717728191880521 ], [ -110.863899541350349, 28.711330284756944 ], [ -110.867537944140182, 28.706275956017144 ], [ -110.870097925422442, 28.699925740273024 ], [ -110.872603941760644, 28.697022374793519 ], [ -110.874700539638738, 28.69203396517706 ], [ -110.875871141428419, 28.688176197318256 ], [ -110.875838872307767, 28.68320259036285 ], [ -110.872322033221351, 28.67206750758783 ], [ -110.861015502564172, 28.664494951592523 ], [ -110.827182319962233, 28.637215788611964 ], [ -110.82249362089658, 28.587751326995658 ], [ -110.779731961980829, 28.559589345277018 ], [ -110.779652439669377, 28.555774257125297 ], [ -110.778255239196127, 28.55067286008169 ], [ -110.77974307038366, 28.548152242159741 ], [ -110.780828559386237, 28.540645643542 ], [ -110.811623413093372, 28.531206557310966 ], [ -110.834857283822032, 28.514554629814711 ], [ -110.838174950602649, 28.513004219218505 ], [ -110.843126500440462, 28.514075703002316 ], [ -110.847609012174559, 28.517286748631197 ], [ -110.849998372973062, 28.516949323514201 ], [ -110.853171867481706, 28.512990415136308 ], [ -110.85984073923116, 28.513726667069133 ], [ -110.871118192369678, 28.516964814957404 ], [ -110.882590579092536, 28.514679904845416 ], [ -110.89305387724535, 28.51832909171582 ], [ -110.907343460965009, 28.514474350186369 ], [ -110.909190232253863, 28.515113178475062 ], [ -110.916239931101799, 28.513928040252338 ], [ -110.921577475437573, 28.514760250463972 ], [ -110.934656955995905, 28.509952688963345 ], [ -110.999389302740994, 28.518694618217189 ], [ -111.047151493629798, 28.509232352751205 ], [ -111.04558316950849, 28.50197401672963 ], [ -111.042884163912959, 28.497830085374439 ], [ -111.048709057363467, 28.463367611791121 ], [ -111.055063923981791, 28.463728670681697 ], [ -111.058965254150593, 28.466003170353613 ], [ -111.065029431698761, 28.4643658472475 ], [ -111.072278424131767, 28.464256241518495 ], [ -111.07561183237037, 28.459219934060986 ], [ -111.076845267927851, 28.453622160362297 ], [ -111.075677622310991, 28.445713396790598 ], [ -111.080215786741761, 28.438724816142294 ], [ -111.08075240063917, 28.43186260702057 ], [ -111.078417105631971, 28.413061577208865 ], [ -111.078939868419255, 28.406530426442501 ], [ -111.083358400258319, 28.399372356639883 ], [ -111.085283152329112, 28.392138092501156 ], [ -111.086324120558288, 28.379158461977994 ], [ -111.090066491590164, 28.376206199644802 ], [ -111.104760405200821, 28.376984775387012 ], [ -111.107494765525317, 28.374250057187716 ], [ -111.108899224771264, 28.370480444615012 ], [ -111.112362905434054, 28.365198650035211 ], [ -111.119023085646191, 28.364074429960265 ], [ -111.129865332807881, 28.3704520204669 ], [ -111.132597059015509, 28.370783084790563 ], [ -111.137529554725532, 28.369191452768643 ], [ -111.141866024455723, 28.366918715482193 ], [ -111.144845022112932, 28.364273522554441 ], [ -111.150085473578784, 28.358215532972061 ], [ -111.150278168991719, 28.356563847011081 ], [ -111.160723502501085, 28.354391061218902 ], [ -111.167325677955844, 28.351605314465505 ], [ -111.178879147331216, 28.343663197333356 ], [ -111.188427008483842, 28.338975377655103 ], [ -111.201328158571712, 28.337701378072147 ], [ -111.204736032570651, 28.336725122626092 ], [ -111.210480572904345, 28.33349756223625 ], [ -111.216702432433436, 28.327714840937904 ], [ -111.220639028630686, 28.329074257246269 ], [ -111.218787481315729, 28.347085689588017 ], [ -111.261538472562535, 28.335662767163608 ], [ -111.265909303650673, 28.319962115902957 ], [ -111.258618815501904, 28.318257297613354 ], [ -111.284450865621892, 28.299121767374938 ], [ -111.283517092963322, 28.297520064567291 ], [ -111.284269280844967, 28.291160881607372 ], [ -111.297825630360833, 28.288902607441727 ], [ -111.29934022813984, 28.285300193889622 ], [ -111.30208367109887, 28.2821477056094 ], [ -111.311079858369226, 28.278512992933919 ], [ -111.313793307041664, 28.276105251490314 ], [ -111.317509019176626, 28.267262494553016 ], [ -111.345155452158551, 28.245765296327118 ], [ -111.356110346331604, 28.220637778328605 ], [ -111.360499072109292, 28.219934447457224 ], [ -111.363811138169595, 28.221272008215625 ], [ -111.37226996158951, 28.218446868849565 ], [ -111.375182915123048, 28.220435743782911 ], [ -111.373998166321044, 28.222059426604059 ], [ -111.375008688109489, 28.224905723892508 ], [ -111.377276921060002, 28.227456289198891 ], [ -111.376046966480416, 28.230238871730574 ], [ -111.372189917277325, 28.23327818090706 ], [ -111.373564272985192, 28.236383442631542 ], [ -111.374038235994405, 28.24020889969837 ], [ -111.377684598348893, 28.245781909079913 ], [ -111.380845354280211, 28.244628652903614 ], [ -111.385350858962269, 28.250557297259164 ], [ -111.386744132181889, 28.256397590228918 ], [ -111.385657928192032, 28.258687114260624 ], [ -111.386575783741478, 28.263933840303284 ], [ -111.389897385075969, 28.271486079771396 ], [ -111.39145836822928, 28.273021896737639 ], [ -111.394593318844244, 28.275762366420167 ], [ -111.396445242867486, 28.276229065399864 ], [ -111.399699131929239, 28.275906662432376 ], [ -111.404415792126272, 28.273222289998593 ], [ -111.406772238060327, 28.273537344987101 ], [ -111.408020387499974, 28.276721493298446 ], [ -111.410293712129217, 28.27918869514955 ], [ -111.411510039126526, 28.283200579628161 ], [ -111.414607432583438, 28.286933904043636 ], [ -111.418682297028695, 28.287960003348374 ], [ -111.421942851205785, 28.287471513439126 ], [ -111.424002717047472, 28.289020933305771 ], [ -111.424386081710509, 28.29201489707998 ], [ -111.425698751303557, 28.293543320908565 ], [ -111.432498253392666, 28.295059711284321 ], [ -111.435440349226397, 28.299616831862384 ], [ -111.439334118426899, 28.302128814178506 ], [ -111.441452372040956, 28.30541976793068 ], [ -111.448399612830244, 28.306359389767078 ], [ -111.449613594713369, 28.307221882234963 ], [ -111.449247138264965, 28.310277708376752 ], [ -111.450726168676766, 28.310733244991948 ], [ -111.449928001801496, 28.312036862655166 ], [ -111.45532066757049, 28.314507238773587 ], [ -111.45657708164687, 28.317525347773334 ], [ -111.455305934249722, 28.318152915802713 ], [ -111.455379857632238, 28.319480821531101 ], [ -111.453638849345595, 28.319349513078318 ], [ -111.453005319814906, 28.326126859235707 ], [ -111.458746499007262, 28.335816045378824 ], [ -111.45877934983362, 28.338220050416474 ], [ -111.459968475771774, 28.339744659960317 ], [ -111.460141781942284, 28.341738237618195 ], [ -111.459173374613528, 28.340965550061583 ], [ -111.458391362748785, 28.351633425381397 ], [ -111.457076675034614, 28.356651661951421 ], [ -111.454814377825059, 28.357085960380733 ], [ -111.452875245168386, 28.358855056229046 ], [ -111.451548695015887, 28.357658029739898 ], [ -111.446087265006, 28.356925859429893 ], [ -111.4414538055115, 28.357376693345273 ], [ -111.433455794537892, 28.360965087619753 ], [ -111.432551523461413, 28.361768455296975 ], [ -111.433337983781442, 28.364027824234981 ], [ -111.436310694194773, 28.3678398696191 ], [ -111.439784724335013, 28.368351217478796 ], [ -111.440369783204076, 28.369361932791641 ], [ -111.43120721749969, 28.370763212174534 ], [ -111.431300002397705, 28.371594464533505 ], [ -111.445069708817471, 28.37695089506515 ], [ -111.45149868369505, 28.381770371394563 ], [ -111.44939031553352, 28.37491676117963 ], [ -111.450754123827366, 28.371888718332606 ], [ -111.456914395353635, 28.367419601032381 ], [ -111.454746898142048, 28.365370590903414 ], [ -111.454570480089771, 28.363459789524921 ], [ -111.458383544446988, 28.364891607538318 ], [ -111.456675458136118, 28.360618032888876 ], [ -111.457074679730283, 28.359966207921147 ], [ -111.459068781824882, 28.360021610718928 ], [ -111.461240712182203, 28.365219541871639 ], [ -111.470979870985232, 28.374853218010355 ], [ -111.491497208855975, 28.386606249913289 ], [ -111.507344274153326, 28.3932562935547 ], [ -111.51685349901868, 28.395919617739739 ], [ -111.524658306994397, 28.400773058344267 ], [ -111.545088126967741, 28.405140464146211 ], [ -111.551625340379729, 28.407223456241898 ], [ -111.555484498997828, 28.407493623139473 ], [ -111.563867752406111, 28.410288821991401 ], [ -111.574052535694619, 28.411640486365254 ], [ -111.591748245300238, 28.419158660956047 ], [ -111.600443293125508, 28.423699929343474 ], [ -111.615231791983049, 28.42889999987975 ], [ -111.622565811637031, 28.433154986995586 ], [ -111.630453889455197, 28.435932774169547 ], [ -111.639501910742069, 28.441143624074495 ], [ -111.647512721437948, 28.444006475971786 ], [ -111.662955561521173, 28.445075508750552 ], [ -111.673924996723741, 28.449008660719432 ], [ -111.691590214499911, 28.450795375869451 ], [ -111.705204709591669, 28.454131911149254 ], [ -111.710726189057468, 28.456843495520843 ], [ -111.710862842023971, 28.459995544972855 ], [ -111.710188588836701, 28.461386634199897 ], [ -111.708810355177377, 28.461516655334883 ], [ -111.705834242160876, 28.457462464661532 ], [ -111.702575886467869, 28.457792234918461 ], [ -111.694024857088138, 28.455995816761689 ], [ -111.692085601969112, 28.454371090983692 ], [ -111.68698299965618, 28.453906766277392 ], [ -111.687436419203294, 28.458641398148117 ], [ -111.688766857269869, 28.459836049872465 ], [ -111.695832994345608, 28.461262770423286 ], [ -111.695110824046324, 28.463978244756145 ], [ -111.698826352811196, 28.468300448961529 ], [ -111.696839106879196, 28.468000255501966 ], [ -111.695817164174613, 28.468636543216302 ], [ -111.6967556472827, 28.47031805242958 ], [ -111.700133215133079, 28.470157211091735 ], [ -111.700860956353296, 28.470756092220878 ], [ -111.698635683334146, 28.473598270201158 ], [ -111.699188030699801, 28.475601152181955 ], [ -111.70320151560928, 28.475125315595719 ], [ -111.706389041361163, 28.476782204914304 ], [ -111.710610465549749, 28.473991586913499 ], [ -111.707408176227261, 28.469268757702217 ], [ -111.709050893777729, 28.468731318154148 ], [ -111.708510286140438, 28.466397362535869 ], [ -111.711852077966526, 28.467229575068476 ], [ -111.712371983535661, 28.470142965788259 ], [ -111.711691952502861, 28.482139392993616 ], [ -111.713052877608945, 28.48946584792332 ], [ -111.715097313623559, 28.49515283708104 ], [ -111.719709444944229, 28.502397446962821 ], [ -111.729618829589114, 28.515246632409056 ], [ -111.73435387748458, 28.519096789692927 ], [ -111.737701431425975, 28.523325434841482 ], [ -111.739997543833468, 28.529018391205245 ], [ -111.741706160415603, 28.537181844254928 ], [ -111.74694752448417, 28.547921280457128 ], [ -111.7548256804684, 28.568918654812009 ], [ -111.76059597576976, 28.578925205749496 ], [ -111.763183238621352, 28.590590382793042 ], [ -111.771840368183433, 28.600338342303829 ], [ -111.773759459197251, 28.606186640935316 ], [ -111.778944510801978, 28.611620524056956 ], [ -111.789028687105798, 28.619994869333347 ], [ -111.812438650607291, 28.633591200805562 ], [ -111.830872895446078, 28.64656218398726 ], [ -111.852368593000691, 28.657949293942963 ], [ -111.857995188201855, 28.661650937758758 ], [ -111.868206835208071, 28.670270518619787 ], [ -111.884398566403092, 28.686989230978266 ], [ -111.907189799249139, 28.704063274927005 ], [ -111.90924671622372, 28.711951818302531 ], [ -111.923253625735271, 28.717516205039363 ], [ -111.924226004525323, 28.71869190643611 ], [ -111.925322979184401, 28.730030611342332 ], [ -111.926650521659454, 28.732039358357671 ], [ -111.931552165181159, 28.736348885949614 ], [ -111.937335631411713, 28.745549269574834 ], [ -111.942262656345065, 28.74886759031007 ], [ -111.950100901815887, 28.756042489786545 ], [ -111.950645960032261, 28.75935733778925 ], [ -111.945917700140356, 28.763229885461804 ], [ -111.93903935206292, 28.762847236665877 ], [ -111.934763220655555, 28.763589289376348 ], [ -111.932655627346236, 28.762721784798241 ], [ -111.921239137327547, 28.768609501005368 ], [ -111.916654993693712, 28.771657872867845 ], [ -111.903637504639164, 28.786433944152265 ], [ -111.90061419465296, 28.78711725992747 ], [ -111.902202993736054, 28.783679415207391 ], [ -111.90488143161798, 28.78175012391096 ], [ -111.903416115194503, 28.78023408460535 ], [ -111.901121501976789, 28.78184056110241 ], [ -111.898114787582429, 28.781863296436256 ], [ -111.895714017228784, 28.77768512288646 ], [ -111.895878384831377, 28.776118878469124 ], [ -111.893417986226495, 28.774335052367668 ], [ -111.89090066538337, 28.769824019918524 ], [ -111.890849862831374, 28.7668491631932 ], [ -111.887818682887854, 28.757867012097829 ], [ -111.884903757313992, 28.754256550825893 ], [ -111.87965604396085, 28.743825408565005 ], [ -111.877261606685423, 28.744438177361388 ], [ -111.876715311651381, 28.74624456375825 ], [ -111.878507479551445, 28.749667470187791 ], [ -111.877337469373884, 28.751378724276005 ], [ -111.874504580966985, 28.749504418261008 ], [ -111.871738676238337, 28.749944409098994 ], [ -111.865424558397379, 28.757004020191591 ], [ -111.857822653750191, 28.760485181016737 ], [ -111.840661958923775, 28.760632568881711 ], [ -111.833972509840009, 28.757770135572326 ], [ -111.823991411429077, 28.766074793965021 ], [ -111.815488004943745, 28.765569948966462 ], [ -111.813069270064716, 28.767089817575062 ], [ -111.716378975652631, 28.76713257754129 ], [ -111.716614315198612, 28.763006969066559 ], [ -111.701850843577446, 28.77177946487242 ], [ -111.640448898314133, 28.772765840027166 ], [ -111.631942972000644, 28.767788180725713 ], [ -111.555339772746976, 28.769837848612259 ], [ -111.555703544259288, 28.790611472363853 ], [ -111.54838108149697, 28.790552143685442 ], [ -111.546467976542104, 28.791748318239076 ], [ -111.528157060982267, 28.788029914463824 ], [ -111.524230740277787, 28.785131876620078 ], [ -111.521554481142658, 28.786723474886109 ], [ -111.475326534499118, 28.778064687045052 ], [ -111.475294078282644, 28.770343485819144 ], [ -111.398482774630963, 28.755862403951795 ], [ -111.395622012375938, 28.786216727726192 ], [ -111.391976776103249, 28.792145655477466 ], [ -111.391458730513676, 28.838979461928083 ], [ -111.324633508019531, 28.897117597194168 ], [ -111.32345695269106, 28.906921166296112 ], [ -111.308498693484211, 28.907963813292717 ], [ -111.289761718208865, 28.925292365452869 ], [ -111.250092375381641, 28.954786455926349 ], [ -111.237944761435131, 28.962004886815063 ], [ -111.232943168905081, 28.949404847146841 ], [ -111.226526693173682, 28.945940614697008 ], [ -111.217413277192051, 28.948440411719044 ], [ -111.204349604027044, 28.948857874735392 ], [ -111.202732632057376, 28.948404296776246 ], [ -111.201674691026071, 28.94218101034318 ], [ -111.199827986811471, 28.941060648336897 ], [ -111.196502770982278, 28.943042914088966 ], [ -111.192487650573781, 28.946990765911369 ], [ -111.187707309622866, 28.947366423641085 ], [ -111.141999801274551, 28.987274331754154 ], [ -111.113227845937502, 28.988025755399757 ], [ -111.107421262882625, 28.985149858190727 ], [ -111.099674366818803, 28.984041455881176 ], [ -111.060281184647522, 29.034775904808715 ], [ -111.055686220618014, 29.037851903439261 ], [ -111.06160679903239, 29.0520556406581 ], [ -111.060115542215982, 29.056479778699046 ], [ -111.055404398320547, 29.064158762033429 ], [ -111.055320038759177, 29.067528812801957 ], [ -111.029361884405432, 29.06534183873913 ], [ -111.032838163911038, 29.061225077501266 ], [ -111.029376229043876, 29.053448608444544 ], [ -111.014119813982234, 29.057609450019232 ], [ -111.011938302826863, 29.049415623886198 ], [ -111.009356874224153, 29.045843765921489 ], [ -111.011851116985056, 29.044125191323328 ], [ -111.00436726898937, 29.032450909455338 ], [ -110.996900411108868, 29.035993824142729 ], [ -110.998245853238785, 29.037005571360385 ], [ -110.989564490210469, 29.037679998170088 ], [ -110.98652620280059, 29.039839134968624 ], [ -110.985859988533591, 29.039194438378058 ], [ -110.984394467094063, 29.039508183323051 ], [ -110.983850806396958, 29.042075612395191 ], [ -110.982786582908886, 29.041911809535094 ], [ -110.982578889266051, 29.043443006820382 ], [ -110.980443009820817, 29.042492730326639 ], [ -110.978265152528948, 29.045395534828938 ], [ -110.976226272136003, 29.044858247748667 ], [ -110.969675871613447, 29.046341143848355 ], [ -110.968803889819711, 29.043055326620131 ], [ -110.964376897466323, 29.044099827730431 ], [ -110.963898553241805, 29.042809726882808 ], [ -110.961237551810171, 29.043259186136108 ], [ -110.95998099401622, 29.038589887580912 ], [ -110.958490937207046, 29.037617583459689 ], [ -110.958051238292668, 29.0396012875662 ], [ -110.956073029832936, 29.039349493018229 ], [ -110.95587408986863, 29.040400941847651 ], [ -110.95305598230442, 29.039972163245267 ], [ -110.950776971152834, 29.041331911514817 ], [ -110.951426178834751, 29.046236549270688 ], [ -110.949056459893455, 29.046152269529664 ], [ -110.947298142492897, 29.049407717395962 ], [ -110.945352748615136, 29.050640909857211 ], [ -110.943976379226072, 29.04982462134905 ], [ -110.940851317338058, 29.05002331318947 ], [ -110.938305422090622, 29.049149621830527 ], [ -110.938969521598011, 29.047754806848193 ], [ -110.939818224245002, 29.04806959204295 ], [ -110.942372882894347, 29.043067266959159 ], [ -110.937808723318312, 29.040874191024027 ], [ -110.926307075368626, 29.037395149220028 ], [ -110.912681303532324, 29.035655731545496 ], [ -110.917860085383367, 29.045513387812434 ], [ -110.91905288749571, 29.050152382344329 ], [ -110.918346933593014, 29.052873075461608 ], [ -110.919331139714643, 29.054357918744252 ], [ -110.923673751994386, 29.055071335603429 ], [ -110.923778114440424, 29.056664156253905 ], [ -110.923474992818768, 29.063773909773953 ], [ -110.922806401385316, 29.065328376679368 ], [ -110.9192661888532, 29.068328795512688 ], [ -110.920415329301335, 29.082234285777343 ], [ -110.918465293042729, 29.082379985110673 ], [ -110.920260854090429, 29.086609155665588 ], [ -110.911942312769256, 29.093320329513279 ], [ -110.914046366220788, 29.101066287593095 ], [ -110.890070288728822, 29.092490815469304 ], [ -110.88817193591008, 29.093044094735536 ], [ -110.881763431634099, 29.097901655238772 ], [ -110.878893579366306, 29.097209956039016 ], [ -110.876997281458515, 29.097680806192912 ], [ -110.870843468886235, 29.102376429364625 ], [ -110.870787000007496, 29.107725444501778 ], [ -110.869473109261421, 29.111321991879333 ], [ -110.861247750647905, 29.11360814027266 ], [ -110.852028192029536, 29.119131836055516 ], [ -110.848430441512804, 29.115320627046344 ], [ -110.830870959410987, 29.121717995847526 ], [ -110.809856266672611, 29.128111502192066 ], [ -110.793773488518767, 29.128240761075713 ], [ -110.780649850810875, 29.130378585058345 ], [ -110.770596746542708, 29.130498503479853 ] ] ] } },
{ "type": "Feature", "properties": { "ID": 529.0, "ENTIDAD": 26, "DISTRITO_L": 10, "TIPO": 0, "CONTROL": 0.0, "GEOMETRY1_": null }, "geometry": { "type": "Polygon", "coordinates": [ [ [ -110.610529230411345, 29.380102398588107 ], [ -110.608068109635326, 29.378084706618068 ], [ -110.60668124818126, 29.378211169977327 ], [ -110.605040282025868, 29.376604599945377 ], [ -110.602454428524013, 29.375660159269902 ], [ -110.598224297195344, 29.369724571548751 ], [ -110.599230598887161, 29.36749393315079 ], [ -110.599604172250508, 29.363076943388062 ], [ -110.597963257669548, 29.361181369610446 ], [ -110.597077149808229, 29.357674716104647 ], [ -110.598460335706463, 29.354287719131154 ], [ -110.596432127986773, 29.343353848879062 ], [ -110.595483659478546, 29.340301305367525 ], [ -110.593592499977618, 29.339809446524651 ], [ -110.591068165906762, 29.336264420923403 ], [ -110.589303339024156, 29.335978646053714 ], [ -110.591564958398166, 29.328751664557249 ], [ -110.584944522884697, 29.324553416126399 ], [ -110.588652023431877, 29.313815645712431 ], [ -110.594505597261346, 29.307902942829255 ], [ -110.583203367305003, 29.280434380131311 ], [ -110.581566519463706, 29.281303969527368 ], [ -110.578480177776271, 29.281267976006358 ], [ -110.567771472590906, 29.279799874430502 ], [ -110.562980062705833, 29.273368771832153 ], [ -110.560837661945314, 29.271845002848877 ], [ -110.559008835643894, 29.268257001056686 ], [ -110.559511430043685, 29.266440151567302 ], [ -110.560833256659819, 29.265447501690243 ], [ -110.561334371807831, 29.261566932079997 ], [ -110.563284346093738, 29.258468276356872 ], [ -110.563659984984213, 29.255413378627637 ], [ -110.560990445530734, 29.245615499459124 ], [ -110.558489478359292, 29.24491491138901 ], [ -110.555831368829004, 29.242644350277253 ], [ -110.532583051127006, 29.245027348679223 ], [ -110.520808226189928, 29.233531507194932 ], [ -110.506253934393897, 29.210562979777016 ], [ -110.515390108426999, 29.197144602710004 ], [ -110.526458840184119, 29.196750269935535 ], [ -110.52599472028713, 29.191751737271549 ], [ -110.527778791210878, 29.190543767441014 ], [ -110.526616173911151, 29.188998451428109 ], [ -110.526850581151294, 29.183640218950288 ], [ -110.525366445422875, 29.182460806972184 ], [ -110.525016350210322, 29.181135123170264 ], [ -110.527169354298593, 29.171023902495481 ], [ -110.524605109716447, 29.170445359403171 ], [ -110.52376349736052, 29.168575338376005 ], [ -110.525988400367851, 29.161105120587703 ], [ -110.531542079289366, 29.153648468986564 ], [ -110.536349662032322, 29.151995171262325 ], [ -110.538085925445529, 29.150002580407122 ], [ -110.539792206876243, 29.149494371517186 ], [ -110.54323101244097, 29.150293191654203 ], [ -110.545845410713568, 29.148356128817504 ], [ -110.547496987284276, 29.150569236113196 ], [ -110.551601865454202, 29.149481361911853 ], [ -110.555722573681564, 29.153879481429833 ], [ -110.560468084340783, 29.155317838069678 ], [ -110.562436229146556, 29.15427738502509 ], [ -110.56310037038746, 29.152473296565727 ], [ -110.561680699055813, 29.151212833708215 ], [ -110.567560146461091, 29.149328341467641 ], [ -110.56698011014565, 29.143750588654445 ], [ -110.570526762800611, 29.142281866115546 ], [ -110.564837385773046, 29.140952296257108 ], [ -110.561731572955551, 29.139210753792707 ], [ -110.558833987196266, 29.136482593365091 ], [ -110.559282315137054, 29.132901380624112 ], [ -110.627347929908964, 29.110275520793174 ], [ -110.637158823597844, 29.114109622158221 ], [ -110.640966069005273, 29.112763759178815 ], [ -110.647314502133838, 29.114741091798894 ], [ -110.650950870593306, 29.114954810795542 ], [ -110.658301998909437, 29.112669745493033 ], [ -110.662540014913773, 29.113795682644007 ], [ -110.664863978432237, 29.115964645974731 ], [ -110.669815355548323, 29.118497673553151 ], [ -110.673817168668137, 29.123484425195784 ], [ -110.676437565612275, 29.12409496598703 ], [ -110.686001933877705, 29.123482305544144 ], [ -110.695785541468098, 29.119583063192774 ], [ -110.703285126484772, 29.122058838557194 ], [ -110.696555618864195, 29.096982721137433 ], [ -110.744071363260758, 29.117745318109726 ], [ -110.744497526229168, 29.120464039432253 ], [ -110.74915391615086, 29.124634725690093 ], [ -110.759849793671748, 29.128471135245618 ], [ -110.766096532898501, 29.129701550254815 ], [ -110.770596746542708, 29.130498503479853 ], [ -110.780649850810875, 29.130378585058345 ], [ -110.793773488518767, 29.128240761075713 ], [ -110.809856266672611, 29.128111502192066 ], [ -110.830870959410987, 29.121717995847526 ], [ -110.848430441512804, 29.115320627046344 ], [ -110.852028192029536, 29.119131836055516 ], [ -110.861247750647905, 29.11360814027266 ], [ -110.869473109261421, 29.111321991879333 ], [ -110.87078700000751, 29.107725444501881 ], [ -110.870843468886235, 29.102376429364625 ], [ -110.876997281458515, 29.097680806192912 ], [ -110.878893579366306, 29.097209956039016 ], [ -110.881763431634099, 29.097901655238772 ], [ -110.88817193591008, 29.093044094735536 ], [ -110.890070288728822, 29.092490815469304 ], [ -110.914046366220788, 29.101066287593095 ], [ -110.911942312769256, 29.093320329513279 ], [ -110.920260854090344, 29.086609155665631 ], [ -110.918465293042729, 29.082379985110673 ], [ -110.920415329301335, 29.082234285777343 ], [ -110.922178679996549, 29.084243374038035 ], [ -110.927731659452022, 29.082519284390802 ], [ -110.929953062362074, 29.082601099590047 ], [ -110.931415290518345, 29.080732836777962 ], [ -110.931416389251496, 29.079073855299654 ], [ -110.934547766465471, 29.079798082375344 ], [ -110.937123119204145, 29.079665447168555 ], [ -110.937427258401726, 29.078963980426355 ], [ -110.943486074970963, 29.079680882852877 ], [ -110.957537305183948, 29.079021025264591 ], [ -110.957947248295994, 29.080694106870034 ], [ -110.965882991853974, 29.080146049181735 ], [ -110.966690179547257, 29.088859595495791 ], [ -110.975514219272782, 29.142967167526674 ], [ -110.977237564613986, 29.147204842148014 ], [ -110.979187507210113, 29.15890973081088 ], [ -110.933691166406447, 29.158511278717675 ], [ -110.972924949185895, 29.200322482082758 ], [ -110.939945771906508, 29.215139589936079 ], [ -110.92957241027095, 29.218479070390298 ], [ -110.940024955860096, 29.247374750555846 ], [ -110.943193831447473, 29.250880809030551 ], [ -110.944962619359757, 29.260191345842546 ], [ -110.949906387250053, 29.26353593228994 ], [ -110.960413308023533, 29.265791804487495 ], [ -110.959388392332301, 29.3148631735931 ], [ -110.960919661186523, 29.320870695634596 ], [ -110.959880226254327, 29.32698189062906 ], [ -110.88649848141101, 29.328337799630827 ], [ -110.848078586721513, 29.334012440072772 ], [ -110.847553418935775, 29.337356883731474 ], [ -110.844574944746583, 29.341721664464583 ], [ -110.838191077047412, 29.34863057205035 ], [ -110.836562931344176, 29.348250112998297 ], [ -110.830537572865651, 29.357515937117277 ], [ -110.826913941674363, 29.355471846812847 ], [ -110.825150717357246, 29.35641286054916 ], [ -110.819691452422902, 29.365267981525616 ], [ -110.803861546303153, 29.359603207255457 ], [ -110.792132735597349, 29.359331519231638 ], [ -110.791199923225122, 29.35825190509961 ], [ -110.788939194178099, 29.358569810685065 ], [ -110.788499756835989, 29.350344086861213 ], [ -110.78501180085712, 29.347101252588196 ], [ -110.780306103625037, 29.347281217737326 ], [ -110.779732415857126, 29.348476322502357 ], [ -110.777973331006507, 29.348838216555155 ], [ -110.776284916843679, 29.348167417812061 ], [ -110.775771988387959, 29.349610789935415 ], [ -110.777455653707392, 29.350901411683733 ], [ -110.776320893883508, 29.351638748621976 ], [ -110.772843515231685, 29.347073323210406 ], [ -110.770525388290565, 29.346729420892476 ], [ -110.771284130671845, 29.345948648753833 ], [ -110.770849253099612, 29.345408949829984 ], [ -110.764584001232905, 29.344504984474629 ], [ -110.762211991024685, 29.343044905156546 ], [ -110.76032360337642, 29.343901690191618 ], [ -110.759199207918684, 29.343316608037014 ], [ -110.761744932627963, 29.338620629003238 ], [ -110.760249163939335, 29.337413548348945 ], [ -110.758991276909668, 29.337860760383407 ], [ -110.757970236288457, 29.340086234403838 ], [ -110.75447345827412, 29.338123557903515 ], [ -110.753790459894859, 29.337251760922534 ], [ -110.754174605732942, 29.336262266909163 ], [ -110.756117455502675, 29.336438962416903 ], [ -110.757067634085658, 29.335246161882417 ], [ -110.756825910552251, 29.334087701889359 ], [ -110.753819925204908, 29.333532863062302 ], [ -110.753769980493217, 29.3319209712886 ], [ -110.750567066478794, 29.332480622886621 ], [ -110.748201468156466, 29.330276515005792 ], [ -110.747057156673179, 29.332211916836798 ], [ -110.74742518097321, 29.333247174453732 ], [ -110.744041010340837, 29.332937811324538 ], [ -110.744995928916225, 29.331166601820506 ], [ -110.741524804451046, 29.310484368185936 ], [ -110.738829088707931, 29.310426920346149 ], [ -110.733730706101511, 29.312834341407299 ], [ -110.731707492030111, 29.314888283533936 ], [ -110.728190135571396, 29.315610791094826 ], [ -110.727142794363843, 29.313331655533506 ], [ -110.724643929492771, 29.312200715988364 ], [ -110.721158274051348, 29.309080178108342 ], [ -110.715825537081727, 29.30946064554745 ], [ -110.712006465086574, 29.308775879652867 ], [ -110.709297354914256, 29.310329356152877 ], [ -110.70892737960672, 29.30958324011316 ], [ -110.711659536267078, 29.305261260399448 ], [ -110.708395921192391, 29.305654233912634 ], [ -110.708035301056313, 29.303792446766781 ], [ -110.705710060784213, 29.304439129445392 ], [ -110.704607578819406, 29.301333005403514 ], [ -110.70864203214046, 29.29871346503684 ], [ -110.708724406076684, 29.296358552557152 ], [ -110.704838671506621, 29.296210368494755 ], [ -110.702375680555264, 29.29834377001329 ], [ -110.702238121014034, 29.299789221153517 ], [ -110.70085401861175, 29.300359066793057 ], [ -110.69842614238064, 29.298318969360373 ], [ -110.697232212914784, 29.298642035069861 ], [ -110.697408740941952, 29.30000681402932 ], [ -110.695960865434927, 29.300700176660442 ], [ -110.697633974427902, 29.303024827607295 ], [ -110.694987496860549, 29.304578409662028 ], [ -110.696415466161739, 29.306240354197492 ], [ -110.694783969590276, 29.306395343375268 ], [ -110.69413593523727, 29.308870635561604 ], [ -110.695997931927835, 29.311113852804347 ], [ -110.693992271589778, 29.311018530805132 ], [ -110.694035999119237, 29.313250257261064 ], [ -110.692708388301853, 29.314522867765067 ], [ -110.692696776169754, 29.315886457288677 ], [ -110.691106365989398, 29.311206854878819 ], [ -110.689474429802388, 29.311403099339145 ], [ -110.688980258409288, 29.310532168714879 ], [ -110.688878184866667, 29.307804190404241 ], [ -110.68699232418291, 29.30837069651167 ], [ -110.68771419134896, 29.304614890947793 ], [ -110.688529224011106, 29.304620083827132 ], [ -110.688858598902655, 29.302762637260411 ], [ -110.686846026385538, 29.303493627918883 ], [ -110.684221754179433, 29.302443776962317 ], [ -110.682399728863672, 29.302886657728248 ], [ -110.68649891336247, 29.300102909793736 ], [ -110.687903604965413, 29.297136597051015 ], [ -110.689034855377955, 29.296813215765177 ], [ -110.690823312186438, 29.292940200952362 ], [ -110.689828777936697, 29.29194212259635 ], [ -110.685077222244104, 29.297738403250609 ], [ -110.682448488664619, 29.297225690234708 ], [ -110.683810263032996, 29.299259255449265 ], [ -110.682493029738552, 29.299333460347981 ], [ -110.681026527731447, 29.302175348317935 ], [ -110.679654059801706, 29.301381383045936 ], [ -110.677016308831298, 29.301901585351949 ], [ -110.678254077964226, 29.303769112542117 ], [ -110.676868358178382, 29.30450399137484 ], [ -110.678427143451472, 29.305505801578118 ], [ -110.678096497541048, 29.307487182732746 ], [ -110.675971271547326, 29.306729648597294 ], [ -110.677268911672826, 29.308928155779512 ], [ -110.676823940183169, 29.309627777390624 ], [ -110.677563069760495, 29.311161503640726 ], [ -110.680081013740207, 29.310020673805166 ], [ -110.681111585079975, 29.314118288834614 ], [ -110.682230224720428, 29.31528251770219 ], [ -110.680037465037785, 29.315061816223626 ], [ -110.679733601193462, 29.313944137093337 ], [ -110.676988393848333, 29.312356166471471 ], [ -110.674519409045658, 29.315067533044019 ], [ -110.67410457914319, 29.312296197660789 ], [ -110.673360098821689, 29.311382265013545 ], [ -110.672477995283003, 29.311872421957162 ], [ -110.671830108391703, 29.31426495792272 ], [ -110.672365967642293, 29.317532962191194 ], [ -110.670680574495421, 29.316654229021751 ], [ -110.669985436539406, 29.317269553882394 ], [ -110.668627101473348, 29.322012862680033 ], [ -110.666617995643776, 29.322289014552144 ], [ -110.664281179022822, 29.32417458936019 ], [ -110.662496629249958, 29.327427408843846 ], [ -110.657844486537201, 29.328719129993505 ], [ -110.655376802871459, 29.331182205173786 ], [ -110.653939601999824, 29.330594165425225 ], [ -110.650710382373589, 29.334043855699917 ], [ -110.650804449106829, 29.337556934281132 ], [ -110.653145284984376, 29.342324622779017 ], [ -110.653194017859192, 29.343895217461153 ], [ -110.651003297915366, 29.350409686369797 ], [ -110.652217215030262, 29.354963269351202 ], [ -110.650944257707778, 29.35702095211763 ], [ -110.651916547015688, 29.360539855766632 ], [ -110.651722867121194, 29.36818328690908 ], [ -110.648750346848161, 29.370849481476633 ], [ -110.647715838549686, 29.374272368124792 ], [ -110.644537717730017, 29.378837938059654 ], [ -110.644583727186742, 29.380697767764794 ], [ -110.642734806666937, 29.383949861654376 ], [ -110.643734972888225, 29.384369798295971 ], [ -110.643161718341162, 29.38531637471425 ], [ -110.633288363338764, 29.387729124079328 ], [ -110.627552433288713, 29.390541362058453 ], [ -110.626492280900067, 29.389357271070303 ], [ -110.622078500622749, 29.389283686278176 ], [ -110.618416405594729, 29.385204907498725 ], [ -110.616020609138374, 29.385292194130074 ], [ -110.610154673196689, 29.383322475036017 ], [ -110.610529230411345, 29.380102398588107 ] ] ] } },
{ "type": "Feature", "properties": { "ID": 530.0, "ENTIDAD": 26, "DISTRITO_L": 11, "TIPO": 0, "CONTROL": 0.0, "GEOMETRY1_": null }, "geometry": { "type": "MultiPolygon", "coordinates": [ [ [ [ -112.293062420950022, 29.221253971273477 ], [ -112.292402693688501, 29.219689173698551 ], [ -112.28530893453997, 29.217296316418942 ], [ -112.282444189224194, 29.21882359416043 ], [ -112.28147459403047, 29.220740562478571 ], [ -112.280351883366464, 29.221251784576218 ], [ -112.279201914321419, 29.220355645057506 ], [ -112.280490393462202, 29.208911914729221 ], [ -112.276480186973629, 29.20324959474722 ], [ -112.271478492467352, 29.198345033887627 ], [ -112.269890925032229, 29.194307736829934 ], [ -112.263485782468948, 29.188344225567427 ], [ -112.269927321347296, 29.183128400244918 ], [ -112.270248849637952, 29.180226079129085 ], [ -112.267505919473436, 29.174961336681793 ], [ -112.272338761946529, 29.171173545827219 ], [ -112.27418517360698, 29.169079841591003 ], [ -112.274893379157561, 29.166669414076321 ], [ -112.272502319864444, 29.160075363721575 ], [ -112.272389125359297, 29.154197522879009 ], [ -112.274903118066362, 29.141081987290896 ], [ -112.274764329492385, 29.133879548748958 ], [ -112.270367673391547, 29.127559397882646 ], [ -112.251340207178629, 29.112149436814892 ], [ -112.247934047316036, 29.104905145396049 ], [ -112.241609842009723, 29.096206714648602 ], [ -112.23345492824302, 29.090346214364658 ], [ -112.234638152811343, 29.086439510221776 ], [ -112.234096532030449, 29.084376045417084 ], [ -112.231909034355027, 29.081670570959353 ], [ -112.225658929308125, 29.070072094173575 ], [ -112.222339822260253, 29.060590143803097 ], [ -112.218326435608219, 29.054263375966428 ], [ -112.217120182332124, 29.050220598666868 ], [ -112.217187080355217, 29.04707303905705 ], [ -112.209760291465386, 29.03954582176657 ], [ -112.206264704851876, 29.03395758491742 ], [ -112.206062341454469, 29.029819599076855 ], [ -112.204363758854811, 29.026279552525146 ], [ -112.194530637125283, 29.017538643808408 ], [ -112.198178585309662, 29.011035182910188 ], [ -112.196365725647439, 29.00807607291981 ], [ -112.197018304375192, 29.002602708618429 ], [ -112.201152400781623, 29.00205555131344 ], [ -112.208849534172117, 29.004031799226574 ], [ -112.212433034129617, 28.994133560243796 ], [ -112.214990856681752, 28.9898788778053 ], [ -112.218040023248633, 28.964832869925878 ], [ -112.22031660654018, 28.95900815734732 ], [ -112.218172309692221, 28.958454884180281 ], [ -112.206825582082075, 28.969359287833147 ], [ -112.208832260094354, 28.969251942954525 ], [ -112.208856817391734, 28.970576600596512 ], [ -112.206143006610631, 28.973176882097839 ], [ -112.200421132617222, 28.976062189624429 ], [ -112.196292635831753, 28.976857670824739 ], [ -112.19475131028193, 28.974971746847352 ], [ -112.196715405412931, 28.972546417392145 ], [ -112.209236070517505, 28.963947167614005 ], [ -112.212927456449449, 28.959927072195637 ], [ -112.216826418126502, 28.953585648328804 ], [ -112.217899500992687, 28.943800874437667 ], [ -112.227250558398822, 28.920333117404375 ], [ -112.233555041118905, 28.901871158535876 ], [ -112.2420399244061, 28.892739303586463 ], [ -112.242873434524256, 28.883702579902589 ], [ -112.240268805768125, 28.878600792207262 ], [ -112.239838164973776, 28.875707785629551 ], [ -112.240906073419012, 28.872464875755888 ], [ -112.243223156958663, 28.86895795037638 ], [ -112.251502324770726, 28.862395212700857 ], [ -112.255920486495938, 28.857288326349565 ], [ -112.257739957296735, 28.854035842007161 ], [ -112.259529308505904, 28.842585463681221 ], [ -112.261693075002952, 28.837672378099562 ], [ -112.268439298910508, 28.829802978533262 ], [ -112.274523092714276, 28.820119829064726 ], [ -112.276438236605017, 28.815375290671319 ], [ -112.276144898764187, 28.813143128930374 ], [ -112.279029140406621, 28.806647209490013 ], [ -112.278004477064215, 28.805500895905737 ], [ -112.27884842949949, 28.803751131551373 ], [ -112.27703715569119, 28.800792978342894 ], [ -112.276163627988296, 28.794427638556549 ], [ -112.273164986666956, 28.788337683612887 ], [ -112.274465861969048, 28.784263438262588 ], [ -112.273408351120182, 28.781378464005616 ], [ -112.269845282501848, 28.778525209149031 ], [ -112.253776805343534, 28.770363629169168 ], [ -112.258225570170481, 28.767078145289005 ], [ -112.260027870962759, 28.769622641144824 ], [ -112.261025336983707, 28.769361654654883 ], [ -112.26359168937303, 28.765934056380576 ], [ -112.266446104114792, 28.764490248922922 ], [ -112.269087667502774, 28.765036548187265 ], [ -112.273428656347974, 28.769287768279742 ], [ -112.282915868371035, 28.767428108048577 ], [ -112.290130470805806, 28.764685979125229 ], [ -112.295579888245484, 28.761386473802556 ], [ -112.298366684064703, 28.756464805640892 ], [ -112.306909778423289, 28.751220375949778 ], [ -112.310842208849323, 28.747277380523364 ], [ -112.314800076151258, 28.744658919302356 ], [ -112.316441048310949, 28.745300094740546 ], [ -112.315033083986179, 28.750204225646442 ], [ -112.317597576088318, 28.753234904367602 ], [ -112.321733992842994, 28.753346674233846 ], [ -112.323628870921254, 28.754150069739808 ], [ -112.328150224989486, 28.761129898112635 ], [ -112.334336547775919, 28.763533132947909 ], [ -112.337333015550186, 28.762996895422134 ], [ -112.339494987159284, 28.764624651795497 ], [ -112.349268565501461, 28.764661221547712 ], [ -112.355492172963991, 28.762591233847512 ], [ -112.3586551757042, 28.757828998581882 ], [ -112.359785727526102, 28.757979568152251 ], [ -112.36235167579882, 28.761009344687714 ], [ -112.362148911425336, 28.763413538836982 ], [ -112.364771123426706, 28.76925804923123 ], [ -112.367090266849601, 28.77245663827722 ], [ -112.370996740758329, 28.773563674078378 ], [ -112.378374352521121, 28.772802114528407 ], [ -112.385673207316714, 28.774359883908588 ], [ -112.392058645271831, 28.780318537057621 ], [ -112.39451250576515, 28.783928847047036 ], [ -112.400608184782413, 28.787903582075213 ], [ -112.400265886382869, 28.789564427101794 ], [ -112.402063567110531, 28.791692960452199 ], [ -112.415240648252592, 28.79871698945929 ], [ -112.426833764357269, 28.795658954110117 ], [ -112.438351538487851, 28.801130243329105 ], [ -112.440220756884528, 28.800607384809304 ], [ -112.444369289297953, 28.801212034412494 ], [ -112.449238747621365, 28.800315926669875 ], [ -112.452778019875183, 28.801756918263063 ], [ -112.462018994798981, 28.800136552641444 ], [ -112.46531128589767, 28.801746305293356 ], [ -112.468961208175074, 28.814447150503902 ], [ -112.471042558984522, 28.818061243282134 ], [ -112.473601017405571, 28.820509233242895 ], [ -112.481656337390788, 28.822050973581753 ], [ -112.491306032249824, 28.821913286648428 ], [ -112.494343534872641, 28.823277523584018 ], [ -112.497220046390083, 28.82886715650098 ], [ -112.498725743070878, 28.828928348845849 ], [ -112.500181749817457, 28.832550934691849 ], [ -112.503374958216611, 28.835320433968803 ], [ -112.521341256339241, 28.842927192151471 ], [ -112.524148618204393, 28.845204944159118 ], [ -112.526913356338895, 28.84549590582716 ], [ -112.530469431342439, 28.847596994854971 ], [ -112.534503816842275, 28.848614510137413 ], [ -112.540617361779582, 28.852996447774824 ], [ -112.548069005135716, 28.855453853965031 ], [ -112.556736905152448, 28.867663895754919 ], [ -112.558646388582503, 28.868960508901118 ], [ -112.561161074780486, 28.869254453883869 ], [ -112.576169301258446, 28.867374901339836 ], [ -112.578358917729631, 28.86999192311815 ], [ -112.584073777818958, 28.87321849903298 ], [ -112.584491954240534, 28.875116735705806 ], [ -112.581537652407931, 28.87764518624153 ], [ -112.570046120676253, 28.879804230617005 ], [ -112.56840694929636, 28.88512817016203 ], [ -112.566338803250048, 28.888057126297351 ], [ -112.561568354832517, 28.88787958935535 ], [ -112.553489834328076, 28.891311443047009 ], [ -112.54492892495621, 28.895660782072131 ], [ -112.543103538668262, 28.898254602392306 ], [ -112.540876696035852, 28.899695021641694 ], [ -112.532325281535606, 28.904540275227717 ], [ -112.527466139204662, 28.906101759749223 ], [ -112.526053864575118, 28.910428246942146 ], [ -112.524091632890475, 28.912526982949096 ], [ -112.521860655421364, 28.913801546729641 ], [ -112.519468613727909, 28.913422303428341 ], [ -112.517355878514834, 28.91436385303448 ], [ -112.516163753104777, 28.91727935171237 ], [ -112.509749269040839, 28.922423415871286 ], [ -112.505503876830005, 28.929274817028258 ], [ -112.502699805164482, 28.939003521232401 ], [ -112.500181773878552, 28.938625763517592 ], [ -112.49906674646644, 28.939304255070507 ], [ -112.498501170917692, 28.942210589197238 ], [ -112.493130828160744, 28.943447004965055 ], [ -112.491411223976016, 28.945210579994455 ], [ -112.491267542781927, 28.950263787944507 ], [ -112.487796390959431, 28.952300826269504 ], [ -112.488681756991113, 28.952619380431361 ], [ -112.487078633406853, 28.953967207011292 ], [ -112.48662585710899, 28.956292241350368 ], [ -112.487419131953089, 28.958185427539529 ], [ -112.489066241226396, 28.958907107736433 ], [ -112.490638883970831, 28.962031196061066 ], [ -112.493318164326013, 28.964062916070208 ], [ -112.495007700603125, 28.966771241886047 ], [ -112.491524979826124, 28.974190902540112 ], [ -112.491354928985388, 28.978002388845351 ], [ -112.493850592127373, 28.983183317991603 ], [ -112.502741083717623, 28.993820038639466 ], [ -112.503991253345831, 28.999432734324706 ], [ -112.50279965625684, 29.002430907914434 ], [ -112.504606784815422, 29.004723358575667 ], [ -112.506377135887007, 29.011156551905895 ], [ -112.502084259646679, 29.02769668086183 ], [ -112.504964580365069, 29.044878423453039 ], [ -112.502221398784457, 29.051708001986889 ], [ -112.506243276661976, 29.063490891949449 ], [ -112.505557105754363, 29.066647373743219 ], [ -112.49805740653629, 29.068494513416869 ], [ -112.496082909130848, 29.07017902937968 ], [ -112.491549221781241, 29.087384676136121 ], [ -112.494844121989928, 29.0945412653052 ], [ -112.493732643949429, 29.101347177868028 ], [ -112.489465276162363, 29.107535972663708 ], [ -112.488898733103426, 29.110442239020433 ], [ -112.491404847407424, 29.115954117664444 ], [ -112.491742826481982, 29.120006646512394 ], [ -112.489398797139685, 29.127989469416704 ], [ -112.48363057817113, 29.134613640674452 ], [ -112.477764934130292, 29.148525689833598 ], [ -112.477222502767901, 29.152590809034901 ], [ -112.479786521353191, 29.16671359941936 ], [ -112.470262526987867, 29.174301681191771 ], [ -112.461140631587526, 29.189087322574299 ], [ -112.455842507793562, 29.194378839071767 ], [ -112.448877425580832, 29.19820314667442 ], [ -112.445490099542511, 29.198664767327411 ], [ -112.442445421408294, 29.197465426181768 ], [ -112.436590908529482, 29.200279888715862 ], [ -112.43505045154366, 29.198810938296809 ], [ -112.431482022521095, 29.190580323566536 ], [ -112.429948676001175, 29.189442424858761 ], [ -112.42702676746849, 29.188075404378942 ], [ -112.422633510010456, 29.188550421064011 ], [ -112.417406838406094, 29.185227827209562 ], [ -112.408236286750295, 29.185851149491842 ], [ -112.400516967748615, 29.189766148034821 ], [ -112.388243005957293, 29.198628255351181 ], [ -112.375437040648322, 29.212381933472102 ], [ -112.360266225458034, 29.221363481665165 ], [ -112.339629772202457, 29.221472965032945 ], [ -112.32987809302152, 29.218372447589488 ], [ -112.322587695212604, 29.218799556245685 ], [ -112.310083134180573, 29.222854957394102 ], [ -112.296015961008735, 29.224279634024978 ], [ -112.287035596606188, 29.234911756632464 ], [ -112.281424527920407, 29.237633593916271 ], [ -112.276714850305382, 29.241420152642558 ], [ -112.27345739325466, 29.242207015557575 ], [ -112.27268795830804, 29.241471580537553 ], [ -112.272773835837867, 29.239400339433217 ], [ -112.273766146205901, 29.238642425056216 ], [ -112.282749281546231, 29.234552790915483 ], [ -112.284856257797387, 29.23286962692708 ], [ -112.287550442911225, 29.2290259280858 ], [ -112.291507465024452, 29.2254143165868 ], [ -112.291304239135727, 29.221442260563968 ], [ -112.293062420950022, 29.221253971273477 ] ] ], [ [ [ -111.519834307206892, 29.68853960976066 ], [ -111.492891726127368, 29.678960069485516 ], [ -111.488251905295215, 29.680082983353188 ], [ -111.486430429292952, 29.682522590193123 ], [ -111.48345818962143, 29.684501934662038 ], [ -111.47940227247004, 29.684043957711513 ], [ -111.473772044615686, 29.685853512233464 ], [ -111.470359439479822, 29.685788030108647 ], [ -111.462775651231297, 29.689875704337791 ], [ -111.455692859059624, 29.689586944397664 ], [ -111.450940537858429, 29.691205540531239 ], [ -111.448603319404313, 29.693330327128997 ], [ -111.435070879066373, 29.692814990702242 ], [ -111.40600042798502, 29.670688428430712 ], [ -111.40412670403191, 29.671400234472692 ], [ -111.401321606753825, 29.670492731051414 ], [ -111.400752974585004, 29.67264852961998 ], [ -111.398362401328896, 29.672963524690402 ], [ -111.396383930347227, 29.674418828909005 ], [ -111.395467681039236, 29.677654289857458 ], [ -111.393889228348826, 29.67983879199431 ], [ -111.386107055078043, 29.677179768150687 ], [ -111.376608587488761, 29.671935599447185 ], [ -111.377139651062137, 29.668464300148724 ], [ -111.38594192589045, 29.662783415643556 ], [ -111.387727305478762, 29.659029578180203 ], [ -111.389235178897408, 29.64137625516744 ], [ -111.391878766930105, 29.632413536510359 ], [ -111.389257927988467, 29.629114080393133 ], [ -111.289312285449924, 29.572091925307493 ], [ -111.292377262044326, 29.559910183434301 ], [ -111.280763131236043, 29.555129432191201 ], [ -111.276204435592746, 29.554514655901727 ], [ -111.272885738209567, 29.553124930270915 ], [ -111.267706051329057, 29.552856145055788 ], [ -111.263931255070048, 29.553206865004853 ], [ -111.261070754510939, 29.554684434424892 ], [ -111.257786428003044, 29.554527755829586 ], [ -111.254781534369826, 29.555350823188075 ], [ -111.252363685817812, 29.554594206706842 ], [ -111.248359358159419, 29.555773680207899 ], [ -111.229355662386595, 29.552836410457445 ], [ -111.221862099696096, 29.550983033670747 ], [ -111.218143633926459, 29.54877992015777 ], [ -111.212616344005653, 29.540371695244673 ], [ -111.177728765926958, 29.528228925462667 ], [ -111.166202476071732, 29.531088912312129 ], [ -111.155591631764267, 29.530467304371072 ], [ -111.147957505115073, 29.527955257505695 ], [ -111.138316522224486, 29.53059801473275 ], [ -111.127823266788567, 29.52486915931815 ], [ -111.118884094563086, 29.525434700272527 ], [ -111.049095880371794, 29.508827060932681 ], [ -111.006846299254534, 29.518471941396832 ], [ -110.996012779016667, 29.468718160280446 ], [ -111.002488116490028, 29.470466124635433 ], [ -111.003180714831885, 29.470138324913993 ], [ -111.002807562770911, 29.469475678133485 ], [ -111.000928421171707, 29.468600370927774 ], [ -111.000870651525872, 29.467691048206412 ], [ -111.002885131665067, 29.466790060094091 ], [ -111.013481613386759, 29.469807289530497 ], [ -111.015934727630508, 29.469073108018307 ], [ -111.02013731317939, 29.469998555621519 ], [ -111.024172566760981, 29.466956319867926 ], [ -111.028698661781405, 29.466064576309989 ], [ -111.03114510261895, 29.466569747908782 ], [ -111.039387096398542, 29.46354295261326 ], [ -111.04135485250201, 29.459418031375169 ], [ -111.037053840749365, 29.45328636820815 ], [ -111.031522434730945, 29.442397798714843 ], [ -111.034084742339843, 29.432572830658895 ], [ -111.033539739605175, 29.428727810969939 ], [ -111.0340616508404, 29.424928117153826 ], [ -111.030521544492231, 29.417683338678088 ], [ -111.028023094311763, 29.415359711910664 ], [ -111.031550585510814, 29.412935187494512 ], [ -111.04267546079835, 29.409877771776827 ], [ -111.051327483959909, 29.399207130578215 ], [ -111.050901106528755, 29.396643595448079 ], [ -111.055608581995585, 29.396454080167182 ], [ -111.058886043597113, 29.393573325174462 ], [ -111.061021210267967, 29.393250396262811 ], [ -111.065941183867906, 29.388061277457307 ], [ -111.065645195712705, 29.38442386080138 ], [ -111.060994699740888, 29.385894920561963 ], [ -111.060059826589068, 29.384610580592408 ], [ -111.060316720952144, 29.383413151029206 ], [ -111.062962145571305, 29.381356476597276 ], [ -111.062278666787194, 29.379990401330108 ], [ -111.060146839722066, 29.379693525187502 ], [ -111.057943680546074, 29.381131900221067 ], [ -111.056314610373121, 29.380671481413209 ], [ -111.053692614392403, 29.378017352037183 ], [ -111.053696951404334, 29.377149596251613 ], [ -111.055016778962241, 29.376699834352401 ], [ -111.054961666269747, 29.375170699114204 ], [ -111.056036871766267, 29.373439049112175 ], [ -111.057672177787225, 29.37261849819058 ], [ -111.056365151891313, 29.370506338512378 ], [ -111.058202127546821, 29.366959060335709 ], [ -111.057156557805783, 29.362740397537465 ], [ -111.055090308322093, 29.361947967225561 ], [ -111.053325967719388, 29.363511824015131 ], [ -111.051581894668843, 29.361026121558215 ], [ -111.05003711794096, 29.356351027243413 ], [ -111.043929310710396, 29.348559885052044 ], [ -111.042119198074829, 29.34681761433475 ], [ -111.034918322428368, 29.344435248588997 ], [ -111.025573352044177, 29.332416066996089 ], [ -111.021560780773555, 29.332193970877601 ], [ -111.020436116610384, 29.331404476607162 ], [ -111.018824765432569, 29.32780312671974 ], [ -111.016949638898666, 29.326638772180697 ], [ -111.01324974794727, 29.326624260866815 ], [ -111.008685618710103, 29.324085524171412 ], [ -111.000581420989192, 29.326739089290371 ], [ -110.997771148063634, 29.324620265240068 ], [ -110.99595443239393, 29.3242823084829 ], [ -110.989301287012054, 29.325329488908171 ], [ -110.97959484196258, 29.322933783989779 ], [ -110.971877492114288, 29.323645051869612 ], [ -110.960919661186523, 29.320870695634596 ], [ -110.959388392332301, 29.3148631735931 ], [ -110.960413308023533, 29.265791804487495 ], [ -110.949906387250053, 29.26353593228994 ], [ -110.944962619359757, 29.260191345842546 ], [ -110.943193831447473, 29.250880809030551 ], [ -110.940024955860096, 29.247374750555846 ], [ -110.92957241027095, 29.218479070390298 ], [ -110.939945771906508, 29.215139589936079 ], [ -110.972924949185895, 29.200322482082758 ], [ -110.933691166406447, 29.158511278717675 ], [ -110.979187507210113, 29.15890973081088 ], [ -110.997192697381308, 29.156800815765635 ], [ -110.998405548413032, 29.17815550511963 ], [ -111.025856957585773, 29.176776366234247 ], [ -111.025175923666126, 29.149585401465171 ], [ -111.032799082299206, 29.148109681474917 ], [ -111.033520737738783, 29.14712579840181 ], [ -111.031580849328648, 29.144564565237747 ], [ -111.030285633894835, 29.144811278005456 ], [ -111.029701878387854, 29.141278125766092 ], [ -111.024267229957815, 29.141539934420468 ], [ -111.023211345173166, 29.130433197924312 ], [ -111.023576694173357, 29.115384327793844 ], [ -111.022100000000151, 29.08960166763638 ], [ -111.022473275172473, 29.078762962554151 ], [ -111.01961374253149, 29.069759925382773 ], [ -111.026364822549695, 29.067339087923997 ], [ -111.029361884405432, 29.06534183873913 ], [ -111.055320038759177, 29.067528812801957 ], [ -111.055404398320547, 29.064158762033429 ], [ -111.060115542215982, 29.056479778699046 ], [ -111.06160679903239, 29.0520556406581 ], [ -111.055686220618014, 29.037851903439261 ], [ -111.060281184647522, 29.034775904808715 ], [ -111.099674366818803, 28.984041455881176 ], [ -111.107421262882625, 28.985149858190727 ], [ -111.113227845937502, 28.988025755399757 ], [ -111.141999801274551, 28.987274331754154 ], [ -111.187707309622866, 28.947366423641085 ], [ -111.192487650573781, 28.946990765911369 ], [ -111.196502770982278, 28.943042914088966 ], [ -111.199827986811471, 28.941060648336897 ], [ -111.201674691026071, 28.94218101034318 ], [ -111.202732632057376, 28.948404296776246 ], [ -111.204349604027044, 28.948857874735392 ], [ -111.217413277192051, 28.948440411719044 ], [ -111.226526693173682, 28.945940614697008 ], [ -111.232943168905081, 28.949404847146841 ], [ -111.237944761435131, 28.962004886815063 ], [ -111.250092375381641, 28.954786455926349 ], [ -111.289761718208865, 28.925292365452869 ], [ -111.308498693484211, 28.907963813292717 ], [ -111.32345695269106, 28.906921166296112 ], [ -111.324633508019531, 28.897117597194168 ], [ -111.391458730513676, 28.838979461928083 ], [ -111.391976776103249, 28.792145655477466 ], [ -111.395622012375938, 28.786216727726192 ], [ -111.398482774630963, 28.755862403951795 ], [ -111.475294078282644, 28.770343485819144 ], [ -111.475326534499118, 28.778064687045052 ], [ -111.521554481142658, 28.786723474886109 ], [ -111.524230740277787, 28.785131876620078 ], [ -111.528157060982267, 28.788029914463824 ], [ -111.546467976542104, 28.791748318239076 ], [ -111.54838108149697, 28.790552143685442 ], [ -111.555703544259288, 28.790611472363853 ], [ -111.555339772746976, 28.769837848612259 ], [ -111.631942972000644, 28.767788180725713 ], [ -111.640448898314133, 28.772765840027166 ], [ -111.701850843577446, 28.77177946487242 ], [ -111.716614315198612, 28.763006969066559 ], [ -111.716378975652631, 28.76713257754129 ], [ -111.813069270064716, 28.767089817575062 ], [ -111.815488004943745, 28.765569948966462 ], [ -111.823991411429077, 28.766074793965021 ], [ -111.833972509840009, 28.757770135572326 ], [ -111.840661958923775, 28.760632568881711 ], [ -111.857822653750191, 28.760485181016737 ], [ -111.858128799485755, 28.768173902841699 ], [ -111.860897141668161, 28.772608071196466 ], [ -111.859730775460562, 28.774154047837843 ], [ -111.864260359349132, 28.778293285856204 ], [ -111.864834147029555, 28.780370046948679 ], [ -111.859037667080912, 28.781739940080627 ], [ -111.856736041931811, 28.783593373455616 ], [ -111.857007000822563, 28.787729234737949 ], [ -111.849727859223762, 28.793199141289168 ], [ -111.848538012571126, 28.795653242006342 ], [ -111.848873763000682, 28.797229599349219 ], [ -111.852613369072174, 28.79796625587457 ], [ -111.85491956639197, 28.795947758165227 ], [ -111.856171675598276, 28.795973092477492 ], [ -111.859779799311795, 28.796954712867866 ], [ -111.866328465396165, 28.800556346556373 ], [ -111.870243490241819, 28.799313471697502 ], [ -111.87324864893678, 28.799373911141416 ], [ -111.880266159463858, 28.794310563483876 ], [ -111.882918341374747, 28.793455042519959 ], [ -111.888924187984586, 28.793740427534505 ], [ -111.890335769524256, 28.797403314186553 ], [ -111.889891932303641, 28.800120457759533 ], [ -111.887260331533582, 28.800150466748274 ], [ -111.88312496354952, 28.805189315251198 ], [ -111.883008929315068, 28.809812954377254 ], [ -111.881787750810616, 28.808549398235709 ], [ -111.88002553334087, 28.803888113640042 ], [ -111.875774275871791, 28.803554994059468 ], [ -111.876573961696906, 28.806627498309808 ], [ -111.875324341233622, 28.81147620463485 ], [ -111.880866351888443, 28.815304668448285 ], [ -111.887977810200681, 28.816520860133281 ], [ -111.890944212335, 28.818149625840153 ], [ -111.892283952746695, 28.824702236900887 ], [ -111.896780416680755, 28.825287498679263 ], [ -111.898921955055158, 28.824834497876555 ], [ -111.90262399677664, 28.822099526920191 ], [ -111.902104751590059, 28.817793710617714 ], [ -111.900712738641786, 28.818344271329863 ], [ -111.901016428003643, 28.821241511723443 ], [ -111.900129447774461, 28.821636898912828 ], [ -111.898647146363999, 28.820781346155425 ], [ -111.897805489262495, 28.819360292167023 ], [ -111.897530744158388, 28.815307133648812 ], [ -111.894104663936531, 28.812017226577971 ], [ -111.8937791543798, 28.804989215812324 ], [ -111.895084998369086, 28.802867497046527 ], [ -111.898478274775897, 28.802439471619468 ], [ -111.89939598878162, 28.800805622293179 ], [ -111.902452608483841, 28.798801285593754 ], [ -111.906106415117549, 28.797965226232986 ], [ -111.908828278870104, 28.799340940719492 ], [ -111.909413327966902, 28.801004659019519 ], [ -111.908855013336733, 28.803306544636591 ], [ -111.904710438138764, 28.803719907038275 ], [ -111.904191059342807, 28.804453040537666 ], [ -111.904979253300112, 28.808020747125223 ], [ -111.901347436166532, 28.812987518662975 ], [ -111.902193200873839, 28.814243422224816 ], [ -111.906420310731093, 28.815566475892098 ], [ -111.912244610002574, 28.813121184536339 ], [ -111.915180576577583, 28.815987883697506 ], [ -111.914663260966861, 28.816638491083783 ], [ -111.915509213797364, 28.81789430627958 ], [ -111.914698427983538, 28.820273819678889 ], [ -111.919691680856644, 28.821033359628689 ], [ -111.924893842748887, 28.818410027201491 ], [ -111.925568954653116, 28.816440813566615 ], [ -111.923447334058437, 28.811029659489442 ], [ -111.92116804612931, 28.806937029203333 ], [ -111.912184273856951, 28.795359795774225 ], [ -111.911989184427341, 28.793125576694976 ], [ -111.913395140540686, 28.791996950815857 ], [ -111.91788211414935, 28.792911801182537 ], [ -111.920216109482055, 28.794775249218468 ], [ -111.920665887010671, 28.796849267977709 ], [ -111.924764040595065, 28.803373349933658 ], [ -111.929523451915514, 28.808506010670982 ], [ -111.932513822377786, 28.81426455772187 ], [ -111.94213817611643, 28.820318295757946 ], [ -111.950961585724343, 28.82329931992739 ], [ -111.964929715583125, 28.838329099452078 ], [ -111.971154249047103, 28.843186218797712 ], [ -111.99797030626614, 28.853780078451738 ], [ -112.029167409920262, 28.85931591501031 ], [ -112.030282873221694, 28.860094558429765 ], [ -112.032598856043336, 28.862864159944731 ], [ -112.032695109904324, 28.869391430461601 ], [ -112.033286445623432, 28.870889409593257 ], [ -112.034157688044161, 28.871153661090073 ], [ -112.03439303699119, 28.877105339636124 ], [ -112.036443293252731, 28.880530634196191 ], [ -112.050731961212747, 28.886003099225132 ], [ -112.050560101172024, 28.887982271536689 ], [ -112.052479967817703, 28.891652637981469 ], [ -112.049209094217474, 28.897455906045526 ], [ -112.060478909337007, 28.908817688535802 ], [ -112.06455939322538, 28.911289163384577 ], [ -112.071530835275198, 28.913483860306368 ], [ -112.074439410451845, 28.917833000912744 ], [ -112.085583851761129, 28.923986424683456 ], [ -112.087501821134595, 28.927821348060309 ], [ -112.088044656567931, 28.931465673869187 ], [ -112.091587043133558, 28.93557827762546 ], [ -112.094664085779343, 28.943564295521885 ], [ -112.094624104942866, 28.945298107162301 ], [ -112.096544724683653, 28.949050308013536 ], [ -112.1026815818947, 28.954944763070838 ], [ -112.108149984509311, 28.957192418028001 ], [ -112.114032547775565, 28.961206218324129 ], [ -112.11765806407071, 28.961767895885369 ], [ -112.130655059987561, 28.960575619920267 ], [ -112.140287120222425, 28.961823567198209 ], [ -112.159312283789546, 28.961694338214269 ], [ -112.166207884348125, 28.964023411130821 ], [ -112.168385882364845, 28.965490683324028 ], [ -112.173031868505205, 28.97094211409571 ], [ -112.173618464571234, 28.97276962927107 ], [ -112.169794984764877, 28.975427144153546 ], [ -112.164606387821337, 28.97739942620456 ], [ -112.154735669145424, 28.983227887654081 ], [ -112.151812622015669, 28.990443787902411 ], [ -112.151832164713795, 28.99515204269705 ], [ -112.154030290305258, 29.00132777584091 ], [ -112.160211969061365, 29.011102005799209 ], [ -112.162804262314339, 29.013047994923376 ], [ -112.165121854414934, 29.012569508165214 ], [ -112.165239909136147, 29.0107788372888 ], [ -112.167312041428744, 29.010048153631573 ], [ -112.169177439597945, 29.010824740512692 ], [ -112.167149641459204, 29.017313528927776 ], [ -112.169711014972577, 29.026279289567604 ], [ -112.168596460322789, 29.034708295589745 ], [ -112.169021007583893, 29.038184786904157 ], [ -112.173118702834273, 29.045856263180028 ], [ -112.172906689519081, 29.049734383118363 ], [ -112.170335832871231, 29.058030610271452 ], [ -112.170136605271082, 29.061330799061061 ], [ -112.17307369412022, 29.073721988009712 ], [ -112.177962872907642, 29.07626220061444 ], [ -112.180100829094684, 29.076134878127085 ], [ -112.188854890961807, 29.072159935279551 ], [ -112.190330337418985, 29.073590022318811 ], [ -112.185822885312803, 29.078631229916336 ], [ -112.184320999922534, 29.084055805863922 ], [ -112.183174511664802, 29.084778878540227 ], [ -112.182225975851836, 29.087900625168157 ], [ -112.173670457192316, 29.099807622561148 ], [ -112.167925751648298, 29.109534136670234 ], [ -112.167309062411633, 29.114643921681971 ], [ -112.173619769703492, 29.13028334464769 ], [ -112.181169448811985, 29.141153908280909 ], [ -112.187329584435517, 29.152412444822819 ], [ -112.188442064396526, 29.153257949540748 ], [ -112.19970238358728, 29.15560307969243 ], [ -112.201432315221524, 29.156954831365884 ], [ -112.201525265077038, 29.158443094737599 ], [ -112.197018465862442, 29.163319589206697 ], [ -112.194281455717118, 29.162032697298709 ], [ -112.193747871499895, 29.163427376996935 ], [ -112.194082916716809, 29.165332855347241 ], [ -112.199663082311815, 29.174515701794679 ], [ -112.204241964241973, 29.177816838870736 ], [ -112.210128529810319, 29.17882807559014 ], [ -112.213268489268557, 29.178965362845606 ], [ -112.229946705499572, 29.175125175306249 ], [ -112.231032886232171, 29.177208684638835 ], [ -112.230512284036152, 29.178025585389328 ], [ -112.227862457716554, 29.178475309514837 ], [ -112.227835532712234, 29.17971368844627 ], [ -112.229338208864277, 29.179987443067777 ], [ -112.230808625752644, 29.181747234343668 ], [ -112.227943290433444, 29.186322719984226 ], [ -112.227747608416038, 29.189540327585082 ], [ -112.219507162539102, 29.200234303364468 ], [ -112.216083159360267, 29.20695080694242 ], [ -112.216814179374424, 29.211436659719372 ], [ -112.214246248481544, 29.222639304153326 ], [ -112.211700842833324, 29.22927507178272 ], [ -112.209377744993446, 29.241557743564154 ], [ -112.211284213311487, 29.262072425691436 ], [ -112.213759175468113, 29.26963527779446 ], [ -112.225097455798647, 29.289261564709761 ], [ -112.228632465352931, 29.299083239235117 ], [ -112.189660737504582, 29.322283824040419 ], [ -112.064846960688243, 29.33345211055185 ], [ -111.89466899864216, 29.388576876071518 ], [ -111.900695639414977, 29.408413289673163 ], [ -111.900530164180239, 29.420361201400684 ], [ -111.898800307295886, 29.431470007219307 ], [ -111.891052721190761, 29.444581168938129 ], [ -111.858791856363325, 29.474140225223966 ], [ -111.856603184789947, 29.494927259762306 ], [ -111.852677425013923, 29.504777658589219 ], [ -111.851616233667613, 29.51280214824876 ], [ -111.843627137784694, 29.519933614565627 ], [ -111.820031902066262, 29.537002498186599 ], [ -111.806917571350411, 29.549024427344023 ], [ -111.803239630193929, 29.562996569853592 ], [ -111.798298269470891, 29.576955606878489 ], [ -111.793407713264841, 29.587412538437679 ], [ -111.788426973640625, 29.603843144085381 ], [ -111.776383524275062, 29.627822941862362 ], [ -111.772541431356132, 29.631285200733281 ], [ -111.630151495398607, 29.589746228435018 ], [ -111.621261899637844, 29.59273371047734 ], [ -111.609413751405299, 29.602691234602428 ], [ -111.60840471133308, 29.606388072136586 ], [ -111.60852770589878, 29.61792755464457 ], [ -111.598601189829694, 29.626052350937538 ], [ -111.593586928100606, 29.642476067731877 ], [ -111.587776753658929, 29.649824563643772 ], [ -111.572781016411895, 29.658505392727264 ], [ -111.563901318097734, 29.66045913190759 ], [ -111.549926699069104, 29.677276412849043 ], [ -111.534962562297139, 29.68936493557004 ], [ -111.531476127470015, 29.689940284615208 ], [ -111.519834307206892, 29.68853960976066 ] ] ] ] } },
{ "type": "Feature", "properties": { "ID": 531.0, "ENTIDAD": 26, "DISTRITO_L": 12, "TIPO": 0, "CONTROL": 0.0, "GEOMETRY1_": null }, "geometry": { "type": "Polygon", "coordinates": [ [ [ -111.025856958000219, 29.176776365773161 ], [ -110.998405548413032, 29.17815550511963 ], [ -110.997192697381308, 29.156800815765635 ], [ -110.979187507210113, 29.15890973081088 ], [ -110.973857119999408, 29.132687190714165 ], [ -110.985029798737216, 29.131743245753405 ], [ -110.985249093914632, 29.133149482237688 ], [ -110.988444450667771, 29.133210559167857 ], [ -110.993837196145321, 29.132433225650491 ], [ -110.999150824097939, 29.130890266934045 ], [ -110.999909196456798, 29.130004604369098 ], [ -111.001875030930648, 29.135453660442678 ], [ -111.008436934214501, 29.134409904927058 ], [ -111.008391030498061, 29.13248235084621 ], [ -111.011083216093752, 29.133709727142602 ], [ -111.02347457884251, 29.130867878262009 ], [ -111.024498301333864, 29.141956308225023 ], [ -111.029701878387854, 29.141278125766092 ], [ -111.030285633894835, 29.144811278005456 ], [ -111.031580849328648, 29.144564565237747 ], [ -111.033520737738783, 29.14712579840181 ], [ -111.032799082299206, 29.148109681474917 ], [ -111.025175923666126, 29.149585401465171 ], [ -111.025856958000219, 29.176776365773161 ] ] ] } },
{ "type": "Feature", "properties": { "ID": 532.0, "ENTIDAD": 26, "DISTRITO_L": 13, "TIPO": 0, "CONTROL": 0.0, "GEOMETRY1_": null }, "geometry": { "type": "Polygon", "coordinates": [ [ [ -110.757688762419292, 28.524832204192215 ], [ -110.746871020815391, 28.517695043531369 ], [ -110.718105364507679, 28.533669025855524 ], [ -110.711820285648557, 28.52981490240219 ], [ -110.706522511617507, 28.524957879755149 ], [ -110.697483632020933, 28.52029307092965 ], [ -110.69294794721992, 28.516508679549268 ], [ -110.687050418204123, 28.513646275855869 ], [ -110.686155368481423, 28.511744346652485 ], [ -110.686352259963286, 28.507096957844944 ], [ -110.62199875406246, 28.510020226686066 ], [ -110.620457067847866, 28.505882070455762 ], [ -110.620482293946168, 28.496589957239905 ], [ -110.622203053503597, 28.49417280201817 ], [ -110.621145454505495, 28.488621104098844 ], [ -110.622614800993787, 28.486039646809601 ], [ -110.602845071232096, 28.480442613900131 ], [ -110.596451342149507, 28.477413569200941 ], [ -110.592597639046659, 28.478682362728136 ], [ -110.589208022620682, 28.470742947954335 ], [ -110.58532706755183, 28.467853682255047 ], [ -110.582445545610312, 28.464218347727034 ], [ -110.578815818065891, 28.461824840791248 ], [ -110.577061913194314, 28.459511250567942 ], [ -110.570284572694661, 28.441239899925542 ], [ -110.564273837750576, 28.433720712647808 ], [ -110.563894966912869, 28.430826039028229 ], [ -110.558637983856201, 28.425456291236966 ], [ -110.556377830411606, 28.41735272047276 ], [ -110.558228462933045, 28.398490160062931 ], [ -110.556203307376023, 28.378143667159982 ], [ -110.556924287463119, 28.355642779443929 ], [ -110.558796177715863, 28.354234057327531 ], [ -110.562793369973178, 28.354228690201264 ], [ -110.56391613863164, 28.353151793624459 ], [ -110.570035045509286, 28.351902489281983 ], [ -110.573154597973129, 28.34966459288599 ], [ -110.5862603502909, 28.343523823930642 ], [ -110.600234681226411, 28.334898720987852 ], [ -110.604353062833923, 28.33315478338136 ], [ -110.606227247189466, 28.333647978540476 ], [ -110.607348494767791, 28.332074388265436 ], [ -110.606843605147958, 28.329014551081812 ], [ -110.6042197758443, 28.328274450538856 ], [ -110.608086331830435, 28.325538157388333 ], [ -110.611587392318384, 28.32801382782824 ], [ -110.614458779559698, 28.327512536153975 ], [ -110.618073607886259, 28.323866457859417 ], [ -110.619821427212244, 28.323615195548435 ], [ -110.622071870251446, 28.325017439356415 ], [ -110.624438875610039, 28.322035194472889 ], [ -110.627560275749445, 28.321781335442779 ], [ -110.628926306794938, 28.3178909049673 ], [ -110.630422473823799, 28.316730031367619 ], [ -110.633544697299882, 28.316972362009476 ], [ -110.635665642627785, 28.316058419094258 ], [ -110.63640698484032, 28.312169089428824 ], [ -110.63927613893074, 28.310840054488636 ], [ -110.642776937094908, 28.313066767985532 ], [ -110.64389777693529, 28.311658308627898 ], [ -110.642393911332348, 28.309014143524401 ], [ -110.648633030256264, 28.307181978784751 ], [ -110.65024602945644, 28.302463603832695 ], [ -110.655358429471391, 28.299475268660004 ], [ -110.664830289942401, 28.292176047008688 ], [ -110.667692229891244, 28.288116580367063 ], [ -110.669811927577669, 28.287036651740404 ], [ -110.675414460980903, 28.280737592715631 ], [ -110.680896160913647, 28.27634118042279 ], [ -110.685748178627279, 28.269877902516722 ], [ -110.684103487301485, 28.260947565830644 ], [ -110.6860747906819, 28.250685468945157 ], [ -110.690427018820571, 28.244554012251612 ], [ -110.69592035699462, 28.245616646607779 ], [ -110.716463340817185, 28.245154785210644 ], [ -110.733243104225636, 28.144893546462129 ], [ -110.740101254247364, 28.093689327990649 ], [ -110.75166955751375, 28.094914131661746 ], [ -110.755028644163588, 28.09598488719967 ], [ -110.759881585071426, 28.098625471070747 ], [ -110.766727664043671, 28.104572604282669 ], [ -110.764360173358, 28.099446058018184 ], [ -110.772317136380352, 28.094882468526261 ], [ -110.773558674496869, 28.092232596627102 ], [ -110.775292476050652, 28.083706944249851 ], [ -110.782748938766346, 28.077654112422977 ], [ -110.786853580914553, 28.078309100137453 ], [ -110.792701626330313, 28.081112311431596 ], [ -110.797929389132165, 28.085074836149726 ], [ -110.812603134817039, 28.083310025576875 ], [ -110.820314604553687, 28.083708864447203 ], [ -110.823173806067288, 28.082710277116256 ], [ -110.826155418830581, 28.080304696989824 ], [ -110.827503547903603, 28.065738617908949 ], [ -110.825756952332483, 28.061522048489707 ], [ -110.822894172325206, 28.059376334235733 ], [ -110.824750092610373, 28.052504677285693 ], [ -110.823252804459329, 28.048535812830039 ], [ -110.821759758436855, 28.047711298063593 ], [ -110.821257240428025, 28.043740444687725 ], [ -110.825213329567191, 28.027183223403558 ], [ -110.829056267798094, 28.019562761643694 ], [ -110.827056907706975, 28.011788569285812 ], [ -110.826676159080989, 28.005997030455422 ], [ -110.829514751858255, 27.991676004048564 ], [ -110.829631083193888, 27.985966192494956 ], [ -110.828376300283495, 27.977114750202176 ], [ -110.829730941197425, 27.968423497883425 ], [ -110.836250740357116, 27.972582330467738 ], [ -110.840101741053232, 27.976473648539869 ], [ -110.841965349880496, 27.97961816388867 ], [ -110.845940934233539, 27.982765282118852 ], [ -110.84892305982244, 27.986903335315777 ], [ -110.85028971530312, 27.987483805179487 ], [ -110.850786249925576, 27.98525182960099 ], [ -110.85004021647319, 27.981447285642108 ], [ -110.852399728942729, 27.977398402830087 ], [ -110.859978063094943, 27.980549357976653 ], [ -110.865692208111426, 27.979894221695449 ], [ -110.860225613774119, 27.977159430276089 ], [ -110.860597788261089, 27.9753407145847 ], [ -110.857243380894133, 27.973269679906139 ], [ -110.856125072732013, 27.971697310335315 ], [ -110.857491218051862, 27.970789323241011 ], [ -110.859602918431378, 27.971039806158569 ], [ -110.858484351100344, 27.968475197401965 ], [ -110.855502877692004, 27.966652610076231 ], [ -110.855999301477851, 27.964834049136169 ], [ -110.860843713568244, 27.96607992396498 ], [ -110.86444576028633, 27.966083941855356 ], [ -110.856306468525347, 27.95792004351738 ], [ -110.855208351474431, 27.957893232428876 ], [ -110.850667299418802, 27.960762329461126 ], [ -110.849107513235808, 27.960196102587158 ], [ -110.85013983631525, 27.959190488001425 ], [ -110.848993701472637, 27.958912964887972 ], [ -110.844407668289833, 27.952698071922477 ], [ -110.853971423411039, 27.9469222023897 ], [ -110.855682988845544, 27.943212481226659 ], [ -110.854395367622985, 27.942453355448222 ], [ -110.852653726310763, 27.942637078990206 ], [ -110.852846369234186, 27.941833120779133 ], [ -110.860424631397393, 27.939304800055595 ], [ -110.860861769220293, 27.937897954030237 ], [ -110.855413424058682, 27.936407728972096 ], [ -110.854770717237471, 27.935231734543155 ], [ -110.856286341648413, 27.934692059572924 ], [ -110.85802477710395, 27.936858922664577 ], [ -110.859939469504823, 27.937433077725697 ], [ -110.861359429869012, 27.936303875388653 ], [ -110.859802081069603, 27.935948325570049 ], [ -110.85879384424149, 27.934632794661379 ], [ -110.860870366019881, 27.931186275464732 ], [ -110.861449086926783, 27.927954730611205 ], [ -110.860683790527375, 27.927319904612197 ], [ -110.860687795504816, 27.924196031822397 ], [ -110.861834796295824, 27.925867378888061 ], [ -110.865576656801991, 27.925277797829654 ], [ -110.86847154979472, 27.926630902450345 ], [ -110.866357714903231, 27.9160616577723 ], [ -110.873406235731366, 27.916188718162228 ], [ -110.873660058447427, 27.915328811912108 ], [ -110.872952888869577, 27.919228929249797 ], [ -110.873890297826705, 27.920793844370476 ], [ -110.875294778647103, 27.920316110449942 ], [ -110.876607063906008, 27.922822159402013 ], [ -110.876399624943502, 27.923993042145135 ], [ -110.880080239068704, 27.92422151377486 ], [ -110.881842805784885, 27.921261000404883 ], [ -110.883195854142571, 27.920465260484054 ], [ -110.883871142184788, 27.922727519061336 ], [ -110.883156925360538, 27.923655668740242 ], [ -110.883452418104795, 27.924914217334734 ], [ -110.886477551911398, 27.924097810109672 ], [ -110.887404662853868, 27.922174665919936 ], [ -110.889805959694328, 27.92185671379454 ], [ -110.891163306577411, 27.920352409367286 ], [ -110.890210243965399, 27.913664182283146 ], [ -110.893589386192232, 27.909047869704835 ], [ -110.894520621105102, 27.907050030640459 ], [ -110.894029578487945, 27.90667067041236 ], [ -110.894612651125314, 27.90681503534498 ], [ -110.894970059725864, 27.905779100094179 ], [ -110.896454146671928, 27.906758864244857 ], [ -110.895740535614294, 27.907588252041986 ], [ -110.895637789898117, 27.907736889293339 ], [ -110.895632200966517, 27.907933572671819 ], [ -110.899174800505335, 27.907845062344066 ], [ -110.899435484579655, 27.905705406663895 ], [ -110.898178238570225, 27.903403398786562 ], [ -110.900742372077474, 27.903104692237818 ], [ -110.902448378762386, 27.899750890935739 ], [ -110.904963578851294, 27.898059249394166 ], [ -110.906556353599427, 27.897901227104899 ], [ -110.907113723967029, 27.896838967401138 ], [ -110.907340780207164, 27.893088637320147 ], [ -110.906767508711496, 27.892702470996205 ], [ -110.903451416680738, 27.892687624184511 ], [ -110.900621850411639, 27.894146192492425 ], [ -110.90012844337069, 27.896319428372809 ], [ -110.89756117222754, 27.89691748082134 ], [ -110.898758715814623, 27.894157400801383 ], [ -110.896079277831006, 27.893791047338279 ], [ -110.894623673331097, 27.896459817222652 ], [ -110.891019515372463, 27.898027528798895 ], [ -110.890965834934889, 27.898674538042297 ], [ -110.89043263489053, 27.898020781459273 ], [ -110.890823958513806, 27.899129874706475 ], [ -110.890368670544206, 27.898344256450194 ], [ -110.88951638233199, 27.898579152962522 ], [ -110.891242362170445, 27.9014514242958 ], [ -110.892996207799101, 27.901248630426267 ], [ -110.893076942316952, 27.901842347060445 ], [ -110.890764362574686, 27.902145213027282 ], [ -110.890215489144936, 27.902992853829687 ], [ -110.887572108689696, 27.901765722752874 ], [ -110.886668633398969, 27.90358991854275 ], [ -110.887675552091537, 27.904306896587954 ], [ -110.8859806079668, 27.905602747735639 ], [ -110.886452903431959, 27.903643138392116 ], [ -110.885135431496309, 27.902388777555554 ], [ -110.882174348387025, 27.904032174861804 ], [ -110.879563835333926, 27.90191914951922 ], [ -110.880877086344753, 27.900506829299459 ], [ -110.885022491387815, 27.902200221848609 ], [ -110.886518285230665, 27.8985861401747 ], [ -110.884968268510789, 27.896637418123085 ], [ -110.880803479026127, 27.896696700009457 ], [ -110.876873475507566, 27.898596707843232 ], [ -110.873125263167537, 27.8991115778439 ], [ -110.871114567403595, 27.901248750667019 ], [ -110.869862278515569, 27.901831804498901 ], [ -110.868922717898585, 27.901080209171518 ], [ -110.866413479994975, 27.903135170815649 ], [ -110.860329407419286, 27.900920759606073 ], [ -110.858963551065585, 27.899430807163043 ], [ -110.858839228439209, 27.898686464586401 ], [ -110.860576596962517, 27.896951968217362 ], [ -110.862314219449104, 27.896292406840519 ], [ -110.868138274003556, 27.896336013087694 ], [ -110.863937134125436, 27.894357264623135 ], [ -110.860408490393795, 27.895555706610889 ], [ -110.859489081632887, 27.896627959944571 ], [ -110.860203453857793, 27.894140120042135 ], [ -110.862064639497746, 27.891661542056305 ], [ -110.867152519647519, 27.888111505330279 ], [ -110.871618749399047, 27.882576087545573 ], [ -110.872114169428968, 27.879847862290845 ], [ -110.871402021997838, 27.87727209715548 ], [ -110.870524234603138, 27.876779832600331 ], [ -110.868869322381983, 27.878261419420049 ], [ -110.867692779504083, 27.877731122903121 ], [ -110.86613065473324, 27.87819214990547 ], [ -110.866031497840865, 27.875872289402636 ], [ -110.868249398321424, 27.874782996581875 ], [ -110.870002635851264, 27.875215042092311 ], [ -110.871119181418024, 27.874141260492898 ], [ -110.870124654213782, 27.869426919721793 ], [ -110.872232594768391, 27.864881220389094 ], [ -110.878437244939832, 27.864887556440891 ], [ -110.880049968583279, 27.863814195135575 ], [ -110.881041216374342, 27.860590281389481 ], [ -110.876943821474583, 27.854715251917327 ], [ -110.877314547120449, 27.851159974762982 ], [ -110.882648339856374, 27.847940345876911 ], [ -110.884629430826323, 27.839673281473672 ], [ -110.885497050094116, 27.838020311142216 ], [ -110.886489465270714, 27.837855867901595 ], [ -110.892570066674125, 27.84059021010232 ], [ -110.889967658711186, 27.846045373818942 ], [ -110.890590105178447, 27.84984966501252 ], [ -110.891955962153148, 27.851670072887753 ], [ -110.897417621089929, 27.85531322419445 ], [ -110.900395911053806, 27.855811893491211 ], [ -110.903993756463265, 27.854987970795108 ], [ -110.905856579358684, 27.857304780790276 ], [ -110.906726611370132, 27.85937271220066 ], [ -110.90486963601866, 27.865738316068235 ], [ -110.906855718778957, 27.866566799078171 ], [ -110.908963733536311, 27.86433583883176 ], [ -110.915419177669335, 27.867730973540898 ], [ -110.917653110834308, 27.867980655904379 ], [ -110.921745818057687, 27.865006698880983 ], [ -110.92385589895683, 27.865586953833009 ], [ -110.925345887790854, 27.866580216749448 ], [ -110.927085849684971, 27.869558171547119 ], [ -110.926219259454271, 27.871955601695948 ], [ -110.926222372379087, 27.875511246598041 ], [ -110.933423828983024, 27.879071398032043 ], [ -110.935533847551369, 27.879238026956873 ], [ -110.941728637302845, 27.868739960004142 ], [ -110.944085374930111, 27.867666249385039 ], [ -110.949917635748662, 27.867421106743198 ], [ -110.95178275015023, 27.870729568128539 ], [ -110.950425820197921, 27.878170971928547 ], [ -110.951795694840769, 27.882388773254196 ], [ -110.94994005324142, 27.887928073995681 ], [ -110.952175309866561, 27.888921400462117 ], [ -110.955153545320343, 27.888343926570467 ], [ -110.961862092787811, 27.893390773615732 ], [ -110.963603783974037, 27.896616325377501 ], [ -110.963486199135914, 27.901991071206275 ], [ -110.965597527161378, 27.902818752736401 ], [ -110.966841680016302, 27.905051807634113 ], [ -110.964981019248185, 27.906208775175912 ], [ -110.960510586753998, 27.905049395811112 ], [ -110.957767819714093, 27.905542635605752 ], [ -110.955518517732699, 27.908868071506085 ], [ -110.953594977999018, 27.910242573441018 ], [ -110.951825774692708, 27.910387166965332 ], [ -110.950094532417822, 27.911607944871221 ], [ -110.94735425160566, 27.911615466330801 ], [ -110.945852877136105, 27.914493273719795 ], [ -110.94623477550553, 27.919976879536375 ], [ -110.949318550238644, 27.926153337698679 ], [ -110.951010694327934, 27.926871410558739 ], [ -110.952213373702918, 27.925428370518187 ], [ -110.95112561037719, 27.92793910099218 ], [ -110.952780319237505, 27.926376639113268 ], [ -110.957569643524522, 27.925353253814443 ], [ -110.969724816457216, 27.926965365396718 ], [ -110.972209601474674, 27.928123823250058 ], [ -110.974574746953607, 27.932672437203326 ], [ -110.979673767327412, 27.938544777127703 ], [ -110.980300896130487, 27.94309281455379 ], [ -110.978571202029684, 27.949624746959909 ], [ -110.975345004161881, 27.951691040353108 ], [ -110.975969161901659, 27.954089188956516 ], [ -110.973484176011354, 27.953261556791823 ], [ -110.972870753645267, 27.959049553883432 ], [ -110.971508816754024, 27.962356653054481 ], [ -110.971143979186024, 27.968392779920546 ], [ -110.976614820681021, 27.972528872007164 ], [ -110.979097006526942, 27.97095848641397 ], [ -110.983435472390468, 27.96450990081107 ], [ -110.979582003189108, 27.962276346285687 ], [ -110.977342539386882, 27.959464329118774 ], [ -110.976842186424491, 27.956818158807188 ], [ -110.978208031646602, 27.956570476849535 ], [ -110.982557265603475, 27.958225374847249 ], [ -110.979819437673925, 27.95425563584449 ], [ -110.981557714575473, 27.953925329897292 ], [ -110.987027393797703, 27.957482197628629 ], [ -110.995973989654829, 27.960295204479841 ], [ -111.012693474235746, 27.962555141750588 ], [ -111.021972098928586, 27.962271617204756 ], [ -111.029716765563975, 27.96037559174443 ], [ -111.033800256460182, 27.957011093641778 ], [ -111.040565029252022, 27.956669372171099 ], [ -111.041459565596085, 27.955932330957065 ], [ -111.040713292166913, 27.953402748686521 ], [ -111.042398420505052, 27.952546384118438 ], [ -111.042607147281998, 27.950689972821117 ], [ -111.043409509526313, 27.950437945148416 ], [ -111.045362911824412, 27.95175234212876 ], [ -111.050023647913932, 27.949946884330675 ], [ -111.050906169945833, 27.944696156100406 ], [ -111.049048013293074, 27.941710370082383 ], [ -111.049083665089441, 27.940003768858613 ], [ -111.05068792444979, 27.942138825763113 ], [ -111.055185654851869, 27.941614427835372 ], [ -111.057752403236535, 27.937480953902117 ], [ -111.058969278132082, 27.941344765582642 ], [ -111.057984520783066, 27.943298886414286 ], [ -111.059335694009206, 27.943951069291423 ], [ -111.059576881751511, 27.946209692091379 ], [ -111.057758902399044, 27.948348431322376 ], [ -111.055680509382427, 27.947362970012847 ], [ -111.054461026427063, 27.948012297373289 ], [ -111.05577766310104, 27.94843056155587 ], [ -111.054308690035882, 27.948428909667218 ], [ -111.053892841540829, 27.947562024872461 ], [ -111.05345052383872, 27.948812319940462 ], [ -111.05849680060814, 27.949824190272068 ], [ -111.061361025004913, 27.952453182272119 ], [ -111.062198446877844, 27.95509637751449 ], [ -111.065211911490536, 27.954525222255025 ], [ -111.065876848279373, 27.953381649940734 ], [ -111.065148355922659, 27.948379921392743 ], [ -111.065616966856581, 27.946997346374111 ], [ -111.064819805720845, 27.94484334490032 ], [ -111.065091201312242, 27.941203534758635 ], [ -111.0636182369295, 27.94035908730535 ], [ -111.062561937064402, 27.941080141750042 ], [ -111.062279926161835, 27.938964381633021 ], [ -111.060729750274021, 27.936580688874074 ], [ -111.057809391071544, 27.935633227193414 ], [ -111.059945554464448, 27.935094706612453 ], [ -111.058591480440057, 27.933261099548353 ], [ -111.059873154194932, 27.932944308625647 ], [ -111.059588005012614, 27.932406824822152 ], [ -111.061725120328262, 27.933670842237198 ], [ -111.06368714088326, 27.939868242887314 ], [ -111.066109114732527, 27.940784195395146 ], [ -111.066463369655679, 27.937779750882765 ], [ -111.068245119356931, 27.939897683216955 ], [ -111.070951221870757, 27.939611700021814 ], [ -111.077517058377779, 27.934615130341506 ], [ -111.080335226741695, 27.933633866982788 ], [ -111.081989820342358, 27.933687316752764 ], [ -111.087078482658171, 27.936731986799192 ], [ -111.089099252911652, 27.934880248217397 ], [ -111.089406237339276, 27.935587572750215 ], [ -111.088304687100688, 27.937438729261249 ], [ -111.090813275521882, 27.938860125808091 ], [ -111.092551960731669, 27.938941860704986 ], [ -111.094283038185239, 27.935881412513634 ], [ -111.096888673318148, 27.935053023778327 ], [ -111.099746496991756, 27.935795516006419 ], [ -111.102477500141063, 27.93546307691954 ], [ -111.104469271161577, 27.937446339493121 ], [ -111.103485605855852, 27.941333327609701 ], [ -111.104731782691573, 27.943068989900983 ], [ -111.102874011364534, 27.945054695870432 ], [ -111.096417419281579, 27.94547205369804 ], [ -111.095303573586577, 27.947043779239458 ], [ -111.096938237819771, 27.955311669270909 ], [ -111.099933481603173, 27.961180748358817 ], [ -111.101924442567167, 27.962667910487024 ], [ -111.11024765015415, 27.963241288488284 ], [ -111.113101583230815, 27.962164360366106 ], [ -111.114215325094932, 27.960592494546948 ], [ -111.116573648501358, 27.96001197607432 ], [ -111.117450255052745, 27.962740045536531 ], [ -111.11695670065275, 27.963980731222822 ], [ -111.113235239534788, 27.96580254763126 ], [ -111.11522949627232, 27.968447147694821 ], [ -111.11560928011825, 27.97117558235778 ], [ -111.118723622896042, 27.974563507746922 ], [ -111.123452603762303, 27.977784734383395 ], [ -111.128049270229809, 27.977946447883461 ], [ -111.131642327236278, 27.974553268617811 ], [ -111.134504200384441, 27.976287285039856 ], [ -111.133397731443893, 27.980422632856822 ], [ -111.134147005920241, 27.981827687619628 ], [ -111.137632122514262, 27.984222603847339 ], [ -111.140243293403188, 27.985047151768153 ], [ -111.144218422608546, 27.98496081963243 ], [ -111.149307008681276, 27.983302228925748 ], [ -111.151551417383743, 27.986111425972645 ], [ -111.154412681238057, 27.987431584914304 ], [ -111.158131694251736, 27.984781784091094 ], [ -111.158886314300645, 27.98784045362029 ], [ -111.166220932580245, 27.989403713651807 ], [ -111.166604120516197, 27.992793493878395 ], [ -111.171200962321294, 27.992788387257715 ], [ -111.174055582817942, 27.991875573531718 ], [ -111.177680405556686, 27.998734442352522 ], [ -111.183171640135896, 28.006252452516947 ], [ -111.188060291418907, 28.019228357084547 ], [ -111.19017998802741, 28.021375560339685 ], [ -111.192544457046921, 28.022364793306352 ], [ -111.197890981864077, 28.023184698507599 ], [ -111.204122021300932, 28.028220238063799 ], [ -111.206491921662717, 28.030697591217731 ], [ -111.20862546007389, 28.036648093296058 ], [ -111.210624511341052, 28.039622012668865 ], [ -111.213741459203945, 28.04234623623789 ], [ -111.225319295459059, 28.047372994873403 ], [ -111.240241055489136, 28.048837817896271 ], [ -111.241621237219817, 28.052225718962227 ], [ -111.240503415058555, 28.052475610551003 ], [ -111.239890932647285, 28.05487452746009 ], [ -111.243006224599355, 28.056853897649987 ], [ -111.247227746127265, 28.055523868797486 ], [ -111.249455429223161, 28.052956811399312 ], [ -111.254182018249836, 28.053692879191747 ], [ -111.255928821940074, 28.055343574435121 ], [ -111.252838461538531, 28.0598140196185 ], [ -111.252599167284046, 28.062212345567971 ], [ -111.253473910393453, 28.06336844908256 ], [ -111.257456689099101, 28.064519117848853 ], [ -111.256597171032979, 28.067249284075029 ], [ -111.25896651450411, 28.069064217191624 ], [ -111.260096263651548, 28.071790869344191 ], [ -111.264454400267368, 28.073436782944654 ], [ -111.26620334414541, 28.075500768759071 ], [ -111.275805546245195, 28.082428590220822 ], [ -111.275310898219118, 28.083091016087767 ], [ -111.276438825789441, 28.085238724743618 ], [ -111.273463015660639, 28.087311495776227 ], [ -111.278939748711181, 28.088624093664812 ], [ -111.281687466100735, 28.091512819811857 ], [ -111.284343904160608, 28.102256847173116 ], [ -111.286843032970182, 28.105063261681266 ], [ -111.285496893805245, 28.110275129567746 ], [ -111.285756423031117, 28.112837883519255 ], [ -111.289992931955183, 28.114648576330836 ], [ -111.290376257635231, 28.117045700207328 ], [ -111.28975716117327, 28.11770842410052 ], [ -111.294385871173787, 28.123900541354889 ], [ -111.294039635759077, 28.1301853582295 ], [ -111.297030489032664, 28.131419545448725 ], [ -111.297661048524887, 28.133402706782739 ], [ -111.299279677603451, 28.133730114306683 ], [ -111.300391732239305, 28.131991413993909 ], [ -111.301887031033473, 28.132567103490022 ], [ -111.302018280136451, 28.134137856256697 ], [ -111.303518681504727, 28.135871114974989 ], [ -111.315234747145226, 28.140807171302125 ], [ -111.315245871189191, 28.143287710294828 ], [ -111.312887968701773, 28.144615804836498 ], [ -111.313144916577116, 28.146434327035436 ], [ -111.315264784589417, 28.147504624511352 ], [ -111.316891120340273, 28.149485512108821 ], [ -111.318633719230235, 28.149647045621471 ], [ -111.321765976280162, 28.154435839681469 ], [ -111.327000508431141, 28.156325819224072 ], [ -111.33099362510599, 28.158797253000014 ], [ -111.330253939095897, 28.16028728451716 ], [ -111.333051811673243, 28.173262393031884 ], [ -111.332579792649852, 28.178803376736333 ], [ -111.33147200584763, 28.181451850309671 ], [ -111.332617485054328, 28.186906406882059 ], [ -111.332018233822097, 28.19186887902611 ], [ -111.333530337976185, 28.195834247271019 ], [ -111.336283826329023, 28.199052534658055 ], [ -111.340148413849107, 28.200283706347612 ], [ -111.341025619099526, 28.201521895207396 ], [ -111.34029203775718, 28.20433491146796 ], [ -111.341803842908234, 28.208134809749517 ], [ -111.348296544889934, 28.212170736095196 ], [ -111.351782269205884, 28.212162226330079 ], [ -111.352656903367773, 28.212821552451445 ], [ -111.355917842830905, 28.217774551959707 ], [ -111.356110346331604, 28.220637778328605 ], [ -111.345155452158551, 28.245765296327118 ], [ -111.317509019176626, 28.267262494553016 ], [ -111.313793307041664, 28.276105251490314 ], [ -111.311079858369226, 28.278512992933919 ], [ -111.30208367109887, 28.2821477056094 ], [ -111.29934022813984, 28.285300193889622 ], [ -111.297825630360833, 28.288902607441727 ], [ -111.284269280844967, 28.291160881607372 ], [ -111.283517092963322, 28.297520064567291 ], [ -111.284450865621892, 28.299121767374938 ], [ -111.258618815501904, 28.318257297613354 ], [ -111.265909303992672, 28.319962116323946 ], [ -111.261538472562535, 28.335662767163608 ], [ -111.218787481315729, 28.347085689588017 ], [ -111.220639028630686, 28.329074257246269 ], [ -111.216702432433436, 28.327714840937904 ], [ -111.210480572904345, 28.33349756223625 ], [ -111.204736032570651, 28.336725122626092 ], [ -111.201328158571712, 28.337701378072147 ], [ -111.188427008483842, 28.338975377655103 ], [ -111.178879147331216, 28.343663197333356 ], [ -111.167325677955844, 28.351605314465505 ], [ -111.160723502501085, 28.354391061218902 ], [ -111.150278168991719, 28.356563847011081 ], [ -111.150085473578784, 28.358215532972061 ], [ -111.144845022112932, 28.364273522554441 ], [ -111.141866024455723, 28.366918715482193 ], [ -111.137529554725532, 28.369191452768643 ], [ -111.132597059015509, 28.370783084790563 ], [ -111.129865332807881, 28.3704520204669 ], [ -111.119023085646191, 28.364074429960265 ], [ -111.112362905434054, 28.365198650035211 ], [ -111.108899224771264, 28.370480444615012 ], [ -111.107494765525317, 28.374250057187716 ], [ -111.104760405200821, 28.376984775387012 ], [ -111.090066491590164, 28.376206199644802 ], [ -111.086324120558288, 28.379158461977994 ], [ -111.085283152329112, 28.392138092501156 ], [ -111.083358400258319, 28.399372356639883 ], [ -111.078939868419255, 28.406530426442501 ], [ -111.078417105631971, 28.413061577208865 ], [ -111.08075240063917, 28.43186260702057 ], [ -111.080215786741761, 28.438724816142294 ], [ -111.075677622310991, 28.445713396790598 ], [ -111.076845267927851, 28.45362216036219 ], [ -111.07561183237037, 28.459219934060986 ], [ -111.072278424131767, 28.464256241518495 ], [ -111.065029431698761, 28.4643658472475 ], [ -111.058965254150593, 28.466003170353613 ], [ -111.055063923981791, 28.463728670681697 ], [ -111.048709057363467, 28.463367611791121 ], [ -111.042884163912959, 28.497830085374439 ], [ -111.04558316950849, 28.50197401672963 ], [ -111.047151493629798, 28.509232352751205 ], [ -110.999389302740994, 28.518694618217189 ], [ -110.934656955995905, 28.509952688963345 ], [ -110.921577475437573, 28.514760250463972 ], [ -110.916239931101799, 28.513928040252338 ], [ -110.909190232253863, 28.515113178475062 ], [ -110.907343460965009, 28.514474350186369 ], [ -110.89305387724535, 28.51832909171582 ], [ -110.882590579092536, 28.514679904845416 ], [ -110.871118192369678, 28.516964814957404 ], [ -110.85984073923116, 28.513726667069133 ], [ -110.853171867481706, 28.512990415136308 ], [ -110.849998372973062, 28.516949323514201 ], [ -110.847609012174559, 28.517286748631197 ], [ -110.843126500440462, 28.514075703002316 ], [ -110.838174950602649, 28.513004219218505 ], [ -110.834857283822032, 28.514554629814711 ], [ -110.811623413093372, 28.531206557310966 ], [ -110.780828559386237, 28.540645643542 ], [ -110.778788897688898, 28.535789473008421 ], [ -110.767266017226078, 28.532475713396458 ], [ -110.764502445875493, 28.531003256902142 ], [ -110.757688762419292, 28.524832204192215 ] ] ] } },
{ "type": "Feature", "properties": { "ID": 533.0, "ENTIDAD": 26, "DISTRITO_L": 14, "TIPO": 0, "CONTROL": 0.0, "GEOMETRY1_": null }, "geometry": { "type": "Polygon", "coordinates": [ [ [ -110.23118734828725, 28.578700962261159 ], [ -110.213089012199887, 28.579428948623995 ], [ -110.206464170995375, 28.578290501839877 ], [ -110.203946452390383, 28.575229747349105 ], [ -110.205303965263269, 28.572902312727297 ], [ -110.20025277764644, 28.564375031999816 ], [ -110.136499971709142, 28.570300511397818 ], [ -110.105269779856286, 28.566738268983862 ], [ -110.106378695947981, 28.5642466314522 ], [ -110.115574092399655, 28.557170271832501 ], [ -110.126478015017327, 28.543866727615224 ], [ -110.134314802349138, 28.539613370338376 ], [ -110.135551097020169, 28.537701778777556 ], [ -110.134415224234075, 28.535631205706025 ], [ -110.129142101820662, 28.530420286828985 ], [ -110.122636638017582, 28.527701336872099 ], [ -110.110665585215671, 28.529144965632032 ], [ -110.107305107363828, 28.530647341627514 ], [ -110.099574962666765, 28.531829515278741 ], [ -110.089843748144887, 28.532269849172138 ], [ -110.090327009994212, 28.507630957519325 ], [ -110.058947991913115, 28.472867930947128 ], [ -110.071969865040217, 28.467801495585473 ], [ -110.070848871858701, 28.461770001692436 ], [ -110.071224078490772, 28.459951064076911 ], [ -110.072846199960921, 28.46135330856254 ], [ -110.076217177959705, 28.4591985338512 ], [ -110.082209115002215, 28.45728692378826 ], [ -110.079214220879521, 28.455060740373721 ], [ -110.078091697087558, 28.452665887475487 ], [ -110.076218804047429, 28.454652791140997 ], [ -110.06623512980731, 28.451363993826284 ], [ -110.056636758805737, 28.428981785807313 ], [ -110.055891802995518, 28.422040408257516 ], [ -110.054521136718989, 28.41865397443048 ], [ -110.057144992037877, 28.411707135814389 ], [ -110.052906143492109, 28.406176427088006 ], [ -110.071252081435162, 28.389119872850305 ], [ -110.078988832235311, 28.379436074059647 ], [ -110.08110927971542, 28.379101644794503 ], [ -110.084477846635579, 28.375376206779933 ], [ -110.086099051937836, 28.376117076649908 ], [ -110.092335485395836, 28.374535028863768 ], [ -110.091712829312755, 28.369494488368282 ], [ -110.098323071768306, 28.366836978278339 ], [ -110.098697468911126, 28.364687315931342 ], [ -110.103935464898143, 28.362114833999019 ], [ -110.103935599399549, 28.360213849181708 ], [ -110.105182718987948, 28.358971596002274 ], [ -110.113911939807124, 28.358375353235846 ], [ -110.116156418681356, 28.354568734106746 ], [ -110.115657495448119, 28.351428999144737 ], [ -110.114036407047848, 28.349283400980635 ], [ -110.114036336671077, 28.346721193689707 ], [ -110.109298199056752, 28.343755412973177 ], [ -110.108674818802299, 28.341525076212804 ], [ -110.101069954123787, 28.33286181723582 ], [ -110.100218973599979, 28.325369976125671 ], [ -110.1067565666837, 28.310246206457357 ], [ -110.109421678213607, 28.295362679366683 ], [ -110.111597424767552, 28.276755897857317 ], [ -110.108884633153323, 28.265335839994243 ], [ -110.108775889557648, 28.259793663529962 ], [ -110.103829170239663, 28.244481462753015 ], [ -110.09662303783648, 28.234210174439585 ], [ -110.097019143198381, 28.22693196676088 ], [ -110.087870576737231, 28.199864883653412 ], [ -110.085577805318906, 28.174962424908024 ], [ -110.082725815432582, 28.169827961484589 ], [ -110.073648474118855, 28.162033008803746 ], [ -110.067316781100871, 28.153747342128291 ], [ -110.068717843251804, 28.144568927892262 ], [ -110.065738193760495, 28.140840021856697 ], [ -110.063634547034184, 28.136120435988595 ], [ -110.060284928738128, 28.131315263332279 ], [ -110.05381356307106, 28.128322541725311 ], [ -110.046625412089668, 28.116394429881407 ], [ -110.04551431918037, 28.113331267718436 ], [ -110.050253573524898, 28.112267180847883 ], [ -110.053015277266596, 28.106318040342323 ], [ -110.055641280299355, 28.103594478707809 ], [ -110.057271944807184, 28.100372276771733 ], [ -110.054317716096236, 28.089529530645468 ], [ -110.069787007341873, 28.083443430979298 ], [ -110.069672231293211, 28.080382634593288 ], [ -110.068436769471589, 28.077153927163057 ], [ -110.065701908461136, 28.075328066646573 ], [ -110.063966977225306, 28.072511792124534 ], [ -110.064472534911161, 28.070279555176516 ], [ -110.066347531481568, 28.068298522638973 ], [ -110.069340120887276, 28.067395258078001 ], [ -110.073216165071727, 28.062854275130476 ], [ -110.082353654856306, 28.048480926281954 ], [ -110.089148227190492, 28.025582109610042 ], [ -110.09889660262516, 28.005778740108532 ], [ -110.099647972849539, 27.993501474132465 ], [ -110.0963658009873, 27.988468013653918 ], [ -110.091988845881559, 27.985930096938237 ], [ -110.083040638798252, 27.973475718995385 ], [ -110.064786320910756, 27.936296284764591 ], [ -110.066826547627386, 27.915386504691089 ], [ -110.059636433771985, 27.890729202643712 ], [ -110.050591141386519, 27.853232646524333 ], [ -110.063690072377213, 27.819805461775008 ], [ -110.065676284574153, 27.806607067916286 ], [ -110.0652801342533, 27.7909383991542 ], [ -110.063170791654017, 27.777852620594594 ], [ -110.051176038713336, 27.75596584510998 ], [ -110.029178133844383, 27.752224907248035 ], [ -110.030174516434826, 27.739033940028783 ], [ -110.028263737200618, 27.733574772216961 ], [ -110.028697229384676, 27.72668951901456 ], [ -110.031647843219886, 27.723766614035604 ], [ -110.031506364215176, 27.721860489499743 ], [ -110.028366764654436, 27.717653749680483 ], [ -110.023497714436758, 27.714205312897768 ], [ -110.021988284449833, 27.711894149578729 ], [ -110.021685410672319, 27.705843231067249 ], [ -110.016551120539035, 27.700406382744045 ], [ -110.016371822028376, 27.694271676424027 ], [ -110.013450292352857, 27.68658054233881 ], [ -110.01438861251421, 27.680603914572433 ], [ -110.019519938695922, 27.672110526673997 ], [ -110.018486101097025, 27.66747429113903 ], [ -110.018804831190181, 27.661584839941618 ], [ -110.020126514108057, 27.656932161750028 ], [ -110.022816193894002, 27.652767400048422 ], [ -110.019738320101865, 27.627747381911394 ], [ -110.017223654341308, 27.62378482142212 ], [ -110.009222951934603, 27.616128923502604 ], [ -110.004982210518108, 27.613090199096224 ], [ -110.005209324435853, 27.610766901914641 ], [ -110.008518674879468, 27.606681017407102 ], [ -110.006982043077713, 27.601136054618845 ], [ -110.007205372474573, 27.598398177994902 ], [ -110.015307303404541, 27.588311692349038 ], [ -110.014556090888334, 27.547141723616736 ], [ -110.014906674230204, 27.518387755916628 ], [ -110.096494335157544, 27.519072679868486 ], [ -110.095608314019856, 27.409212046783164 ], [ -110.096016340876162, 27.280677667546492 ], [ -110.097239354366934, 27.24349441012059 ], [ -110.09621436224505, 27.237430881499723 ], [ -110.096428125053023, 27.189560629414526 ], [ -110.103076530679829, 27.184968402807794 ], [ -110.106003685411906, 27.178310313904685 ], [ -110.104864006946869, 27.173743105099131 ], [ -110.105468657312116, 27.171497235866205 ], [ -110.102850842289584, 27.167765885914275 ], [ -110.101590749357925, 27.163697685344086 ], [ -110.100351562574033, 27.14225989336494 ], [ -110.102805164836582, 27.139260079647759 ], [ -110.101299717900119, 27.135441988005084 ], [ -110.099515801398326, 27.12630586849583 ], [ -110.099341136280145, 27.11766319507144 ], [ -110.098714588307459, 27.116169266907676 ], [ -110.099546418950197, 27.110598342062254 ], [ -110.098651717376029, 27.105531625406734 ], [ -110.102361025993872, 27.106101390014015 ], [ -110.104720470626319, 27.108171418592622 ], [ -110.112397467415903, 27.111138065456714 ], [ -110.126995584128281, 27.114496347808288 ], [ -110.132428197914109, 27.113979011990708 ], [ -110.137497431328711, 27.114626259727643 ], [ -110.153582532116545, 27.118475262258137 ], [ -110.153219339530793, 27.11964010040834 ], [ -110.145179459155486, 27.118172893494389 ], [ -110.141599319456034, 27.118601095895244 ], [ -110.135441830356839, 27.121780785885246 ], [ -110.134335597953324, 27.122698825284932 ], [ -110.134222911509383, 27.124444499517988 ], [ -110.132126688592336, 27.125116624526001 ], [ -110.127648637648349, 27.120228611117518 ], [ -110.124554398608865, 27.119324974149457 ], [ -110.121472399822835, 27.120415833348673 ], [ -110.109982706874504, 27.120454186264435 ], [ -110.108390072541397, 27.122703350484461 ], [ -110.110001182268448, 27.123529130815395 ], [ -110.118527035630109, 27.123666983377724 ], [ -110.126338220841717, 27.128128403816568 ], [ -110.12843863545568, 27.128121222087447 ], [ -110.127932632418322, 27.126211458250467 ], [ -110.128793902271298, 27.125626746890447 ], [ -110.130286800609966, 27.127283790868379 ], [ -110.132515396893822, 27.128024084514763 ], [ -110.138927702305608, 27.126007168126844 ], [ -110.145234621800242, 27.126899138377613 ], [ -110.145717268203782, 27.125069029398357 ], [ -110.14310436818532, 27.122169470485773 ], [ -110.14371319354025, 27.12075446646417 ], [ -110.154591643173916, 27.121712875432817 ], [ -110.156925691752861, 27.119626689415419 ], [ -110.160879136241618, 27.119612276522581 ], [ -110.174368543596188, 27.123052861895403 ], [ -110.179229323980351, 27.125495755079431 ], [ -110.208869106372447, 27.131247953614093 ], [ -110.22346827796585, 27.135985127083938 ], [ -110.219135159486058, 27.136573305767762 ], [ -110.216265121493066, 27.13809987298708 ], [ -110.21188404375421, 27.134869453281265 ], [ -110.20940891662157, 27.135157961136251 ], [ -110.204986951928575, 27.134001355094423 ], [ -110.205699499596832, 27.13542471880643 ], [ -110.211352533712969, 27.136768893252487 ], [ -110.214132319927614, 27.13980528672252 ], [ -110.210961011574184, 27.144065125639347 ], [ -110.209354679335618, 27.14411990965209 ], [ -110.202559356924695, 27.138108111361884 ], [ -110.194075789781294, 27.136298637199726 ], [ -110.193623491429307, 27.134215897115709 ], [ -110.19745796796343, 27.133868675987827 ], [ -110.194533836680918, 27.13190827003638 ], [ -110.190447596616323, 27.13249992537655 ], [ -110.190049119784831, 27.133903699366822 ], [ -110.192573105253544, 27.137350939010297 ], [ -110.195500650884156, 27.139145465553494 ], [ -110.203861023229635, 27.140952685203523 ], [ -110.204822117504648, 27.142297437533426 ], [ -110.20455546184634, 27.143288622224635 ], [ -110.202825703211275, 27.143341159283235 ], [ -110.20377855752929, 27.14510072198356 ], [ -110.205004698712159, 27.145537251104848 ], [ -110.205183990914151, 27.148942984591322 ], [ -110.207509640393582, 27.149979760973839 ], [ -110.208271705032885, 27.148914288374097 ], [ -110.20806927127893, 27.146670008233119 ], [ -110.210789891442502, 27.146468825004447 ], [ -110.212740291785664, 27.14774789636181 ], [ -110.212885319255179, 27.152895802474461 ], [ -110.218740335061156, 27.156566933249987 ], [ -110.225732979509019, 27.158929839506634 ], [ -110.230664644290755, 27.159347761841527 ], [ -110.234998593576805, 27.158759246268794 ], [ -110.231676350352998, 27.164427743100067 ], [ -110.232140868848717, 27.165929640650685 ], [ -110.239624938841899, 27.162159174124309 ], [ -110.241150246880167, 27.159944908280522 ], [ -110.243521845709196, 27.158658173470865 ], [ -110.254509363291163, 27.158848065700379 ], [ -110.262269662136092, 27.153504339904423 ], [ -110.263504162822031, 27.153525552973452 ], [ -110.263343780780758, 27.155431562902617 ], [ -110.26012077905979, 27.162430281248614 ], [ -110.255361612326084, 27.165833892377695 ], [ -110.256339651149844, 27.166348685754272 ], [ -110.262182637534025, 27.164374500014976 ], [ -110.263723595157785, 27.161330359922836 ], [ -110.266806857949177, 27.161549268954733 ], [ -110.265487313846052, 27.159534871481522 ], [ -110.268498341573689, 27.157096831025488 ], [ -110.270051831065999, 27.153388913904486 ], [ -110.268600863439403, 27.151787241090179 ], [ -110.266753947635536, 27.151506598219051 ], [ -110.26641086097537, 27.150089884527162 ], [ -110.259546122891706, 27.147482233673298 ], [ -110.260681225053105, 27.146256912889704 ], [ -110.273597933825982, 27.148802190745709 ], [ -110.28249874765315, 27.148290256024016 ], [ -110.277716291708103, 27.146548866129081 ], [ -110.281419585531111, 27.146612060861543 ], [ -110.287419092821565, 27.149286919149478 ], [ -110.288381270711412, 27.150631119403773 ], [ -110.293806654163575, 27.151055214956145 ], [ -110.304000917665462, 27.153966436835756 ], [ -110.304838306654972, 27.155391405932701 ], [ -110.302992806190048, 27.155028274018388 ], [ -110.300725229164314, 27.163869848171966 ], [ -110.298722963706851, 27.165246793292368 ], [ -110.295258050470991, 27.165603044188995 ], [ -110.291601670158812, 27.163051317967842 ], [ -110.291191648189027, 27.165119099024409 ], [ -110.286921250575588, 27.16239084282347 ], [ -110.284828778583446, 27.162023270344235 ], [ -110.283456395310509, 27.162746803372851 ], [ -110.281126565406851, 27.161877193154961 ], [ -110.279757348741001, 27.162434764478888 ], [ -110.280352343242157, 27.163606772081071 ], [ -110.279942112546323, 27.165674516021909 ], [ -110.282400252267692, 27.166297363611413 ], [ -110.283489159090536, 27.167477775115007 ], [ -110.284383644734689, 27.165916207349856 ], [ -110.28734838496068, 27.165883677369738 ], [ -110.291921167178387, 27.172185609060836 ], [ -110.298390899246485, 27.176195808408217 ], [ -110.299524303377225, 27.175053138623824 ], [ -110.299547998152192, 27.173808695123146 ], [ -110.296163509057592, 27.169933856019423 ], [ -110.298001325931068, 27.170711895790603 ], [ -110.298169050991248, 27.168391024665635 ], [ -110.302444248457562, 27.164396851581341 ], [ -110.303620049103458, 27.161014139024264 ], [ -110.305736190289565, 27.160136983807764 ], [ -110.30916946555331, 27.161439736224789 ], [ -110.307773642907591, 27.163407959258116 ], [ -110.309834789502915, 27.16543445693889 ], [ -110.313037036301182, 27.165903323879643 ], [ -110.313254151793615, 27.167483782014127 ], [ -110.311370727007301, 27.169111875758823 ], [ -110.309518690453174, 27.169080678701214 ], [ -110.307560495534474, 27.168134780011162 ], [ -110.305996354124972, 27.165950658708361 ], [ -110.304263110577494, 27.166170366284074 ], [ -110.303103040021227, 27.168723450567324 ], [ -110.304447010269996, 27.169493060603312 ], [ -110.304241586094008, 27.173805054242735 ], [ -110.305718549887516, 27.174078959907224 ], [ -110.308979211115471, 27.171478287833946 ], [ -110.310451442649665, 27.172001032961315 ], [ -110.312692783294722, 27.171042893603747 ], [ -110.313541390791983, 27.171887068883812 ], [ -110.314310460176685, 27.170406190149254 ], [ -110.315631014741754, 27.172420144491074 ], [ -110.316071615379471, 27.175249197852384 ], [ -110.316961016762747, 27.173936306663315 ], [ -110.317397229781804, 27.170458066940832 ], [ -110.320115155014506, 27.170420698908512 ], [ -110.3194383364294, 27.173562951265737 ], [ -110.325065098282252, 27.176478907545025 ], [ -110.323927249592032, 27.177870678490383 ], [ -110.317881471877342, 27.177520320407918 ], [ -110.318319014574556, 27.180515292679754 ], [ -110.322246995388653, 27.181826027246771 ], [ -110.323821043508715, 27.183512192018799 ], [ -110.325745110797527, 27.179726885090574 ], [ -110.326965889180016, 27.180494216850903 ], [ -110.330304584724672, 27.180301054803522 ], [ -110.333363654835608, 27.181845930581503 ], [ -110.334082798159812, 27.183019779268122 ], [ -110.338129892956673, 27.184581023770836 ], [ -110.335601900426724, 27.181053353860293 ], [ -110.328527154112663, 27.176287852605121 ], [ -110.325876174736351, 27.172757948106241 ], [ -110.323922457809331, 27.171563383882784 ], [ -110.324063105824976, 27.170652852731457 ], [ -110.321267043324625, 27.168282285270983 ], [ -110.318499275493522, 27.164418320698939 ], [ -110.311615124743156, 27.162725780201004 ], [ -110.310351316361476, 27.157725108002811 ], [ -110.314772240259188, 27.159044357375972 ], [ -110.328950150726342, 27.166917086154701 ], [ -110.337221821915179, 27.173694262674132 ], [ -110.349994024359447, 27.190919255087149 ], [ -110.363498088904137, 27.202179866851253 ], [ -110.381221659809967, 27.219317418306609 ], [ -110.415182812501655, 27.254640616016538 ], [ -110.422726219246599, 27.261317953434368 ], [ -110.432983411610849, 27.26837019797669 ], [ -110.449286109919242, 27.276181564249001 ], [ -110.473027573388464, 27.282946046805314 ], [ -110.497940456468882, 27.286488111655942 ], [ -110.520921216965121, 27.28742346902072 ], [ -110.522886174935351, 27.288200494501194 ], [ -110.525839102578573, 27.296295581908328 ], [ -110.521710098180023, 27.299136909855029 ], [ -110.517622110146249, 27.299572089009079 ], [ -110.514670882766836, 27.298613843991046 ], [ -110.490703274411132, 27.297413151922388 ], [ -110.474455631483139, 27.293176005195487 ], [ -110.471964474839623, 27.294215786185049 ], [ -110.47068174341878, 27.296851277726002 ], [ -110.467357246076006, 27.296052148269567 ], [ -110.464796391293859, 27.294020138816595 ], [ -110.453166553738981, 27.294417491703889 ], [ -110.452766323698782, 27.296070923230673 ], [ -110.448528089620652, 27.297995493167438 ], [ -110.448264653268566, 27.298904186068718 ], [ -110.442077880237875, 27.299137876303064 ], [ -110.443009216947104, 27.30238922738998 ], [ -110.440015685241775, 27.303835391593118 ], [ -110.442290631913778, 27.308020998322895 ], [ -110.4450547046483, 27.305575283608192 ], [ -110.453926317526111, 27.307375677536918 ], [ -110.453393602685352, 27.309524940743394 ], [ -110.454359136323163, 27.310868025777335 ], [ -110.455848578184415, 27.310559623657976 ], [ -110.455863255458809, 27.309729974418069 ], [ -110.4577074366115, 27.31034002842792 ], [ -110.458299201991807, 27.31184315884623 ], [ -110.465119428275258, 27.310788841146831 ], [ -110.473152555922127, 27.311081026722974 ], [ -110.475094327914704, 27.313186166839582 ], [ -110.47372271666697, 27.313828573632346 ], [ -110.475037638877879, 27.316421812553571 ], [ -110.474880564734761, 27.318328075771966 ], [ -110.466125517908779, 27.316862802402678 ], [ -110.464868682204298, 27.318004855918318 ], [ -110.471009859400269, 27.320425056675365 ], [ -110.465764316779996, 27.323330183192784 ], [ -110.461735955072982, 27.327333147733025 ], [ -110.460739437545968, 27.327732374815405 ], [ -110.458526938434588, 27.326950572737523 ], [ -110.459706279006781, 27.330205714114154 ], [ -110.46155667492522, 27.330483861677102 ], [ -110.46893971476095, 27.325620786682897 ], [ -110.474732260649333, 27.32679052373382 ], [ -110.47660297937567, 27.325906959846066 ], [ -110.476792172198557, 27.32922943797908 ], [ -110.478370618449759, 27.330913898636119 ], [ -110.478524751789877, 27.329173564676509 ], [ -110.480542330086308, 27.326964439344156 ], [ -110.482582096356225, 27.330564783192173 ], [ -110.480931110639503, 27.333028629391052 ], [ -110.480382831491653, 27.336090609841893 ], [ -110.475960155154553, 27.334361656210405 ], [ -110.474445718381332, 27.336080673116509 ], [ -110.478250130416924, 27.337800002560503 ], [ -110.477844295148131, 27.339785358923429 ], [ -110.475481600390125, 27.340495256513584 ], [ -110.47669790253066, 27.34167613326742 ], [ -110.475567463938773, 27.342654282751109 ], [ -110.476265862440499, 27.345154852431445 ], [ -110.475218334850851, 27.348457951810296 ], [ -110.471804857057833, 27.352636800708623 ], [ -110.469680456956326, 27.35384826392292 ], [ -110.46922075511084, 27.351849340087419 ], [ -110.466739916167015, 27.352225282451379 ], [ -110.463290127990504, 27.351424094033742 ], [ -110.459179490945218, 27.353019033814753 ], [ -110.462493906445289, 27.354482091305638 ], [ -110.472244214361936, 27.355797222738609 ], [ -110.472516338026978, 27.354390702665295 ], [ -110.475276563887505, 27.352193307721009 ], [ -110.477099758734695, 27.354047586163073 ], [ -110.477441740620861, 27.355712690553183 ], [ -110.480132264248255, 27.35749751257314 ], [ -110.482667309271861, 27.361105579957783 ], [ -110.481415933548064, 27.361915911087113 ], [ -110.477849310345661, 27.360698321322509 ], [ -110.477335672530714, 27.361769120596854 ], [ -110.475283887069011, 27.35883242855148 ], [ -110.474175090434258, 27.35856609072486 ], [ -110.474728038187692, 27.362309195079391 ], [ -110.469092359944298, 27.359150230286531 ], [ -110.466467483014085, 27.360656371325632 ], [ -110.471267674397794, 27.362088952304273 ], [ -110.474057194136165, 27.365286230480194 ], [ -110.475301387126237, 27.364890790384603 ], [ -110.47626329346555, 27.366482618095631 ], [ -110.474994350932519, 27.368288465333656 ], [ -110.473259705008346, 27.36842725050041 ], [ -110.470809128926874, 27.367061003198579 ], [ -110.475532821574831, 27.372861208234117 ], [ -110.476554412104093, 27.371051484606227 ], [ -110.480571169395304, 27.374848748858646 ], [ -110.479546704039834, 27.376824430579475 ], [ -110.477293852784896, 27.378282959630354 ], [ -110.479757821182233, 27.378902414110001 ], [ -110.482380320847938, 27.377532605364234 ], [ -110.482666869746211, 27.375296421840162 ], [ -110.487125977989777, 27.375034022079834 ], [ -110.494099255852959, 27.37962381402178 ], [ -110.491865290036813, 27.380004036435729 ], [ -110.491227983846358, 27.381072961118026 ], [ -110.495514636363666, 27.383629177105451 ], [ -110.49472913682979, 27.386106599480289 ], [ -110.493595512751909, 27.387250814303176 ], [ -110.489402142102236, 27.386438724139051 ], [ -110.489342904610538, 27.389840276425502 ], [ -110.487698395755345, 27.391889348591604 ], [ -110.48988205521114, 27.394412959498204 ], [ -110.491525119069678, 27.39244682697387 ], [ -110.492320835529014, 27.389388673338999 ], [ -110.496692757003288, 27.387049932865601 ], [ -110.497348726029458, 27.392039336003961 ], [ -110.496518574975937, 27.397088672559089 ], [ -110.499547090735149, 27.400870039074171 ], [ -110.499262157697387, 27.395886402029838 ], [ -110.50069785246184, 27.391593310017651 ], [ -110.498890907322973, 27.3887437574983 ], [ -110.498808884043811, 27.386335858415563 ], [ -110.501287515388782, 27.386125286827767 ], [ -110.503344788280188, 27.388812706476759 ], [ -110.503520511133473, 27.392964780120124 ], [ -110.505858367801423, 27.393747795419593 ], [ -110.506046554686037, 27.390016282207295 ], [ -110.507062088319017, 27.388538195234563 ], [ -110.515423957842714, 27.384434690517519 ], [ -110.515227843727274, 27.381444135363111 ], [ -110.522469840834944, 27.377654927337737 ], [ -110.523738129291118, 27.375848642097608 ], [ -110.527345410582981, 27.374742032983871 ], [ -110.530435188084383, 27.374955225193766 ], [ -110.531458737979335, 27.372979157355083 ], [ -110.536037136832249, 27.372965977553118 ], [ -110.53624084738388, 27.375541685106722 ], [ -110.53410963536578, 27.377168956957917 ], [ -110.527196213492871, 27.376233521972551 ], [ -110.530090202975444, 27.380676075448637 ], [ -110.528457899695027, 27.382061917750953 ], [ -110.52560401235759, 27.382516190540656 ], [ -110.528259156346053, 27.386457199259517 ], [ -110.524180748681573, 27.386145835150675 ], [ -110.525587372071925, 27.390731662332843 ], [ -110.517046305010297, 27.390849639618679 ], [ -110.51416362046993, 27.392962977815319 ], [ -110.509208242813003, 27.400438462666916 ], [ -110.503477835621055, 27.402590617406211 ], [ -110.502841942188695, 27.40357662666656 ], [ -110.503814612637271, 27.40458751216303 ], [ -110.507036062419033, 27.404388320826364 ], [ -110.507640428863539, 27.405227519210221 ], [ -110.507610364169764, 27.40696978096242 ], [ -110.505596138160755, 27.408930365598753 ], [ -110.505685483222621, 27.410923431368005 ], [ -110.509686761620983, 27.408578563432162 ], [ -110.51101849798188, 27.403121952904911 ], [ -110.513143408953781, 27.40190987559868 ], [ -110.513043942413333, 27.400497565552179 ], [ -110.515628067435173, 27.401367193768429 ], [ -110.515281106042664, 27.399951079493711 ], [ -110.517670458968368, 27.397747155303446 ], [ -110.522709285664035, 27.399816157518533 ], [ -110.522679460071203, 27.401558426945765 ], [ -110.519637297709522, 27.405744104716014 ], [ -110.515165607402849, 27.406671247009193 ], [ -110.514034831489298, 27.407649694647098 ], [ -110.513725983059032, 27.411213378204732 ], [ -110.511475724145541, 27.412506519026412 ], [ -110.511570892262469, 27.414167722133026 ], [ -110.513886416338408, 27.416278044430044 ], [ -110.514566514337787, 27.412720074712457 ], [ -110.518951628262386, 27.416853819032724 ], [ -110.516961859172085, 27.410184310610891 ], [ -110.518689994772714, 27.410459815997143 ], [ -110.522664153234771, 27.416910764699246 ], [ -110.521170554774372, 27.410165933340146 ], [ -110.522827512088355, 27.407369781182268 ], [ -110.524419106676859, 27.408390005239099 ], [ -110.525249833179132, 27.410477395519841 ], [ -110.526120672728027, 27.417461615322125 ], [ -110.527563181080865, 27.419973281910725 ], [ -110.528321290004712, 27.419072017317067 ], [ -110.528507363250029, 27.415423443300181 ], [ -110.527205643789372, 27.411918095949733 ], [ -110.527615135444364, 27.409683712774083 ], [ -110.526046179820241, 27.407336081753691 ], [ -110.52583273292359, 27.40534112981307 ], [ -110.527462581390253, 27.404121258114021 ], [ -110.526533637893465, 27.400538611299758 ], [ -110.528425030020756, 27.398492858753212 ], [ -110.530649353055253, 27.398692812932136 ], [ -110.529836222364125, 27.402829743272203 ], [ -110.530426608615002, 27.404498498364024 ], [ -110.532982713193789, 27.407027113874307 ], [ -110.533077359921379, 27.401468434038694 ], [ -110.53665014116261, 27.402435733694094 ], [ -110.538598919828729, 27.40429110338598 ], [ -110.543043632437062, 27.404939551555088 ], [ -110.542962050958437, 27.402448706126869 ], [ -110.547784934506751, 27.402687809195381 ], [ -110.553916450722014, 27.398714181707092 ], [ -110.558637763716405, 27.397623585202485 ], [ -110.553510325238278, 27.40078272096347 ], [ -110.547904465876798, 27.402938580228206 ], [ -110.548997080972725, 27.404199926728804 ], [ -110.546373344895727, 27.405653950539197 ], [ -110.542894598861011, 27.406431053004304 ], [ -110.536346265230989, 27.405750583106762 ], [ -110.535813223164965, 27.407983110859643 ], [ -110.542990233469723, 27.408092241949326 ], [ -110.543226475965199, 27.408759722648291 ], [ -110.541115821125345, 27.409142604961097 ], [ -110.5417190663849, 27.410064624134733 ], [ -110.546407310318614, 27.410965623023227 ], [ -110.546006609719768, 27.412702272483681 ], [ -110.542294203717674, 27.412645949886553 ], [ -110.544836725576403, 27.416004005198701 ], [ -110.5411312446425, 27.415532823189501 ], [ -110.538099244838548, 27.419138142038904 ], [ -110.535868854129845, 27.41927016297543 ], [ -110.535180924727143, 27.423326032517611 ], [ -110.53701756045615, 27.424515815967411 ], [ -110.539759991831019, 27.423395721693513 ], [ -110.542031246367344, 27.420857644967182 ], [ -110.547157135549298, 27.417864886434078 ], [ -110.551253573392444, 27.417180005695634 ], [ -110.550329906796534, 27.420568491441372 ], [ -110.551365345286712, 27.425231403362268 ], [ -110.544680851072485, 27.425213164672435 ], [ -110.543665470614144, 27.426691519909788 ], [ -110.547471257166237, 27.42857492439251 ], [ -110.546098618194279, 27.429218018836334 ], [ -110.543007297505042, 27.429005156200034 ], [ -110.54260928667415, 27.430575859482811 ], [ -110.5407696756467, 27.429552079198764 ], [ -110.537157913644251, 27.430824936497341 ], [ -110.535826113233497, 27.429061939852186 ], [ -110.534212933272272, 27.429286320486927 ], [ -110.534066568467139, 27.430611875279524 ], [ -110.536498168735946, 27.433221503803583 ], [ -110.538839927896859, 27.433838045163178 ], [ -110.546164842078454, 27.432621472161667 ], [ -110.545221224653062, 27.437171426302715 ], [ -110.545826056951185, 27.43801046107798 ], [ -110.547578545900791, 27.436875204564508 ], [ -110.553825194255325, 27.426181425700793 ], [ -110.556185052555463, 27.425719123792099 ], [ -110.555861234166727, 27.422892693276307 ], [ -110.557908307811687, 27.418940202800485 ], [ -110.560222037114613, 27.421215697501047 ], [ -110.558289003458285, 27.425750845422879 ], [ -110.556650793740431, 27.427468867221872 ], [ -110.555856553421336, 27.430527390050365 ], [ -110.555308412451794, 27.433672607739947 ], [ -110.55647772209575, 27.437756586869327 ], [ -110.559086760393541, 27.437215007325239 ], [ -110.561163082305399, 27.438905997727094 ], [ -110.560783396044883, 27.439398202136797 ], [ -110.564233866927182, 27.440362944139689 ], [ -110.564317331252425, 27.442770804101052 ], [ -110.56330343709719, 27.44416633441546 ], [ -110.564267282768526, 27.445757561600963 ], [ -110.567470411182924, 27.446718505007368 ], [ -110.566907016385485, 27.443390596834288 ], [ -110.569919361008559, 27.440946179561571 ], [ -110.572874841282029, 27.44190328828444 ], [ -110.572407994592623, 27.447622359493543 ], [ -110.571015864950994, 27.449427214527535 ], [ -110.568648623400094, 27.45030458833055 ], [ -110.571216345728899, 27.452251750630971 ], [ -110.569808887875098, 27.454969211793067 ], [ -110.567049304205625, 27.457085471380541 ], [ -110.563014096561673, 27.454037356791613 ], [ -110.561863755074626, 27.456177699504369 ], [ -110.557912055599644, 27.455537294237491 ], [ -110.555846650549114, 27.45318253459234 ], [ -110.555891345458576, 27.450527647028167 ], [ -110.55369250094671, 27.448751744652988 ], [ -110.55365194983635, 27.451157735964618 ], [ -110.550792175285736, 27.451861394857957 ], [ -110.546088130326126, 27.451790177867931 ], [ -110.544874109002521, 27.450361004551809 ], [ -110.542529153995602, 27.449910491376844 ], [ -110.54238004381466, 27.451401981850573 ], [ -110.535964145650851, 27.450059625683242 ], [ -110.534565746496312, 27.452195967693605 ], [ -110.546060049078221, 27.453449478682153 ], [ -110.546649534234831, 27.455201124304573 ], [ -110.545636708114003, 27.456513554549446 ], [ -110.540195332593427, 27.456099014458271 ], [ -110.538694284507145, 27.456989041747711 ], [ -110.538341225485127, 27.455904849683101 ], [ -110.536125622434611, 27.455124251694169 ], [ -110.531343621815992, 27.459615596370135 ], [ -110.530945329672932, 27.461186256031635 ], [ -110.536792187224123, 27.459615659895505 ], [ -110.539261121695759, 27.460068153707802 ], [ -110.536866596372647, 27.462521311093798 ], [ -110.538534969921415, 27.46636406279568 ], [ -110.542467250224021, 27.460863742745751 ], [ -110.548298506655215, 27.460205275627853 ], [ -110.550268098652595, 27.460898971637953 ], [ -110.561198811653668, 27.458906240694404 ], [ -110.564894710883252, 27.460040626909237 ], [ -110.566223174650773, 27.462052243739414 ], [ -110.563998901220046, 27.461769877786359 ], [ -110.564335542278272, 27.463849590200173 ], [ -110.56629141024537, 27.465372713744483 ], [ -110.565757274878607, 27.467688305974718 ], [ -110.562382415724372, 27.469546272898857 ], [ -110.564225670528941, 27.470403841851869 ], [ -110.567212432565327, 27.469535840882891 ], [ -110.568528560691604, 27.472294121761109 ], [ -110.566775717005896, 27.473429632015446 ], [ -110.559473411209609, 27.473153881547663 ], [ -110.556112251843956, 27.474182041846127 ], [ -110.55694544815259, 27.476186271817358 ], [ -110.568704033000159, 27.476612025324911 ], [ -110.572751290623231, 27.478996254674101 ], [ -110.568062727452528, 27.477930184293648 ], [ -110.565916086686556, 27.480387551818705 ], [ -110.566000994889507, 27.482712432681993 ], [ -110.560195135837262, 27.481795292211096 ], [ -110.559670551538957, 27.483530098724483 ], [ -110.561124417456512, 27.485460659229307 ], [ -110.564570755971317, 27.486757263120836 ], [ -110.568541652678732, 27.486318944265573 ], [ -110.573713441572409, 27.488139096913098 ], [ -110.578512940836106, 27.482567761126614 ], [ -110.579294533109248, 27.480255817045929 ], [ -110.570958639195595, 27.46768331942943 ], [ -110.569430949952206, 27.462764249494999 ], [ -110.569962210786201, 27.460614571174432 ], [ -110.570478205044893, 27.459377509604597 ], [ -110.573688699074552, 27.459923486117937 ], [ -110.575125917019406, 27.462849491668699 ], [ -110.576834306989525, 27.464368767484185 ], [ -110.576502955571101, 27.46195722074561 ], [ -110.579606302654625, 27.461505626159713 ], [ -110.580010802635471, 27.459519991405624 ], [ -110.579180066907668, 27.457349960097588 ], [ -110.579943535818956, 27.45611655507664 ], [ -110.588335624983841, 27.457818191892144 ], [ -110.58589126625894, 27.45587318284181 ], [ -110.588789352362653, 27.452845759519963 ], [ -110.588630959346176, 27.447449301668374 ], [ -110.592062227626727, 27.442106108434508 ], [ -110.593838871229565, 27.454497389651991 ], [ -110.590260960769456, 27.47618668972035 ], [ -110.590671219343193, 27.481337902403411 ], [ -110.58915599464126, 27.505547248968085 ], [ -110.591321702324194, 27.524417085280017 ], [ -110.589616605387306, 27.530117778031382 ], [ -110.586917278881799, 27.521032286125681 ], [ -110.584200420632939, 27.520493972613778 ], [ -110.580151743456156, 27.510641379643911 ], [ -110.577959613342571, 27.508368067788293 ], [ -110.576891918309997, 27.505530617087395 ], [ -110.574310415432222, 27.504330243705201 ], [ -110.576745385526777, 27.514324899453339 ], [ -110.575690860436922, 27.518126480585938 ], [ -110.576247013036678, 27.521587865647685 ], [ -110.579625513406043, 27.526970241960139 ], [ -110.578524132234364, 27.529543328197583 ], [ -110.579673198696128, 27.535345316206506 ], [ -110.576686188522402, 27.53344481556028 ], [ -110.575685224355595, 27.531871524303483 ], [ -110.571582822000053, 27.530056322432927 ], [ -110.567845144024105, 27.526913447665468 ], [ -110.566107311917023, 27.526585527592715 ], [ -110.565870398399468, 27.528576179782476 ], [ -110.566751352223832, 27.530896102518941 ], [ -110.572484443612282, 27.536024753993516 ], [ -110.580695056722647, 27.54056712242172 ], [ -110.585288350526881, 27.541385861894788 ], [ -110.589753381317408, 27.541458446373397 ], [ -110.591233874055362, 27.540128225349068 ], [ -110.591722231481882, 27.538800318803293 ], [ -110.58907196711543, 27.53084593683614 ], [ -110.590809457703216, 27.531090649620761 ], [ -110.591808706815996, 27.53233214818561 ], [ -110.597632383980795, 27.552717325307853 ], [ -110.596786490114454, 27.556533775966027 ], [ -110.600662222674657, 27.561748612445225 ], [ -110.604058320752969, 27.569700947577005 ], [ -110.601818629856481, 27.568545461114173 ], [ -110.595445356878173, 27.560517238062666 ], [ -110.58876172984327, 27.563020587592369 ], [ -110.58827179058666, 27.564099714025911 ], [ -110.593498387843226, 27.566989781668578 ], [ -110.59497918263321, 27.56565952884112 ], [ -110.596344136403332, 27.565739214859988 ], [ -110.598353604196248, 27.569963465451892 ], [ -110.601334650654422, 27.570619687849479 ], [ -110.602597143869119, 27.574348142688979 ], [ -110.602239651345073, 27.576836675967353 ], [ -110.60449226716095, 27.58014810402798 ], [ -110.604631044168045, 27.582635433588244 ], [ -110.606000640723522, 27.583461316159898 ], [ -110.607110311328029, 27.58229768893796 ], [ -110.608352899807286, 27.582626326262101 ], [ -110.611468822832663, 27.58502337101897 ], [ -110.614976518736512, 27.590653332697201 ], [ -110.619724339993184, 27.59611421607697 ], [ -110.618489078979792, 27.597029493167891 ], [ -110.613998878779711, 27.593143446551057 ], [ -110.613262388722148, 27.594472040522994 ], [ -110.61367738272088, 27.601602307960516 ], [ -110.614806087671155, 27.60358961560619 ], [ -110.615677679139893, 27.604084962510637 ], [ -110.618760287472398, 27.600843226010063 ], [ -110.623341247388467, 27.599173101796744 ], [ -110.627185209602246, 27.598748572085341 ], [ -110.626453401649925, 27.600823524353817 ], [ -110.627828976243435, 27.602561323279836 ], [ -110.628218001294826, 27.60529674442574 ], [ -110.621543942783873, 27.609708813148867 ], [ -110.619704634115521, 27.613362064536897 ], [ -110.621445004814774, 27.613855167627367 ], [ -110.620835576757557, 27.61568100495758 ], [ -110.622575485294746, 27.616091173408044 ], [ -110.623705001696948, 27.618161328340555 ], [ -110.619488542912819, 27.618669619065845 ], [ -110.618749939939178, 27.61966655362864 ], [ -110.619004663116982, 27.620743893600523 ], [ -110.622111817659089, 27.621482286708122 ], [ -110.623738821264766, 27.623717012316447 ], [ -110.622271682315244, 27.627369332813284 ], [ -110.625181905039327, 27.636483266994823 ], [ -110.627048817570227, 27.637307664236136 ], [ -110.628038251116322, 27.636724646654628 ], [ -110.629110075858236, 27.629341814697732 ], [ -110.630725096686248, 27.629586364608613 ], [ -110.631497867638117, 27.63414504492259 ], [ -110.631084548571735, 27.647662378200877 ], [ -110.627555670001911, 27.659280591245661 ], [ -110.626060825041819, 27.658455239583905 ], [ -110.626663823894589, 27.655551428789632 ], [ -110.620673254726611, 27.650342721695498 ], [ -110.620534551640887, 27.647938348171621 ], [ -110.618545878621646, 27.64752877844953 ], [ -110.614961897392874, 27.650191275513471 ], [ -110.617077740671931, 27.651098106285641 ], [ -110.618856263088858, 27.657810263219826 ], [ -110.619011973534001, 27.663033919989861 ], [ -110.62128040154856, 27.668583900327064 ], [ -110.623146314099884, 27.669159591184009 ], [ -110.622790965193232, 27.67197982523599 ], [ -110.619072595500739, 27.673067249365953 ], [ -110.618199444949795, 27.672406082989124 ], [ -110.617045512003983, 27.666355731653315 ], [ -110.613528886213587, 27.659647895986581 ], [ -110.612256649516794, 27.654509928958813 ], [ -110.610882663476545, 27.653103665420826 ], [ -110.607649571506727, 27.652199479143015 ], [ -110.601333536985535, 27.654785353541509 ], [ -110.599711405618109, 27.65337957678933 ], [ -110.597983127733698, 27.655042122355692 ], [ -110.597868686133538, 27.656700820055718 ], [ -110.595508959276756, 27.656540564411561 ], [ -110.592639187927077, 27.654059667553888 ], [ -110.590898797253487, 27.653649120660475 ], [ -110.590411340161864, 27.655225757068528 ], [ -110.591417934701184, 27.657545209654558 ], [ -110.594413846943482, 27.660357519702231 ], [ -110.593808041774253, 27.662929498933632 ], [ -110.591202764120169, 27.663267271127356 ], [ -110.588360633847216, 27.665595646756241 ], [ -110.58701590667728, 27.669247267515331 ], [ -110.581679891920885, 27.669756943626059 ], [ -110.580569532269422, 27.67100326016828 ], [ -110.571016552272923, 27.672351154174947 ], [ -110.569044309059294, 27.674925984845171 ], [ -110.571936416881925, 27.681387509856613 ], [ -110.571442050094092, 27.681803193220986 ], [ -110.568205216189696, 27.68031764701205 ], [ -110.567715924258806, 27.681645433542506 ], [ -110.56860457521951, 27.685126183055075 ], [ -110.572726648377099, 27.68942908619594 ], [ -110.575456313582293, 27.689008476094436 ], [ -110.584930699602083, 27.695372104912934 ], [ -110.586293444526277, 27.694788548834818 ], [ -110.586397631440377, 27.691305639888835 ], [ -110.588503986424598, 27.690471594314442 ], [ -110.590849082510559, 27.687978545715591 ], [ -110.59619465178362, 27.688961082218583 ], [ -110.600074938516613, 27.694175885060723 ], [ -110.601548122186685, 27.691270129068705 ], [ -110.60076355957095, 27.684555413346029 ], [ -110.602448306847037, 27.675430055789278 ], [ -110.601998188820772, 27.662246672365416 ], [ -110.604480240622451, 27.662074837669696 ], [ -110.6059631812373, 27.660910338170599 ], [ -110.609068414853468, 27.661151509243993 ], [ -110.608964494692245, 27.664551538166233 ], [ -110.606152669237304, 27.671938401704264 ], [ -110.6061998295515, 27.679898715043951 ], [ -110.602595811897629, 27.700471826780262 ], [ -110.602371345211878, 27.704535484222959 ], [ -110.60404956457387, 27.715311132150728 ], [ -110.603564455303641, 27.717302397068316 ], [ -110.601068485313206, 27.715318295793601 ], [ -110.597836559634288, 27.714911386819978 ], [ -110.595477514109177, 27.715082796331 ], [ -110.589409338081524, 27.71824791310663 ], [ -110.588297134516097, 27.719245520513205 ], [ -110.586462460022176, 27.724224950276394 ], [ -110.588346315568003, 27.727786206670157 ], [ -110.588604320157259, 27.729444019763868 ], [ -110.587611930767807, 27.729695060131057 ], [ -110.580507841686057, 27.725648077382719 ], [ -110.573803525559555, 27.726326310931906 ], [ -110.570664976025441, 27.720445826630424 ], [ -110.564313825682831, 27.717557268865331 ], [ -110.563585518245077, 27.72062686247509 ], [ -110.56135509268924, 27.721626616486883 ], [ -110.558532189559529, 27.727851533541795 ], [ -110.556166016327836, 27.726778482912906 ], [ -110.554678038460295, 27.727279069720389 ], [ -110.549731014296341, 27.731352226507333 ], [ -110.552346132233907, 27.732507799699494 ], [ -110.553472326655609, 27.733998058165131 ], [ -110.555495341909278, 27.740461655002019 ], [ -110.561330038255093, 27.739620314081904 ], [ -110.562583415512321, 27.741607751577984 ], [ -110.561965412188329, 27.742189494043505 ], [ -110.568694352879987, 27.745740713656485 ], [ -110.573277935131372, 27.74332608239029 ], [ -110.571652550165467, 27.741505389587445 ], [ -110.571769818422325, 27.740261334201971 ], [ -110.573625020043465, 27.738764721226904 ], [ -110.575946691958762, 27.731877245058019 ], [ -110.57781061383902, 27.73195603571914 ], [ -110.577693893723207, 27.733283017695051 ], [ -110.579921115178422, 27.731702569027021 ], [ -110.583393870847516, 27.730699712257852 ], [ -110.585016920404613, 27.732105674533816 ], [ -110.588865199313759, 27.731599347218381 ], [ -110.589865739469772, 27.732757924294106 ], [ -110.584792196468257, 27.736252196335244 ], [ -110.587165531597748, 27.73848562887283 ], [ -110.585683710975871, 27.740064496040308 ], [ -110.590790472296149, 27.742291613073437 ], [ -110.593171756781985, 27.745851648247474 ], [ -110.591059092518734, 27.745773637820001 ], [ -110.591065325044212, 27.746851585135516 ], [ -110.597427601580563, 27.751231471026713 ], [ -110.598788068847426, 27.750150289248463 ], [ -110.596651617308794, 27.746009331287002 ], [ -110.596104369684397, 27.73738691497816 ], [ -110.598216391973921, 27.737381927607196 ], [ -110.598971520809343, 27.739038542800181 ], [ -110.603432375025051, 27.737037790880368 ], [ -110.60430545545384, 27.737616129406458 ], [ -110.605216777409197, 27.744662155855256 ], [ -110.602998930129431, 27.747818472198471 ], [ -110.601906049293603, 27.752132943664254 ], [ -110.605158199810674, 27.75577360779511 ], [ -110.609387889363077, 27.756592521592847 ], [ -110.612017622595062, 27.7599857881514 ], [ -110.61393320852028, 27.76860474539636 ], [ -110.613949100708425, 27.771258148361888 ], [ -110.61296878354463, 27.773582335914863 ], [ -110.598823915236807, 27.777513804522766 ], [ -110.593643038424943, 27.784242478743927 ], [ -110.590044854468687, 27.785328772783927 ], [ -110.586312796053463, 27.784756884620098 ], [ -110.585310876190093, 27.783432448682184 ], [ -110.581837401368801, 27.784601164855687 ], [ -110.579126996085009, 27.788836119069348 ], [ -110.579638760869443, 27.791405483892461 ], [ -110.577043968080474, 27.79414758270218 ], [ -110.581791006859362, 27.798282986671285 ], [ -110.584015716464208, 27.796039153560997 ], [ -110.593338452327941, 27.79601777588638 ], [ -110.59347477931982, 27.798090447354035 ], [ -110.588535960593646, 27.803906216156086 ], [ -110.589192388486779, 27.809957826032861 ], [ -110.591072982092612, 27.812689835725422 ], [ -110.593682303981183, 27.812435029566899 ], [ -110.599632759972366, 27.809518872109827 ], [ -110.602874316178941, 27.811086619236516 ], [ -110.591999841156294, 27.822472169091508 ], [ -110.590757465856996, 27.822640876747485 ], [ -110.589236807517523, 27.817669219587774 ], [ -110.587493837128505, 27.817258611654854 ], [ -110.581171533531901, 27.820506741576814 ], [ -110.577967070186034, 27.825489013879817 ], [ -110.574998394781645, 27.828231875806498 ], [ -110.576911240634544, 27.836685407046183 ], [ -110.569578332041573, 27.837364716936857 ], [ -110.563473275554344, 27.835221818009959 ], [ -110.550777281214891, 27.832926246195544 ], [ -110.548053744148135, 27.83517050813586 ], [ -110.548188356282921, 27.837077367906296 ], [ -110.54671085277964, 27.839816620355535 ], [ -110.542116432760025, 27.841069435624174 ], [ -110.539246184054633, 27.839167878636026 ], [ -110.536757398780196, 27.838840985062919 ], [ -110.530050211948208, 27.840346175535032 ], [ -110.523461214872242, 27.840689966522636 ], [ -110.51890804932664, 27.850067912326068 ], [ -110.517050617821909, 27.851646651899138 ], [ -110.515562864190983, 27.852561372016744 ], [ -110.508897231932337, 27.851417558915891 ], [ -110.507035761925536, 27.855390306758103 ], [ -110.510396569598427, 27.859523168200116 ], [ -110.510149763971384, 27.861591573836424 ], [ -110.512388384096013, 27.862085598183395 ], [ -110.52792115888208, 27.852637628853589 ], [ -110.536252749973158, 27.853785853170812 ], [ -110.548198551398016, 27.861547002985432 ], [ -110.552307099686473, 27.865595156162588 ], [ -110.557041468525441, 27.872455027341669 ], [ -110.563013509261012, 27.87459758969365 ], [ -110.568614614435802, 27.878064058546741 ], [ -110.575334251548412, 27.880784087479871 ], [ -110.593868909890233, 27.885292650141576 ], [ -110.60590962929048, 27.886777613395765 ], [ -110.618200479968337, 27.885530740127926 ], [ -110.629498969677257, 27.881966425526748 ], [ -110.632229863186964, 27.882295783411298 ], [ -110.643152524028409, 27.887005325540926 ], [ -110.643895622743869, 27.892631643304199 ], [ -110.641286372160778, 27.898839477499578 ], [ -110.645258978135502, 27.9002434575529 ], [ -110.647369163756437, 27.902062405980057 ], [ -110.652211539502844, 27.901645119004865 ], [ -110.655066932939391, 27.903049652196266 ], [ -110.658420269841571, 27.897751186410837 ], [ -110.662889775001034, 27.898575031166793 ], [ -110.664131643193912, 27.896257065187623 ], [ -110.662642129786818, 27.893858625233413 ], [ -110.648862161241738, 27.890642180758704 ], [ -110.645387977649548, 27.884107608646616 ], [ -110.635582303686533, 27.880473260227124 ], [ -110.631983715482676, 27.877248333661818 ], [ -110.630246078149952, 27.876752890810192 ], [ -110.629874812708238, 27.874187936323931 ], [ -110.626524812324178, 27.871045468539496 ], [ -110.623050259776093, 27.869144201408197 ], [ -110.619078810446439, 27.86823607439797 ], [ -110.618088824826728, 27.862775238399145 ], [ -110.610644728696556, 27.858144945496392 ], [ -110.610149209534228, 27.856655712051474 ], [ -110.610770515077405, 27.855414216503377 ], [ -110.613748995249381, 27.855578325986325 ], [ -110.620076997386931, 27.858388590282043 ], [ -110.646009844188612, 27.880135285173612 ], [ -110.662022076936793, 27.889059775185441 ], [ -110.671581227308451, 27.890954773674036 ], [ -110.679030115081602, 27.888548241833544 ], [ -110.684865182256004, 27.891935255327503 ], [ -110.708208137858605, 27.902005445352117 ], [ -110.731926410412228, 27.908926788037167 ], [ -110.772411340912285, 27.91540415276982 ], [ -110.774895765014648, 27.916393077487442 ], [ -110.78582344954728, 27.916374724053235 ], [ -110.791660690491852, 27.917192046391193 ], [ -110.82084129063314, 27.915979077932864 ], [ -110.828041558518919, 27.914475210609577 ], [ -110.841567693247271, 27.908406508869525 ], [ -110.853491283598842, 27.910449377388183 ], [ -110.85461446645887, 27.91392232708322 ], [ -110.850518505184894, 27.915089832138445 ], [ -110.844305990767225, 27.912703585652324 ], [ -110.838966375829344, 27.91263218135509 ], [ -110.834500862967673, 27.915951445028007 ], [ -110.819478235202368, 27.9182159645549 ], [ -110.815509786354511, 27.922443858092187 ], [ -110.813398430701909, 27.922282429529023 ], [ -110.811661564763924, 27.9236924704351 ], [ -110.811540014467184, 27.925844153873616 ], [ -110.813281744370926, 27.928323268207457 ], [ -110.815154516139884, 27.936180731003116 ], [ -110.817394049110533, 27.939238065301005 ], [ -110.820848876801051, 27.948494431836394 ], [ -110.821698347267713, 27.949979455008112 ], [ -110.827505988354304, 27.953677218120024 ], [ -110.829730941197425, 27.968423497883425 ], [ -110.828376300283495, 27.977114750202176 ], [ -110.829631083193888, 27.985966192494956 ], [ -110.829514751858255, 27.991676004048564 ], [ -110.826676159080989, 28.005997030455422 ], [ -110.827056907706975, 28.011788569285812 ], [ -110.829056267798094, 28.019562761643694 ], [ -110.825213329567191, 28.027183223403558 ], [ -110.821257240428025, 28.043740444687725 ], [ -110.821759758436855, 28.047711298063593 ], [ -110.823252804459329, 28.048535812830039 ], [ -110.824750092610373, 28.052504677285693 ], [ -110.822894172325206, 28.059376334235733 ], [ -110.825756952332483, 28.061522048489707 ], [ -110.827503547903603, 28.065738617908949 ], [ -110.826155418830581, 28.080304696989824 ], [ -110.823173806067288, 28.082710277116256 ], [ -110.820314604553687, 28.083708864447203 ], [ -110.812603134817039, 28.083310025576875 ], [ -110.797929389132165, 28.085074836149726 ], [ -110.792701626330313, 28.081112311431596 ], [ -110.786853580914553, 28.078309100137453 ], [ -110.782748938766346, 28.077654112422977 ], [ -110.775292476050652, 28.083706944249851 ], [ -110.773558674496869, 28.092232596627102 ], [ -110.772317136380352, 28.094882468526261 ], [ -110.764360173358, 28.099446058018184 ], [ -110.766727664043671, 28.104572604282669 ], [ -110.759881585071426, 28.098625471070747 ], [ -110.755028644163588, 28.09598488719967 ], [ -110.75166955751375, 28.094914131661746 ], [ -110.740101254247364, 28.093689327990649 ], [ -110.733243104225636, 28.144893546462129 ], [ -110.716463340817185, 28.245154785210644 ], [ -110.69592035699462, 28.245616646607779 ], [ -110.690427018820571, 28.244554012251612 ], [ -110.6860747906819, 28.250685468945157 ], [ -110.684103487301485, 28.260947565830644 ], [ -110.685748178627279, 28.269877902516722 ], [ -110.680896160913647, 28.27634118042279 ], [ -110.675414460980903, 28.280737592715631 ], [ -110.669811927577669, 28.287036651740404 ], [ -110.667692229891244, 28.288116580367063 ], [ -110.664830289942401, 28.292176047008688 ], [ -110.655358429471391, 28.299475268660004 ], [ -110.65024602945644, 28.302463603832695 ], [ -110.648633030256264, 28.307181978784751 ], [ -110.642393911332348, 28.309014143524401 ], [ -110.64389777693529, 28.311658308627898 ], [ -110.642776937094908, 28.313066767985532 ], [ -110.63927613893074, 28.310840054488636 ], [ -110.63640698484032, 28.312169089428824 ], [ -110.635665642627785, 28.316058419094258 ], [ -110.633544697299882, 28.316972362009476 ], [ -110.630422473823799, 28.316730031367619 ], [ -110.628926306794938, 28.3178909049673 ], [ -110.627560275749445, 28.321781335442779 ], [ -110.624438875610039, 28.322035194472889 ], [ -110.622071870251446, 28.325017439356415 ], [ -110.619821427212244, 28.323615195548435 ], [ -110.618073607886259, 28.323866457859417 ], [ -110.614458779559698, 28.327512536153975 ], [ -110.611587392318384, 28.32801382782824 ], [ -110.608086331830435, 28.325538157388333 ], [ -110.6042197758443, 28.328274450538856 ], [ -110.606843605147958, 28.329014551081812 ], [ -110.607348494767791, 28.332074388265436 ], [ -110.606227247189466, 28.333647978540476 ], [ -110.604353062833923, 28.33315478338136 ], [ -110.600234681226411, 28.334898720987852 ], [ -110.5862603502909, 28.343523823930642 ], [ -110.573154597973129, 28.34966459288599 ], [ -110.570035045509286, 28.351902489281983 ], [ -110.56391613863164, 28.353151793624459 ], [ -110.562793369973178, 28.354228690201264 ], [ -110.558796177715863, 28.354234057327531 ], [ -110.556924287463119, 28.355642779443929 ], [ -110.556203307376023, 28.378143667159982 ], [ -110.558228462933045, 28.398490160062931 ], [ -110.556377830411606, 28.41735272047276 ], [ -110.557257988248409, 28.421487558284706 ], [ -110.558637983856201, 28.425456291236966 ], [ -110.563894966912869, 28.430826039028229 ], [ -110.564273837750576, 28.433720712647808 ], [ -110.570284572694661, 28.441239899925542 ], [ -110.577061913194314, 28.459511250567942 ], [ -110.578815818065891, 28.461824840791248 ], [ -110.582445545610312, 28.464218347727034 ], [ -110.58532706755183, 28.467853682255047 ], [ -110.589208022620682, 28.470742947954335 ], [ -110.592597639046659, 28.478682362728136 ], [ -110.571837670443102, 28.48569754943324 ], [ -110.548063515689066, 28.490985321356423 ], [ -110.541458477703785, 28.491688305329667 ], [ -110.524048926538228, 28.497431760825286 ], [ -110.512091684184441, 28.49949160887569 ], [ -110.506496766636616, 28.501514510177387 ], [ -110.494818306095965, 28.506723803766082 ], [ -110.484524504897081, 28.513334811551928 ], [ -110.479946801602424, 28.517508000116759 ], [ -110.47847977842504, 28.520751516475649 ], [ -110.475760922438937, 28.523587013636025 ], [ -110.473639560766856, 28.523598524050705 ], [ -110.471627542192664, 28.521950179573125 ], [ -110.468405476500124, 28.524373435622639 ], [ -110.466156241999585, 28.524053670900756 ], [ -110.459763144934115, 28.520935274091475 ], [ -110.448678602222301, 28.523316666582819 ], [ -110.437308972116483, 28.521799444631071 ], [ -110.433201505648967, 28.522981993956069 ], [ -110.427789912492514, 28.531886406406997 ], [ -110.424698707641227, 28.535137539754032 ], [ -110.421969257478395, 28.536976445899562 ], [ -110.417235565026743, 28.537995725609022 ], [ -110.413757813189804, 28.539921161833302 ], [ -110.411052686768954, 28.544580373446351 ], [ -110.406476528533389, 28.549414660109964 ], [ -110.39641779411123, 28.555436888750041 ], [ -110.391683753019606, 28.556538215361272 ], [ -110.378817803650477, 28.55552099587954 ], [ -110.370418677003826, 28.551246428706001 ], [ -110.36249545776819, 28.544065581063276 ], [ -110.318950936525084, 28.546000863391502 ], [ -110.277257820776796, 28.562017684573394 ], [ -110.258721865265414, 28.57080045074127 ], [ -110.247890114558913, 28.574906369595915 ], [ -110.240283521612, 28.576179002638099 ], [ -110.233039017560969, 28.575707791691304 ], [ -110.23118734828725, 28.578700962261159 ] ] ] } },
{ "type": "Feature", "properties": { "ID": 534.0, "ENTIDAD": 26, "DISTRITO_L": 15, "TIPO": 0, "CONTROL": 0.0, "GEOMETRY1_": null }, "geometry": { "type": "Polygon", "coordinates": [ [ [ -109.88322179874676, 27.482585577338924 ], [ -109.882991939933802, 27.467730176265537 ], [ -109.888864066087095, 27.467679500317555 ], [ -109.889017165815872, 27.456656217381155 ], [ -109.875821928766641, 27.446422854344718 ], [ -109.873610925725643, 27.446168084781867 ], [ -109.873551261102591, 27.444159284841351 ], [ -109.872563499598627, 27.44401746764753 ], [ -109.872603613683623, 27.440968693669831 ], [ -109.873971971430592, 27.440960381491983 ], [ -109.874352582951843, 27.437811301755435 ], [ -109.875422248607123, 27.409241392437036 ], [ -109.932654119321683, 27.409085936656442 ], [ -109.932710806929805, 27.436247151341785 ], [ -109.937777993946554, 27.436160588554426 ], [ -109.937809634582351, 27.437689556992346 ], [ -109.940471076407462, 27.437627339262551 ], [ -109.94049314266141, 27.439421083541571 ], [ -109.94288598357538, 27.440064704424483 ], [ -109.948325505242877, 27.440328787343244 ], [ -109.948296354196842, 27.439529717845613 ], [ -109.953236399601977, 27.439521745942564 ], [ -109.953214428020388, 27.482702546012504 ], [ -109.88322179874676, 27.482585577338924 ] ] ] } },
{ "type": "Feature", "properties": { "ID": 535.0, "ENTIDAD": 26, "DISTRITO_L": 16, "TIPO": 0, "CONTROL": 0.0, "GEOMETRY1_": null }, "geometry": { "type": "Polygon", "coordinates": [ [ [ -109.640663347349246, 28.39884985678388 ], [ -109.637316132412721, 28.39659222385675 ], [ -109.634391929659657, 28.395709175673659 ], [ -109.629453385090187, 28.39561662313767 ], [ -109.620687297486953, 28.390937505934712 ], [ -109.610259352747462, 28.391610568875056 ], [ -109.602163646000704, 28.387398522404379 ], [ -109.598759585871434, 28.384227719067948 ], [ -109.596030421301933, 28.379785751732879 ], [ -109.596127053717439, 28.368687994751436 ], [ -109.594911594350492, 28.367546652641423 ], [ -109.596397430058119, 28.360409841949551 ], [ -109.59537248746895, 28.35691138396232 ], [ -109.609825666044955, 28.350625189856885 ], [ -109.613443642547168, 28.34571997766551 ], [ -109.614442590124909, 28.335772093103866 ], [ -109.611572622063093, 28.330807027603665 ], [ -109.604331871258466, 28.325994688411981 ], [ -109.603677919997594, 28.32224153619147 ], [ -109.601301295470051, 28.317536400857442 ], [ -109.601737268365056, 28.310151696507258 ], [ -109.605535342325311, 28.303007403882376 ], [ -109.605539184308952, 28.29295448149249 ], [ -109.606489250444412, 28.289901385525326 ], [ -109.608677521688506, 28.287207919031502 ], [ -109.61261559939004, 28.279401813312006 ], [ -109.61344991711475, 28.266043808283808 ], [ -109.625342360276122, 28.259242979186993 ], [ -109.629301237599336, 28.255507877829636 ], [ -109.63626253037549, 28.246354754946076 ], [ -109.640746681656807, 28.24653570756162 ], [ -109.644380163189652, 28.250852168045391 ], [ -109.656166511301649, 28.248200470767106 ], [ -109.659486512692979, 28.245032193869044 ], [ -109.660824784631188, 28.241322416134388 ], [ -109.661507370477409, 28.233859646361946 ], [ -109.658225633862585, 28.220328927850812 ], [ -109.659696371903394, 28.21628968053043 ], [ -109.66347270209053, 28.214792850185795 ], [ -109.668427253181918, 28.21099501183447 ], [ -109.668016635074451, 28.207413515512254 ], [ -109.666064271705153, 28.205709634215765 ], [ -109.665988676842304, 28.203713975722856 ], [ -109.668193820069035, 28.195120852287996 ], [ -109.667717811933599, 28.189128484766464 ], [ -109.665841365713234, 28.189420268965282 ], [ -109.663037900520138, 28.191935250798071 ], [ -109.659764700305701, 28.193276815528566 ], [ -109.654661978728711, 28.193000007203416 ], [ -109.644999217917288, 28.195697922150956 ], [ -109.64365692846404, 28.199573648556331 ], [ -109.644944853499624, 28.20292506344979 ], [ -109.641730826730225, 28.201858036095903 ], [ -109.63974097855187, 28.196663432580454 ], [ -109.635741955399226, 28.192089608305157 ], [ -109.64016423835271, 28.184625448286219 ], [ -109.646944041692194, 28.162423391395887 ], [ -109.650200589221996, 28.156678267472092 ], [ -109.651156217256201, 28.153292554853081 ], [ -109.652715878985319, 28.150667711702404 ], [ -109.657516661193554, 28.147946968967332 ], [ -109.658296533324304, 28.141566330880309 ], [ -109.66125384790071, 28.13780846916497 ], [ -109.661439559467794, 28.135319937504462 ], [ -109.659986557347736, 28.128558587444097 ], [ -109.660486534767898, 28.123418133536994 ], [ -109.666860988428823, 28.117407684623632 ], [ -109.673687280342804, 28.108166331083044 ], [ -109.675296409560715, 28.103465127252342 ], [ -109.676702291848585, 28.091780328979901 ], [ -109.673930740618971, 28.082913547247259 ], [ -109.666109255059496, 28.071860554806808 ], [ -109.658309750930115, 28.065044973932178 ], [ -109.655923631279506, 28.060838980067647 ], [ -109.652693686444053, 28.05046628129325 ], [ -109.648681229007877, 28.041572048587529 ], [ -109.642122546737539, 28.035031773108866 ], [ -109.63991461021169, 28.033737390060857 ], [ -109.636625491930076, 28.035909000729585 ], [ -109.633495585503255, 28.036671547276971 ], [ -109.62942419604228, 28.035253205923414 ], [ -109.625877212518986, 28.03276611056064 ], [ -109.620136513227649, 28.018432632462662 ], [ -109.618206831857037, 28.015980804734347 ], [ -109.614772658204402, 28.013994419369322 ], [ -109.614503120845555, 28.00983419977878 ], [ -109.612946733251576, 28.007390500646604 ], [ -109.612070043256523, 27.99765016044525 ], [ -109.604621800829051, 27.977130086323175 ], [ -109.60399431514783, 27.972380339265001 ], [ -109.601435992853808, 27.970246763556627 ], [ -109.594880969119345, 27.97375778000109 ], [ -109.591486091348727, 27.97027614418533 ], [ -109.580538428529877, 27.975350889541595 ], [ -109.581622026492042, 27.966900181671477 ], [ -109.579048916009683, 27.960445390096051 ], [ -109.569906306462329, 27.953179586411274 ], [ -109.564446589954485, 27.947823361695416 ], [ -109.560847117269759, 27.942674692867431 ], [ -109.571868246742739, 27.939514080345045 ], [ -109.569991410142478, 27.935068691498447 ], [ -109.571294386074072, 27.927786124830003 ], [ -109.574902581025214, 27.917812988423982 ], [ -109.578392919185688, 27.912489968905238 ], [ -109.578043251392728, 27.911568244966173 ], [ -109.572970903051399, 27.910624553887011 ], [ -109.56798087439131, 27.911344243427752 ], [ -109.564904652166874, 27.910112404870429 ], [ -109.564020210402347, 27.905772161868175 ], [ -109.564266379091308, 27.900958635964699 ], [ -109.565588372931458, 27.897830848809893 ], [ -109.568068392994917, 27.898052337513079 ], [ -109.575682280922337, 27.891824198195895 ], [ -109.586092876309351, 27.890467564632146 ], [ -109.596168790570829, 27.887507227105242 ], [ -109.606485494587375, 27.883382754105828 ], [ -109.60997623299923, 27.883529162003061 ], [ -109.612977635492754, 27.885006279779013 ], [ -109.614952767115184, 27.882256040097836 ], [ -109.615521273911483, 27.874367607780702 ], [ -109.614745406604584, 27.87030489336593 ], [ -109.607358485535471, 27.865283422227655 ], [ -109.608703507729487, 27.861540765713546 ], [ -109.614385264956113, 27.854287473568586 ], [ -109.623444661286968, 27.849089639529115 ], [ -109.627423930378143, 27.847987713512275 ], [ -109.629645403528144, 27.844986775422708 ], [ -109.633372349749592, 27.843471111593843 ], [ -109.643322330362579, 27.841088830432358 ], [ -109.646814807357302, 27.841649260609326 ], [ -109.658943744732127, 27.847636342871333 ], [ -109.670181495477394, 27.850888684205792 ], [ -109.672435941397339, 27.852452051362597 ], [ -109.676473383599713, 27.859150756584555 ], [ -109.679190932274224, 27.855979933915979 ], [ -109.685215172265529, 27.845235208510321 ], [ -109.688844004138716, 27.847287833448426 ], [ -109.69173619812139, 27.850756044928612 ], [ -109.697356967783421, 27.85254701524299 ], [ -109.697080341406661, 27.848979530405913 ], [ -109.695187904804882, 27.845920197031901 ], [ -109.694407929897636, 27.84169181595928 ], [ -109.69651819846699, 27.840682538687432 ], [ -109.698242539726905, 27.838098552397913 ], [ -109.700117641320077, 27.838916810637517 ], [ -109.702645875949926, 27.843632174530889 ], [ -109.704904529458318, 27.845693031443208 ], [ -109.708021830083837, 27.846005288423452 ], [ -109.709102347456451, 27.840769070825854 ], [ -109.708092102928077, 27.839032376657997 ], [ -109.709956930126978, 27.838522479805974 ], [ -109.710543508407142, 27.833870424315727 ], [ -109.710152275028335, 27.831631763183481 ], [ -109.705985874797264, 27.82451976423539 ], [ -109.703319826225012, 27.818062213414922 ], [ -109.703034677610475, 27.813415697987178 ], [ -109.704895212740283, 27.81240784336552 ], [ -109.705254668359757, 27.810579435335821 ], [ -109.70845665219403, 27.805910749008092 ], [ -109.71787150576651, 27.783687748642862 ], [ -109.723305440897761, 27.778008156916179 ], [ -109.729370640215905, 27.773486299818604 ], [ -109.734029730777323, 27.764491005895426 ], [ -109.736754581360088, 27.762729922776689 ], [ -109.740989429820345, 27.762950971814284 ], [ -109.742714812874183, 27.760781341330407 ], [ -109.741706732703264, 27.759293889513756 ], [ -109.742311643056098, 27.757131682106639 ], [ -109.746504929820759, 27.752289357154577 ], [ -109.745491451029864, 27.750137905981319 ], [ -109.748203527468377, 27.746882515229832 ], [ -109.74793962637419, 27.745058103748001 ], [ -109.745443349591, 27.744244671788625 ], [ -109.741960100559325, 27.744516848773344 ], [ -109.739711485083888, 27.743535656800688 ], [ -109.738538105446537, 27.736985810895199 ], [ -109.730900365275716, 27.731391592588146 ], [ -109.730127625009388, 27.728159364414889 ], [ -109.730804989983554, 27.71952212748208 ], [ -109.733254429979951, 27.714608569980562 ], [ -109.734576359917497, 27.708789308780524 ], [ -109.744211704814177, 27.700092575279029 ], [ -109.745369739847447, 27.689542779127677 ], [ -109.744216807087327, 27.685483059168931 ], [ -109.745191699344247, 27.682986294448003 ], [ -109.741807075244253, 27.679854540626724 ], [ -109.737650671134688, 27.673573507455238 ], [ -109.739938514800542, 27.664261361474697 ], [ -109.739912172610715, 27.661024199255522 ], [ -109.741006563138527, 27.657945594483454 ], [ -109.744483660765823, 27.657258325769117 ], [ -109.74784793021189, 27.657982877240205 ], [ -109.751050248913188, 27.654142940704482 ], [ -109.768071816868797, 27.651952049412273 ], [ -109.769053520090807, 27.650368131280906 ], [ -109.768994902900573, 27.643395718058276 ], [ -109.770390050014285, 27.631847760843772 ], [ -109.768949609062787, 27.623224630749228 ], [ -109.770274657338433, 27.618151903440666 ], [ -109.771869249657982, 27.615567601415339 ], [ -109.771051849724017, 27.607106196866194 ], [ -109.771211510427932, 27.596562786454435 ], [ -109.780240679626743, 27.591187516205586 ], [ -109.769623263084071, 27.585118300298983 ], [ -109.76948077577272, 27.58296100994253 ], [ -109.783627359955815, 27.58020644780775 ], [ -109.787083218839783, 27.577359857128002 ], [ -109.790927502931865, 27.576336681433897 ], [ -109.797721363714899, 27.571473966604522 ], [ -109.798809552818412, 27.567979753845457 ], [ -109.805303100846729, 27.557307936687689 ], [ -109.803676774419642, 27.55607439235537 ], [ -109.800568034298209, 27.555847541720617 ], [ -109.79516932457723, 27.549494009389438 ], [ -109.782473292654416, 27.547010074729645 ], [ -109.777576577541851, 27.541067449918593 ], [ -109.775933163883977, 27.537758438547531 ], [ -109.774666787220852, 27.534944858852235 ], [ -109.774379553718077, 27.530381236119908 ], [ -109.769142846860731, 27.528176209903947 ], [ -109.770119851701722, 27.526177188514882 ], [ -109.773095697754272, 27.525492483880452 ], [ -109.782371533751444, 27.520613144952044 ], [ -109.785131517823487, 27.523748222775957 ], [ -109.789623707371533, 27.526040920328636 ], [ -109.79944139138891, 27.526386351236461 ], [ -109.804886375025546, 27.523940081573667 ], [ -109.810555858107193, 27.504723439670045 ], [ -109.810865449037337, 27.497582115252442 ], [ -109.812828368544174, 27.494828507360168 ], [ -109.805010859988926, 27.488575886965592 ], [ -109.806204168965266, 27.485919355878146 ], [ -109.808407115932013, 27.483543534641445 ], [ -109.811521712400577, 27.481965818954798 ], [ -109.820106811739649, 27.478217276361981 ], [ -109.8226349150641, 27.478372065510698 ], [ -109.826442645277936, 27.475973866882597 ], [ -109.83813850069464, 27.474291412952795 ], [ -109.84299196696513, 27.472070942355366 ], [ -109.856537823874035, 27.470450380957736 ], [ -109.859972880894091, 27.468129689552921 ], [ -109.864867314643419, 27.467068831512528 ], [ -109.865930695290061, 27.466252822542689 ], [ -109.865223014650937, 27.460776367971167 ], [ -109.862357907157175, 27.451587672446678 ], [ -109.873882445867537, 27.452509940765434 ], [ -109.873610925725458, 27.446168084781867 ], [ -109.875418743018642, 27.446202582659286 ], [ -109.889017165815872, 27.456656217381251 ], [ -109.888864066087095, 27.467679500317555 ], [ -109.882991939933618, 27.467730176265537 ], [ -109.883221798746703, 27.482585577340814 ], [ -109.945311704873347, 27.482729018560885 ], [ -109.945378938823865, 27.501361461691545 ], [ -109.952144104457219, 27.501371962637553 ], [ -109.952158734535274, 27.509860914878544 ], [ -109.950599229048905, 27.513780354768912 ], [ -109.951760567480591, 27.516459920630687 ], [ -109.958717527204684, 27.513621903906628 ], [ -109.960623653915505, 27.51594401722258 ], [ -109.963551281852034, 27.515326024999332 ], [ -109.966649306078821, 27.518411166874973 ], [ -109.968500926121905, 27.517844221368524 ], [ -109.97423853196635, 27.519147346920217 ], [ -109.978126450600556, 27.518998701828743 ], [ -109.980981332265003, 27.520710658083651 ], [ -109.984279558245888, 27.518815261811643 ], [ -109.989466682935301, 27.517756176120571 ], [ -109.994914308734806, 27.521863223181729 ], [ -109.996592272197347, 27.522157422745181 ], [ -110.00045189298487, 27.518748928553585 ], [ -110.003629599623395, 27.520289174723814 ], [ -110.005872187873905, 27.522923130749362 ], [ -110.014837104419172, 27.524096511188027 ], [ -110.015307303404541, 27.588311692349038 ], [ -110.007205372474573, 27.598398177994902 ], [ -110.006982043077713, 27.601136054618845 ], [ -110.008518674879468, 27.606681017407102 ], [ -110.005209324435853, 27.610766901914641 ], [ -110.004982210518108, 27.613090199096224 ], [ -110.009222951934603, 27.616128923502604 ], [ -110.018978199742762, 27.625928472342622 ], [ -110.021574948065805, 27.63892861585477 ], [ -110.022919080051921, 27.650444947827168 ], [ -110.022816193894002, 27.652767400048422 ], [ -110.020126514108057, 27.656932161750028 ], [ -110.018804831190181, 27.661584839941618 ], [ -110.018486101097025, 27.66747429113903 ], [ -110.019519938695922, 27.672110526673997 ], [ -110.01438861251421, 27.680603914572433 ], [ -110.013450292352857, 27.68658054233881 ], [ -110.016371822028376, 27.694271676424027 ], [ -110.016551120539035, 27.700406382744045 ], [ -110.021685410672319, 27.705843231067249 ], [ -110.021988284449833, 27.711894149578729 ], [ -110.023497714436758, 27.714205312897768 ], [ -110.028366764654436, 27.717653749680483 ], [ -110.031506364215176, 27.721860489499743 ], [ -110.031647843219886, 27.723766614035604 ], [ -110.028697229384676, 27.72668951901456 ], [ -110.028263737200618, 27.733574772216961 ], [ -110.030174516434826, 27.739033940028783 ], [ -110.029178133844383, 27.752224907248035 ], [ -110.051176038713336, 27.75596584510998 ], [ -110.063170791654017, 27.777852620594594 ], [ -110.0652801342533, 27.7909383991542 ], [ -110.065676284574153, 27.806607067916286 ], [ -110.063690072377213, 27.819805461775008 ], [ -110.050591141386519, 27.853232646524333 ], [ -110.059636433771985, 27.890729202643712 ], [ -110.066826547627386, 27.915386504691089 ], [ -110.064786320910756, 27.936296284764591 ], [ -110.083040638798252, 27.973475718995385 ], [ -110.091988845881559, 27.985930096938237 ], [ -110.0963658009873, 27.988468013653918 ], [ -110.099647972849539, 27.993501474132465 ], [ -110.09889660262516, 28.005778740108532 ], [ -110.089148227190492, 28.025582109610042 ], [ -110.082353654856306, 28.048480926281954 ], [ -110.073216165071727, 28.062854275130476 ], [ -110.069340120887276, 28.067395258078001 ], [ -110.066347531481568, 28.068298522638973 ], [ -110.064472534911161, 28.070279555176516 ], [ -110.063966977225306, 28.072511792124534 ], [ -110.065701908461136, 28.075328066646573 ], [ -110.068436769471589, 28.077153927163057 ], [ -110.069672231293211, 28.080382634593288 ], [ -110.069787007341873, 28.083443430979298 ], [ -110.054317716096236, 28.089529530645468 ], [ -110.057271944807184, 28.100372276771733 ], [ -110.055641280299355, 28.103594478707809 ], [ -110.053015277266596, 28.106318040342323 ], [ -110.050253573524898, 28.112267180847883 ], [ -110.04551431918037, 28.113331267718436 ], [ -110.046625412089668, 28.116394429881407 ], [ -110.05381356307106, 28.128322541725311 ], [ -110.060284928738128, 28.131315263332279 ], [ -110.063634547034184, 28.136120435988595 ], [ -110.065738193760495, 28.140840021856697 ], [ -110.068717843251804, 28.144568927892262 ], [ -110.067316781100871, 28.153747342128291 ], [ -110.073648474118855, 28.162033008803746 ], [ -110.082725815432582, 28.169827961484589 ], [ -110.085577805318906, 28.174962424908024 ], [ -110.087870576737231, 28.199864883653412 ], [ -110.097019143198381, 28.22693196676088 ], [ -110.09662303783648, 28.234210174439585 ], [ -110.103829170239663, 28.244481462753015 ], [ -110.108775889557648, 28.259793663529962 ], [ -110.108884633153323, 28.265335839994243 ], [ -110.111597424767552, 28.276755897857317 ], [ -110.109421678213607, 28.295362679366683 ], [ -110.1067565666837, 28.310246206457357 ], [ -110.100218973599979, 28.325369976125671 ], [ -110.101069954123787, 28.33286181723582 ], [ -110.09807772347726, 28.333611542660186 ], [ -110.08935057191745, 28.333710908793453 ], [ -110.080125247680598, 28.331992291188882 ], [ -110.068657074276231, 28.328045378120333 ], [ -110.058689422326836, 28.316408482880465 ], [ -110.055698734702091, 28.314512446830037 ], [ -110.048593731523681, 28.314441271207986 ], [ -110.033514557911857, 28.309670659117582 ], [ -110.031768333970405, 28.311326245851159 ], [ -110.031017830061828, 28.314881322348914 ], [ -110.018930049876047, 28.311096518945558 ], [ -110.015441596108971, 28.309282954368676 ], [ -110.011078789902527, 28.309619364436003 ], [ -110.007589810889669, 28.308549456359767 ], [ -109.99924633927435, 28.301286756465974 ], [ -109.993396491138412, 28.294020625190853 ], [ -109.98791743037377, 28.290142483042004 ], [ -109.984055572739791, 28.28898977228031 ], [ -109.981810667800346, 28.290479972518188 ], [ -109.975940826740825, 28.300652253658647 ], [ -109.96584611183583, 28.300331985171002 ], [ -109.966380199356237, 28.27371827664302 ], [ -109.965015152198177, 28.269587141627085 ], [ -109.960657408232578, 28.267359835327074 ], [ -109.958038871543152, 28.268850009815036 ], [ -109.954545113593795, 28.272407171311542 ], [ -109.952047334607371, 28.276376598197562 ], [ -109.948055945261913, 28.279107526550376 ], [ -109.93758946652747, 28.278868195085039 ], [ -109.908442013432577, 28.27351581008821 ], [ -109.904457717887212, 28.272030362283378 ], [ -109.897867474343087, 28.265256622864865 ], [ -109.894627357890698, 28.265671438805207 ], [ -109.892752695454362, 28.268565004069369 ], [ -109.880907163757414, 28.27295027479472 ], [ -109.875915567883354, 28.276505893966874 ], [ -109.874287784199325, 28.280142928271534 ], [ -109.872539481389467, 28.281879079391018 ], [ -109.868678348356823, 28.281136385209635 ], [ -109.851944236666256, 28.296512403288453 ], [ -109.850567377282331, 28.298992016110553 ], [ -109.850682192208865, 28.30304169949834 ], [ -109.841319338731836, 28.309241207105483 ], [ -109.840440623353473, 28.311720664911981 ], [ -109.83345092897936, 28.315522671040565 ], [ -109.828834514019107, 28.317258220895553 ], [ -109.822228705427648, 28.317092623173867 ], [ -109.818990838819857, 28.316017958449802 ], [ -109.817747332596767, 28.314943437977938 ], [ -109.821495338404659, 28.311720572551017 ], [ -109.821874381973899, 28.309819738508583 ], [ -109.821006164517954, 28.30824939707356 ], [ -109.815266321707824, 28.310645569613751 ], [ -109.812268097624596, 28.313124555724762 ], [ -109.809651566532267, 28.312793574907154 ], [ -109.806777798108413, 28.315272454023042 ], [ -109.804908148698303, 28.315272098812873 ], [ -109.802784459326162, 28.31692457734286 ], [ -109.798798226307341, 28.316097215014079 ], [ -109.798793891192602, 28.317584833901609 ], [ -109.796791073899911, 28.320476925691441 ], [ -109.799527102889229, 28.322626386947672 ], [ -109.799896734294606, 28.324114093556929 ], [ -109.799270578691392, 28.325105689960917 ], [ -109.804002000666188, 28.327007595849508 ], [ -109.801132498944611, 28.327833427107141 ], [ -109.801500015623077, 28.330064938162788 ], [ -109.796879328947895, 28.332873757024092 ], [ -109.793876616238222, 28.336509331207058 ], [ -109.79187921914108, 28.337417846579111 ], [ -109.784415272582336, 28.332126133405328 ], [ -109.775946541513051, 28.32947825580397 ], [ -109.774196373069941, 28.331047772950296 ], [ -109.777928724862093, 28.333446014990095 ], [ -109.775806335918901, 28.334436887734487 ], [ -109.771949862919968, 28.331873243921656 ], [ -109.770200914622876, 28.333029483380109 ], [ -109.728910916534247, 28.340524965284999 ], [ -109.729021689384282, 28.344409298051563 ], [ -109.728023404256433, 28.344656464749754 ], [ -109.717435517084354, 28.342085970037491 ], [ -109.716685352738693, 28.342663836445492 ], [ -109.718050051635132, 28.344483144369278 ], [ -109.722906035274818, 28.346222658308765 ], [ -109.725269210472106, 28.347794770147562 ], [ -109.726135101325411, 28.34969625065181 ], [ -109.721029547966623, 28.347956641213177 ], [ -109.718530206510408, 28.349524787631758 ], [ -109.718393662123049, 28.352747758569901 ], [ -109.715520725320076, 28.354150242498385 ], [ -109.716267307438855, 28.35456410076576 ], [ -109.7169973981064, 28.359440669378728 ], [ -109.718986382190963, 28.361095216452178 ], [ -109.681395821555668, 28.375438180110756 ], [ -109.66476241997907, 28.386657781239521 ], [ -109.663016322086776, 28.386655594919461 ], [ -109.657289734978718, 28.384169028517739 ], [ -109.654410214020672, 28.386727133270426 ], [ -109.652537260759289, 28.387220491824909 ], [ -109.64942389211906, 28.386141963842444 ], [ -109.647177128144008, 28.386552099025131 ], [ -109.647904198509877, 28.391428916766358 ], [ -109.646762245711329, 28.397865117088642 ], [ -109.640663347349246, 28.39884985678388 ] ] ] } },
{ "type": "Feature", "properties": { "ID": 536.0, "ENTIDAD": 26, "DISTRITO_L": 17, "TIPO": 0, "CONTROL": 0.0, "GEOMETRY1_": null }, "geometry": { "type": "Polygon", "coordinates": [ [ [ -110.003629599623395, 27.520289174723814 ], [ -110.00045189298487, 27.518748928553585 ], [ -109.996193317318344, 27.522146679557661 ], [ -109.989261651157349, 27.517754686231367 ], [ -109.984279558245888, 27.518815261811643 ], [ -109.980981332265003, 27.520710658083651 ], [ -109.978126450600556, 27.518998701828743 ], [ -109.97423853196635, 27.519147346920217 ], [ -109.968500926121905, 27.517844221368524 ], [ -109.966649306078821, 27.518411166874973 ], [ -109.963551281852034, 27.515326024999332 ], [ -109.960623653915505, 27.51594401722258 ], [ -109.958717527204684, 27.513621903906628 ], [ -109.951760567480591, 27.516459920630687 ], [ -109.950599229048905, 27.513780354768912 ], [ -109.952158734535274, 27.509860914878544 ], [ -109.952144104457219, 27.501371962637553 ], [ -109.945378938823865, 27.501361461691545 ], [ -109.945311704873347, 27.482729018560885 ], [ -109.953214428016565, 27.482702546012522 ], [ -109.953236399601977, 27.439521745942564 ], [ -109.948296354196842, 27.439529717845613 ], [ -109.948325505242877, 27.440328787343244 ], [ -109.94288598357538, 27.440064704424483 ], [ -109.94049314266141, 27.439421083541571 ], [ -109.940471076407462, 27.437627339262551 ], [ -109.937809634582351, 27.437689556992346 ], [ -109.937777993946554, 27.436160588554426 ], [ -109.932710806930004, 27.436247151341778 ], [ -109.932654119321853, 27.409085936656425 ], [ -109.875422248607123, 27.409241392437036 ], [ -109.874352582951843, 27.437811301755435 ], [ -109.873971971430407, 27.440960381491923 ], [ -109.872603613683637, 27.44096869366993 ], [ -109.872563499598442, 27.444017467647594 ], [ -109.873551261102151, 27.444159284841351 ], [ -109.873882445867537, 27.452509940765434 ], [ -109.862357907157175, 27.451587672446678 ], [ -109.865223014650937, 27.460776367971167 ], [ -109.865930695290061, 27.466252822542689 ], [ -109.859972880894091, 27.468129689552921 ], [ -109.856537823874035, 27.470450380957736 ], [ -109.84299196696513, 27.472070942355366 ], [ -109.83813850069464, 27.474291412952795 ], [ -109.832624206473128, 27.475468163938306 ], [ -109.830533975891186, 27.474987414184895 ], [ -109.826442645277936, 27.475973866882597 ], [ -109.8226349150641, 27.478372065510698 ], [ -109.820106811739649, 27.478217276361981 ], [ -109.808407115932013, 27.483543534641445 ], [ -109.805010859988926, 27.488575886965592 ], [ -109.794452192361135, 27.481180191334648 ], [ -109.791354921510219, 27.482032294404057 ], [ -109.787995639189305, 27.481308944348012 ], [ -109.779149186560332, 27.477884625225467 ], [ -109.767243189470079, 27.479710688409114 ], [ -109.767076980211414, 27.474731137041772 ], [ -109.770721189955154, 27.465159531623097 ], [ -109.770705007453444, 27.463250369518807 ], [ -109.769079018821373, 27.461850447556056 ], [ -109.773182467909351, 27.447958917420472 ], [ -109.775622105584077, 27.442878149369296 ], [ -109.782540148852988, 27.438928057343592 ], [ -109.781160471031441, 27.437277508408236 ], [ -109.778058672904081, 27.437465297669792 ], [ -109.774966770783621, 27.438815121515379 ], [ -109.770898644867657, 27.442163957807104 ], [ -109.769432241292648, 27.444913545721349 ], [ -109.766449450905128, 27.444519156757973 ], [ -109.768650182686869, 27.440519328989502 ], [ -109.767521064134286, 27.439115950768144 ], [ -109.764787396864506, 27.438802817960141 ], [ -109.764069885375704, 27.442045242580985 ], [ -109.761566992026573, 27.439655152418354 ], [ -109.760202945687098, 27.439830562796157 ], [ -109.759025254303467, 27.432616619502372 ], [ -109.755822321424489, 27.435544003337782 ], [ -109.754334884995586, 27.43580321455719 ], [ -109.752190904577091, 27.431750278627607 ], [ -109.749712602983891, 27.432265233341973 ], [ -109.748462440512156, 27.431194582240032 ], [ -109.748448685312624, 27.429534442371267 ], [ -109.743213800247219, 27.426913550228711 ], [ -109.740603272507244, 27.426433102011284 ], [ -109.735595924419869, 27.421237049372202 ], [ -109.733112383119433, 27.421087660759891 ], [ -109.730740138716683, 27.419360271875327 ], [ -109.730221453409641, 27.416624360190131 ], [ -109.728368641786574, 27.417715851435862 ], [ -109.72599990108607, 27.416403419447214 ], [ -109.724105517042034, 27.412348439624825 ], [ -109.722749792176089, 27.41351957331814 ], [ -109.720125674156819, 27.411295615601944 ], [ -109.718514399897913, 27.411555272470199 ], [ -109.718287503929176, 27.414213117635317 ], [ -109.716430637878119, 27.41480640891028 ], [ -109.716020486637845, 27.410077482672563 ], [ -109.715143851649557, 27.409087108841163 ], [ -109.712198622991082, 27.413256950792277 ], [ -109.710948382949113, 27.4121029735592 ], [ -109.71650139010184, 27.392642003920741 ], [ -109.718822852827515, 27.388144101996609 ], [ -109.722554564746673, 27.373924467912467 ], [ -109.742975404746701, 27.379947317603946 ], [ -109.754966111180181, 27.381305956825837 ], [ -109.781285378977287, 27.381240455176108 ], [ -109.788939521269597, 27.379502678389532 ], [ -109.791397263461945, 27.376146892622376 ], [ -109.80796105254035, 27.318847757908674 ], [ -109.806796566276432, 27.306222810880772 ], [ -109.808119514629936, 27.297826622158059 ], [ -109.805635398095504, 27.294339848673573 ], [ -109.800060877647283, 27.289915939838259 ], [ -109.797206784272987, 27.286425398912691 ], [ -109.795104805775367, 27.285662779202266 ], [ -109.790634915094884, 27.279435637394059 ], [ -109.788411991337966, 27.27924882112622 ], [ -109.796671500624313, 27.276362222041424 ], [ -109.800110809870091, 27.272191387204174 ], [ -109.802823295788571, 27.271393492354111 ], [ -109.807248398681651, 27.266902327874543 ], [ -109.807962255285688, 27.260561213838596 ], [ -109.811520567248195, 27.255566801518214 ], [ -109.815580060859162, 27.252390875858033 ], [ -109.818153217655151, 27.248046283937708 ], [ -109.81825383608323, 27.242770919058572 ], [ -109.820096901041865, 27.240892514510048 ], [ -109.82539084017877, 27.237975503562684 ], [ -109.827598855717994, 27.234946295873502 ], [ -109.830639502418421, 27.224917346793301 ], [ -109.833455256965536, 27.219915203155249 ], [ -109.839367423007701, 27.217580626140002 ], [ -109.840831317337972, 27.213884567029474 ], [ -109.838129496681915, 27.208338010935755 ], [ -109.839870739109358, 27.205358991943683 ], [ -109.844715578084489, 27.198575500890133 ], [ -109.851646612906237, 27.192709817907442 ], [ -109.856303801732508, 27.186215479135274 ], [ -109.8573060969713, 27.182198577014059 ], [ -109.860303804754537, 27.176195985339859 ], [ -109.861557144303305, 27.170936550151886 ], [ -109.865153854886671, 27.167049857918954 ], [ -109.869133134261261, 27.159434695895861 ], [ -109.87769155950825, 27.149343354396798 ], [ -109.940955280001006, 27.149426413899072 ], [ -109.940986911877005, 27.137244061829641 ], [ -109.953280207249932, 27.137223468485725 ], [ -109.95332730012646, 27.118245412976343 ], [ -109.988656226498691, 27.118547775227622 ], [ -109.992870522130488, 27.11122317756212 ], [ -109.994045222703491, 27.111342509857298 ], [ -109.99638550789804, 27.109227103947383 ], [ -109.998238226535733, 27.108889453051571 ], [ -110.001675526400689, 27.102887476187153 ], [ -110.003403394161751, 27.102261147948628 ], [ -110.006248159071532, 27.10278674903104 ], [ -110.00643715387514, 27.103694591109225 ], [ -110.003926434011632, 27.109527823920757 ], [ -110.005142189115347, 27.104401836838992 ], [ -110.002299661980118, 27.104454399312473 ], [ -110.000575796117943, 27.106113188541709 ], [ -110.00114444511199, 27.109291021463715 ], [ -110.002636419181954, 27.111515313342405 ], [ -110.007648581067656, 27.11306480217258 ], [ -110.008025967930493, 27.114715285017354 ], [ -110.010060691010253, 27.113509459515853 ], [ -110.012723187777624, 27.114737764155127 ], [ -110.00981809938132, 27.114666823196579 ], [ -110.007607787896703, 27.11835132541708 ], [ -110.005075728912715, 27.118856991249309 ], [ -110.005203420382003, 27.119888975605242 ], [ -110.00274448334595, 27.123285279734418 ], [ -110.005215007259679, 27.122821203470696 ], [ -110.006130185201783, 27.119802695377732 ], [ -110.007611890511953, 27.119383800903247 ], [ -110.010070759149244, 27.116028702453416 ], [ -110.016676261083504, 27.114143606204422 ], [ -110.019276203126878, 27.115165543513069 ], [ -110.017119611351859, 27.116784996449873 ], [ -110.015838595101329, 27.120961460595382 ], [ -110.011274484108739, 27.123375225763514 ], [ -110.011589813994163, 27.124943348836137 ], [ -110.010548142065943, 27.127219006333554 ], [ -110.011905151964143, 27.126511471092467 ], [ -110.012957413348431, 27.126878940152885 ], [ -110.015975913792857, 27.124347484440268 ], [ -110.018940545891894, 27.123798567177126 ], [ -110.019676013045512, 27.122267483300156 ], [ -110.021837756222638, 27.121886968055154 ], [ -110.019611004292898, 27.121483051875362 ], [ -110.019853175584686, 27.120243071839511 ], [ -110.018740154107945, 27.120123701080939 ], [ -110.01810949240388, 27.117028778601625 ], [ -110.020210684281651, 27.116978929710502 ], [ -110.021623728578547, 27.114908170306158 ], [ -110.027547273157865, 27.112571040994098 ], [ -110.032287345921432, 27.108090986037571 ], [ -110.033398703455717, 27.107838553129831 ], [ -110.032394365982697, 27.11886983653001 ], [ -110.032149739100021, 27.119490353794721 ], [ -110.030172629262552, 27.119663765327367 ], [ -110.031474019078345, 27.120484361988758 ], [ -110.029745496103118, 27.120987133032237 ], [ -110.028273285092951, 27.123677717314283 ], [ -110.02889876016269, 27.125451026517684 ], [ -110.030878044406791, 27.125773225986549 ], [ -110.030330892606528, 27.127964389302946 ], [ -110.031075039917482, 27.128539501048458 ], [ -110.032617549108778, 27.127872292152869 ], [ -110.035448477098285, 27.124928186541926 ], [ -110.033879097826969, 27.11919404838341 ], [ -110.034857547998627, 27.116711962789665 ], [ -110.037096689247377, 27.12004788491506 ], [ -110.039312236963511, 27.117808370268939 ], [ -110.04030623092136, 27.119001881409275 ], [ -110.042717730129908, 27.119239487700309 ], [ -110.040856666907317, 27.117636656487313 ], [ -110.041783040197942, 27.117467541093216 ], [ -110.041410090286234, 27.11697351726658 ], [ -110.038011343760715, 27.1171117431157 ], [ -110.035038955450446, 27.115761304314066 ], [ -110.035095009713359, 27.114398169665769 ], [ -110.036699452565884, 27.113813248932097 ], [ -110.04343954853644, 27.114610818395903 ], [ -110.048158470660354, 27.119629337589124 ], [ -110.050287751289304, 27.126021740169801 ], [ -110.050087230183706, 27.122553389782965 ], [ -110.050943004381551, 27.120360810401912 ], [ -110.054464550801001, 27.120015242888222 ], [ -110.056762148541665, 27.122442012665239 ], [ -110.057690365754652, 27.122685787092973 ], [ -110.058366602835122, 27.121856845112848 ], [ -110.056380379780919, 27.119965654653274 ], [ -110.049074449131652, 27.117064810412138 ], [ -110.04516026469166, 27.112332001163086 ], [ -110.034648457117598, 27.111096035609826 ], [ -110.037041920188329, 27.107121203103219 ], [ -110.037585672550549, 27.104186612647549 ], [ -110.038820400539379, 27.103892316428798 ], [ -110.046191821012428, 27.107908490970473 ], [ -110.045505250961057, 27.106342010128156 ], [ -110.040983322165332, 27.103883189061978 ], [ -110.040729426524649, 27.102314856903256 ], [ -110.045661236915123, 27.099526813409685 ], [ -110.04503989948455, 27.098744756230772 ], [ -110.046149175498272, 27.098037924810281 ], [ -110.048681140872986, 27.097655398367063 ], [ -110.046391532552022, 27.09692178435165 ], [ -110.046504223950862, 27.094401988243568 ], [ -110.052116331974986, 27.091858595560854 ], [ -110.049459126798652, 27.091828722961573 ], [ -110.048104379903506, 27.092908337321994 ], [ -110.044888356411548, 27.092261265226963 ], [ -110.054208342612043, 27.08982584550624 ], [ -110.05920271642357, 27.087408728496754 ], [ -110.061335121495546, 27.080626132669394 ], [ -110.058978480674583, 27.0786540089384 ], [ -110.060956677962693, 27.0788931682299 ], [ -110.062938581000353, 27.079958294135835 ], [ -110.069520541994464, 27.08715684348266 ], [ -110.080807636925996, 27.096068570417977 ], [ -110.091160573879932, 27.103083886661992 ], [ -110.098651717376029, 27.105531625406734 ], [ -110.099546418950197, 27.110598342062254 ], [ -110.098714588307459, 27.116169266907676 ], [ -110.099341136280145, 27.11766319507144 ], [ -110.099515801398326, 27.12630586849583 ], [ -110.101299717900119, 27.135441988005084 ], [ -110.102805164836582, 27.139260079647759 ], [ -110.100351562574033, 27.14225989336494 ], [ -110.101590749357925, 27.163697685344086 ], [ -110.102850842289584, 27.167765885914275 ], [ -110.105468657312116, 27.171497235866205 ], [ -110.104864006946869, 27.173743105099131 ], [ -110.106003685411906, 27.178310313904685 ], [ -110.105400984320511, 27.180888606102631 ], [ -110.101725613817493, 27.186468694532721 ], [ -110.096428125053023, 27.189560629414526 ], [ -110.09621436224505, 27.237430881499723 ], [ -110.097239354366934, 27.24349441012059 ], [ -110.096016340876162, 27.280677667546492 ], [ -110.095608314019856, 27.409212046783164 ], [ -110.096494335157544, 27.519072679868486 ], [ -110.014906674230204, 27.518387755916628 ], [ -110.014837104419172, 27.524096511188027 ], [ -110.005872187873905, 27.522923130749362 ], [ -110.003629599623395, 27.520289174723814 ] ] ] } },
{ "type": "Feature", "properties": { "ID": 537.0, "ENTIDAD": 26, "DISTRITO_L": 18, "TIPO": 0, "CONTROL": 0.0, "GEOMETRY1_": null }, "geometry": { "type": "Polygon", "coordinates": [ [ [ -110.197226516598306, 31.329633916244521 ], [ -110.199308560206333, 31.327747200130656 ], [ -110.202378229713645, 31.328523369366884 ], [ -110.201665607049293, 31.324619394560624 ], [ -110.202701033481446, 31.324049069350217 ], [ -110.204024941273445, 31.321325733981045 ], [ -110.204050608959747, 31.319584754004843 ], [ -110.20752705839908, 31.318872271399933 ], [ -110.21250154470485, 31.312287148824581 ], [ -110.214969128657643, 31.310320975835221 ], [ -110.205266677247636, 31.306744625616258 ], [ -110.193178725384527, 31.308284951431254 ], [ -110.179890319558027, 31.304256890227251 ], [ -110.174922899896302, 31.301720088469622 ], [ -110.171261474128144, 31.297703649891783 ], [ -110.165130997191866, 31.295735271342036 ], [ -110.163391122347804, 31.291986606730262 ], [ -110.165730855576584, 31.290020094087165 ], [ -110.167236265174495, 31.283816479277167 ], [ -110.169971867113645, 31.281107602381219 ], [ -110.172025877288974, 31.281045182920817 ], [ -110.174114804934234, 31.278661429779294 ], [ -110.177481563187428, 31.276621997903636 ], [ -110.180559325222376, 31.276735433047026 ], [ -110.183528624232707, 31.275521064878628 ], [ -110.186803857829943, 31.270992995197901 ], [ -110.186966737574465, 31.268672945996787 ], [ -110.181707887528489, 31.259997729221734 ], [ -110.183362280167003, 31.252302864107417 ], [ -110.187440647676752, 31.254084340115433 ], [ -110.191743164620974, 31.240777079987964 ], [ -110.192266867368161, 31.231412633503805 ], [ -110.195359139903786, 31.230447928572406 ], [ -110.197630913411018, 31.224251376494472 ], [ -110.197148654196127, 31.222173743373212 ], [ -110.198594551268911, 31.219783272287017 ], [ -110.198239280238766, 31.217789798050223 ], [ -110.19499284234503, 31.211870960741681 ], [ -110.200450759884063, 31.206949236025103 ], [ -110.20755880896543, 31.203121193109087 ], [ -110.212378272708818, 31.197944008536094 ], [ -110.214638447433288, 31.192410338925367 ], [ -110.211616658684079, 31.188649913764429 ], [ -110.205638706841739, 31.185441192393956 ], [ -110.20280069252415, 31.186657387340034 ], [ -110.196011303830829, 31.186342435118387 ], [ -110.189147953387661, 31.182378036008586 ], [ -110.185321519290426, 31.181096605671197 ], [ -110.175430616470138, 31.182491216046909 ], [ -110.171353031617357, 31.180875206938186 ], [ -110.161088628932475, 31.173061179404435 ], [ -110.151903423078721, 31.170232297232189 ], [ -110.133074571305698, 31.161168265723635 ], [ -110.128992231792623, 31.159965459412412 ], [ -110.120820134688515, 31.15805688647249 ], [ -110.114409779111796, 31.158239074361042 ], [ -110.099460519574819, 31.155429259757433 ], [ -110.091775648973226, 31.155182316711624 ], [ -110.083878188082934, 31.152196392919461 ], [ -110.079135093623918, 31.152311647820785 ], [ -110.070827286174705, 31.150978881579888 ], [ -110.059784970757661, 31.152352209136108 ], [ -110.056851702250853, 31.151491267985236 ], [ -110.033144936322728, 31.13597507888197 ], [ -110.028088179820699, 31.131856243998659 ], [ -110.024966850072119, 31.126929542880042 ], [ -110.017419565505207, 31.126265127045563 ], [ -109.993714011985105, 31.134207150904615 ], [ -109.977064545074541, 31.118843507784369 ], [ -109.976369620066151, 31.114523875977309 ], [ -109.972370715232373, 31.10867376399613 ], [ -109.968447810731931, 31.105892318294821 ], [ -109.964327392788093, 31.099708889731033 ], [ -109.961887681596153, 31.09977932033803 ], [ -109.958658662897761, 31.109095674309678 ], [ -109.958864783982065, 31.112000142520916 ], [ -109.95776453616574, 31.116381929037569 ], [ -109.953060948135004, 31.121716739723549 ], [ -109.948002646126071, 31.110546886963562 ], [ -109.94743426821465, 31.106394427073226 ], [ -109.944963947832406, 31.101141769040211 ], [ -109.936409515462444, 31.09963166106348 ], [ -109.93351092079142, 31.096944140206244 ], [ -109.932842333860222, 31.083918372412956 ], [ -109.924919860937393, 31.068402079592854 ], [ -109.925706849317706, 31.060036840866349 ], [ -109.923840900861563, 31.056946771993768 ], [ -109.920687963313782, 31.054255949036477 ], [ -109.91693479511828, 31.049319137795624 ], [ -109.915214865820275, 31.04523568501715 ], [ -109.90875748517773, 31.041261314774601 ], [ -109.905824623789258, 31.04064568571232 ], [ -109.911485001108588, 31.024544775567929 ], [ -109.908883379738995, 31.019704423897906 ], [ -109.905614436833289, 31.009217634494732 ], [ -109.909282475131249, 30.997155723527595 ], [ -109.908942767581863, 30.99466413768311 ], [ -109.905164527716963, 30.991302097728468 ], [ -109.905914200389873, 30.985092302343769 ], [ -109.916377419625562, 30.9720336161574 ], [ -109.93301235439607, 30.956891098160643 ], [ -109.935375716167457, 30.953353473196156 ], [ -109.94103274833904, 30.936836303290359 ], [ -109.941931793396606, 30.929218354102073 ], [ -109.938591521061355, 30.922794430415429 ], [ -109.9304603685883, 30.912582588473516 ], [ -109.931903622561549, 30.910443743788456 ], [ -109.939430428756694, 30.903898827020328 ], [ -109.971603399100601, 30.883376859103173 ], [ -109.971658311492419, 30.880143634810317 ], [ -109.925393640181483, 30.875576707913385 ], [ -109.920594632570683, 30.870730048180643 ], [ -109.91949646649212, 30.865602593825489 ], [ -109.916984901326472, 30.859907396081219 ], [ -109.909963408376925, 30.851516856478693 ], [ -109.905447353061177, 30.848407188813635 ], [ -109.904271235509128, 30.846594471001829 ], [ -109.905464678173573, 30.823550641734617 ], [ -109.907409707434098, 30.8169055370244 ], [ -109.910641991965747, 30.81099498279729 ], [ -109.899100084927767, 30.790048903509639 ], [ -109.889487189468639, 30.787313639442985 ], [ -109.885693430852157, 30.789748516086703 ], [ -109.883012115461696, 30.789688272437452 ], [ -109.875376003851116, 30.782378315665365 ], [ -109.871329246848788, 30.784980593411319 ], [ -109.866558735873085, 30.781623238792164 ], [ -109.863679007813161, 30.776592996504281 ], [ -109.85901435364795, 30.771660276871668 ], [ -109.842490985315862, 30.767321332564574 ], [ -109.837012576377219, 30.76794566333486 ], [ -109.83355941143347, 30.76739352746748 ], [ -109.824943857443728, 30.762657094137548 ], [ -109.82299670894885, 30.760269880278706 ], [ -109.820765800023352, 30.755813564946024 ], [ -109.819663744730136, 30.749939742537112 ], [ -109.819905534965343, 30.730550111734178 ], [ -109.818901488703588, 30.722521296836547 ], [ -109.819715050119868, 30.716797919139086 ], [ -109.81070724152184, 30.710986704621703 ], [ -109.807184639042759, 30.705214713183636 ], [ -109.817024313809668, 30.688234728717362 ], [ -109.813580963529745, 30.688179199914629 ], [ -109.818495826040092, 30.674800648841689 ], [ -109.822044325169273, 30.673280958261611 ], [ -109.827588305528195, 30.668596672548098 ], [ -109.834325305889891, 30.667216675044752 ], [ -109.835331060497865, 30.666214277074555 ], [ -109.832525680824261, 30.657040078126776 ], [ -109.830975449878892, 30.655561206196513 ], [ -109.824957786652632, 30.653621103057187 ], [ -109.823009279790469, 30.650985370216791 ], [ -109.820067809803987, 30.650263200855175 ], [ -109.818618915261439, 30.646877725047453 ], [ -109.817077084469332, 30.64597861277905 ], [ -109.815295303017237, 30.646158499947866 ], [ -109.812454050704403, 30.643446860788991 ], [ -109.807202094659999, 30.641499895744833 ], [ -109.799673684360201, 30.64081338750238 ], [ -109.794156024024829, 30.638039449161063 ], [ -109.792730729068509, 30.636310611659898 ], [ -109.792316949718241, 30.633993918529935 ], [ -109.808887809888446, 30.625081394126301 ], [ -109.81270248515041, 30.615274306153132 ], [ -109.833588857333581, 30.605578380337537 ], [ -109.8337867029378, 30.601516852252011 ], [ -109.836330728286171, 30.601247632719453 ], [ -109.850122973437024, 30.594672020489465 ], [ -109.852985268024412, 30.589925605827617 ], [ -109.850332209805913, 30.582490426138321 ], [ -109.848385535268378, 30.57993791076591 ], [ -109.837090396117503, 30.573733297798196 ], [ -109.830693274995426, 30.57163098084991 ], [ -109.828244943691431, 30.569579380351964 ], [ -109.829966194485181, 30.565174101488925 ], [ -109.829271632144057, 30.56103692059294 ], [ -109.824123324784836, 30.5571013741116 ], [ -109.815588433081913, 30.538444389425184 ], [ -109.807982320070252, 30.531545063291734 ], [ -109.799762453978403, 30.526224413266856 ], [ -109.799578482163255, 30.522083080906786 ], [ -109.796639930160651, 30.521277628432919 ], [ -109.802613634726072, 30.511370750857147 ], [ -109.803831594458586, 30.507384038283679 ], [ -109.804590283635278, 30.497766733936064 ], [ -109.802583904867248, 30.490656986867783 ], [ -109.81006247273632, 30.481290243651159 ], [ -109.810938217098695, 30.479189245501257 ], [ -109.817356721191402, 30.474024004449081 ], [ -109.819598437722775, 30.470617465664379 ], [ -109.825270501644155, 30.472987093686665 ], [ -109.826602473262739, 30.470395522514142 ], [ -109.826009201170848, 30.468520220911532 ], [ -109.828930052047369, 30.452103471693782 ], [ -109.814580350479304, 30.430127251493655 ], [ -109.818776041135493, 30.429509090459373 ], [ -109.820559628272903, 30.42620284734592 ], [ -109.827682694142752, 30.422030553040027 ], [ -109.827052412835187, 30.417317815683187 ], [ -109.827562295483546, 30.415995194660546 ], [ -109.819500125044968, 30.408633876872667 ], [ -109.818360570202401, 30.405078340254182 ], [ -109.823448138259209, 30.401525396844033 ], [ -109.827393784350363, 30.396028952825372 ], [ -109.829873233515102, 30.394665676035427 ], [ -109.831015486829372, 30.395988877467925 ], [ -109.833939860800314, 30.394418980204829 ], [ -109.835087382960836, 30.390657573854163 ], [ -109.841189840679689, 30.387393565178233 ], [ -109.842779715534576, 30.385740434891947 ], [ -109.84284523636623, 30.383632205259289 ], [ -109.842020250141118, 30.382681226510762 ], [ -109.814067298984867, 30.382754007090554 ], [ -109.814914936557557, 30.364979094025827 ], [ -109.814218730164882, 30.362953218819513 ], [ -109.815744371396733, 30.361920453728825 ], [ -109.815939813805869, 30.357869415384702 ], [ -109.818040348956416, 30.353984545742495 ], [ -109.817281574288899, 30.35117323402682 ], [ -109.819576328168182, 30.343940024502167 ], [ -109.820340003366752, 30.3425348368858 ], [ -109.82141979354185, 30.34232857599698 ], [ -109.823577873883224, 30.343238848861319 ], [ -109.825052191139307, 30.330837922942205 ], [ -109.833186609141407, 30.324019788950448 ], [ -109.83350608270483, 30.322035639633281 ], [ -109.832366614380476, 30.318769561049308 ], [ -109.83604983967335, 30.308984869282082 ], [ -109.840259741623015, 30.307420331836308 ], [ -109.851614557330961, 30.309911897588524 ], [ -109.854803481398321, 30.307684832296303 ], [ -109.858629501831331, 30.303310391132538 ], [ -109.862584017081744, 30.302736220717602 ], [ -109.865262462308465, 30.301251890143476 ], [ -109.872277926025461, 30.29935864017235 ], [ -109.877507996185642, 30.299033067376023 ], [ -109.879548050267189, 30.297052162001631 ], [ -109.890517015223736, 30.294583102675002 ], [ -109.892811463704319, 30.29202388148547 ], [ -109.895617289661928, 30.291365162005835 ], [ -109.90402209300035, 30.273030764778117 ], [ -109.917531867081479, 30.26329091826587 ], [ -109.915227732291385, 30.253375599036911 ], [ -109.911146697175553, 30.252464250647193 ], [ -109.910254905051559, 30.253372447097984 ], [ -109.907064680716388, 30.250230921592564 ], [ -109.905913546461264, 30.245686262315481 ], [ -109.898898943393206, 30.242624490238011 ], [ -109.893791796093595, 30.23163272454606 ], [ -109.88830694851238, 30.226423573516794 ], [ -109.884351017620062, 30.219067488700901 ], [ -109.882945629146207, 30.213283188234278 ], [ -109.912125210766362, 30.20421696741748 ], [ -109.933002702539099, 30.182500080894435 ], [ -109.937072982953765, 30.176222977336252 ], [ -109.940637084434996, 30.173332847115049 ], [ -109.942033769934824, 30.169285139095578 ], [ -109.944196104529084, 30.166394346415466 ], [ -109.948651707163094, 30.163752163245935 ], [ -109.9551504376998, 30.16499347038193 ], [ -109.985982220585782, 30.1661554217137 ], [ -109.988409059964113, 30.169955983489082 ], [ -110.0315596185565, 30.151113243405693 ], [ -110.03142567738692, 30.147973739539104 ], [ -110.03383289232498, 30.141859149324858 ], [ -110.034574804260473, 30.131366200265727 ], [ -110.031112702770983, 30.120130975268783 ], [ -110.02740673866569, 30.113770302597043 ], [ -110.027657485008049, 30.111869974969739 ], [ -110.030197696894163, 30.108812309462635 ], [ -110.022091003411973, 30.107757946792468 ], [ -110.028288212399872, 30.099888601455671 ], [ -110.029466730581404, 30.09713120301938 ], [ -110.02692393572346, 30.095695975302817 ], [ -110.028374537004936, 30.093065771141518 ], [ -110.023798335323647, 30.09222754208119 ], [ -110.024709464505065, 30.089715252750473 ], [ -110.021387220802652, 30.084921097489254 ], [ -110.018154792599873, 30.084015405747138 ], [ -110.018918433231804, 30.081501454852372 ], [ -110.01630850351151, 30.079238120680959 ], [ -110.017165924676291, 30.07701475589672 ], [ -110.014010615496105, 30.075696288059024 ], [ -110.01333891379501, 30.073744768919273 ], [ -110.00910184167283, 30.073075381747216 ], [ -110.009343113735795, 30.071382559847063 ], [ -110.010955186649326, 30.069871037991032 ], [ -110.012482782417379, 30.07079855609615 ], [ -110.015141285494394, 30.068430590382473 ], [ -110.015496061771202, 30.065332940468732 ], [ -110.018391182687324, 30.0648700400154 ], [ -110.01997717990929, 30.065880857520931 ], [ -110.021854713930082, 30.063338336071624 ], [ -110.023700394756574, 30.064145309743104 ], [ -110.028917436074849, 30.063915589957002 ], [ -110.030192263546894, 30.061035197151551 ], [ -110.027771864433731, 30.060139023718957 ], [ -110.026214899980488, 30.05817742824263 ], [ -110.022144272292451, 30.057014093146595 ], [ -110.02147252508901, 30.055062609350884 ], [ -110.022967344993916, 30.053384157060883 ], [ -110.023117564294665, 30.050987192045021 ], [ -110.027133477286696, 30.048469118248128 ], [ -110.029511810266598, 30.048000047543141 ], [ -110.028657095834348, 30.04583972130861 ], [ -110.031922827601917, 30.042982058372864 ], [ -110.027361759231226, 30.037305396987797 ], [ -110.027084481383, 30.025680943922495 ], [ -110.024284946855929, 30.021265033629103 ], [ -110.021871874788189, 30.021526834711327 ], [ -110.019398045595921, 30.014964002382992 ], [ -110.01517716853634, 30.013426523315115 ], [ -110.01076604448707, 30.013706412503776 ], [ -110.007173539630969, 30.011969163078529 ], [ -109.996497920302517, 30.008991292706664 ], [ -109.991527434151351, 30.002357409826452 ], [ -109.996695568656705, 29.998406236260017 ], [ -109.99749907859254, 29.994486706254065 ], [ -110.001310423326984, 29.995440980716555 ], [ -110.004102214866478, 29.99472902365142 ], [ -110.005442799395823, 29.995861232089318 ], [ -110.007557373953105, 29.996009834727602 ], [ -110.011182982771231, 29.995183320061617 ], [ -110.013263809931061, 29.995910438897013 ], [ -110.016640574883979, 29.99483275673775 ], [ -110.017764823124551, 29.996334561264661 ], [ -110.021066195865615, 29.994470112908765 ], [ -110.019911227715909, 29.993133410874226 ], [ -110.020015353909571, 29.990984040498915 ], [ -110.02250740332056, 29.989896029045429 ], [ -110.023661678084892, 29.987262418922572 ], [ -110.025670034752096, 29.986789153751268 ], [ -110.026192339567558, 29.987953135069834 ], [ -110.029032743038101, 29.986579486427946 ], [ -110.029062959201411, 29.984429259892906 ], [ -110.031518151057782, 29.984333224838494 ], [ -110.038687876452613, 29.981519830904581 ], [ -110.048090961854058, 29.98179169768666 ], [ -110.051873923427365, 29.983494888728544 ], [ -110.055241917136115, 29.982657981613372 ], [ -110.050279084069444, 29.964183397445147 ], [ -110.050791673947572, 29.959438313545441 ], [ -110.049332327045533, 29.959871647549623 ], [ -110.047681475964424, 29.959155881021115 ], [ -110.04385048112691, 29.952147736616038 ], [ -110.038097107397419, 29.948761921845552 ], [ -110.037232050162388, 29.947154281392496 ], [ -110.03338342502407, 29.945838786952343 ], [ -110.032641253446798, 29.944355454689092 ], [ -110.035937510153758, 29.936940339737831 ], [ -110.036682753646886, 29.93064165636185 ], [ -110.03362199303119, 29.92868020589923 ], [ -110.031560090756813, 29.929966290545174 ], [ -110.02984440543716, 29.928635159181272 ], [ -110.023166171242565, 29.93183190201685 ], [ -110.018535464676589, 29.923379899191666 ], [ -110.018565181620474, 29.919079657898855 ], [ -110.020377964588079, 29.91705353627605 ], [ -110.02129178772141, 29.917064507844106 ], [ -110.021279554285996, 29.915385077936616 ], [ -110.022784627385221, 29.912945645710991 ], [ -110.02185680473147, 29.91100948378774 ], [ -110.019847111231826, 29.911067272769717 ], [ -110.01971485285388, 29.909632148546798 ], [ -110.018126257098757, 29.908957723236195 ], [ -110.019623264297408, 29.905412356807389 ], [ -110.024245873025663, 29.904525774098985 ], [ -110.023809291302925, 29.903127964439911 ], [ -110.020582985377573, 29.903375974034997 ], [ -110.019842493789611, 29.902056418734233 ], [ -110.01530130438023, 29.905769942662882 ], [ -110.016046804774959, 29.890952050378143 ], [ -110.014693862227233, 29.8891335911702 ], [ -110.014673442521442, 29.886307224794709 ], [ -110.011487351059685, 29.883606507274905 ], [ -110.012367524809079, 29.87898884403155 ], [ -110.011426643704738, 29.875168364282313 ], [ -110.014583958229508, 29.865499311964331 ], [ -110.018485986939751, 29.866242559907398 ], [ -110.021394988859171, 29.864393402723415 ], [ -110.02340794122739, 29.864909037087358 ], [ -110.025341392957941, 29.862884265523988 ], [ -110.02801205236949, 29.861769359538677 ], [ -110.030063797203553, 29.859295385791917 ], [ -110.029503122458038, 29.857568438386998 ], [ -110.031320599647742, 29.856361360694333 ], [ -110.032922130392507, 29.858878911957451 ], [ -110.035589554485398, 29.857354226069237 ], [ -110.035812365815929, 29.854571693569675 ], [ -110.040376207726538, 29.854298193112371 ], [ -110.040297227227597, 29.851880700676709 ], [ -110.04625783055171, 29.851172997545664 ], [ -110.046849632552224, 29.848927258954848 ], [ -110.049104391475652, 29.849240561038762 ], [ -110.049814459338194, 29.846545656179451 ], [ -110.05455085822156, 29.845003974324371 ], [ -110.056868944289988, 29.845645556530222 ], [ -110.061441801881628, 29.838695154244046 ], [ -110.060634987068909, 29.836678740491507 ], [ -110.067903645116502, 29.824271114265965 ], [ -110.064488488632406, 29.823371181036947 ], [ -110.062526885132442, 29.821546092733069 ], [ -110.060428179637853, 29.817712387280402 ], [ -110.056313108934262, 29.812790086515474 ], [ -110.054723264936086, 29.811788419867302 ], [ -110.048634645088356, 29.81134817702252 ], [ -110.047283992643472, 29.809775816047662 ], [ -110.045920077084233, 29.806442052934944 ], [ -110.045560743192425, 29.799147125415807 ], [ -110.044385742395235, 29.796634752444312 ], [ -110.041063301439436, 29.791721340870488 ], [ -110.033086991852358, 29.782697609633718 ], [ -110.030648830210339, 29.782054189696122 ], [ -110.028228241656748, 29.783786554025763 ], [ -110.022502307127937, 29.782776027690154 ], [ -110.015018622590105, 29.774248626815659 ], [ -110.012760330505074, 29.773197454783901 ], [ -110.00728585420751, 29.773213279210648 ], [ -109.994638134473234, 29.764038181173408 ], [ -109.995863958538123, 29.762732046033879 ], [ -109.99609491908376, 29.760421447112865 ], [ -109.986208747633711, 29.750501278510018 ], [ -109.959418142029079, 29.727578686190672 ], [ -109.956046104700874, 29.724072319177875 ], [ -109.954874017340401, 29.721704363353382 ], [ -109.955411314757697, 29.719229874100133 ], [ -109.959125071336601, 29.715671791177559 ], [ -109.962495884033046, 29.709175463486044 ], [ -109.961757691615901, 29.707514635295531 ], [ -109.963257861532796, 29.703892563826248 ], [ -109.963149953654224, 29.697360827609586 ], [ -109.965249516449106, 29.691306150559001 ], [ -109.965400784682473, 29.689323688589294 ], [ -109.963493886751749, 29.685047018963139 ], [ -109.966434421138828, 29.672387508398948 ], [ -109.963731780127091, 29.666036106236255 ], [ -109.959830967774096, 29.664508466621708 ], [ -109.960680243055563, 29.662326437338798 ], [ -109.960522206024152, 29.659803493363995 ], [ -109.96248596389421, 29.659492783525366 ], [ -109.966833768634757, 29.660652868659369 ], [ -109.968320651576278, 29.658022571269512 ], [ -109.974783708873318, 29.656847758149055 ], [ -109.976780408083329, 29.658975842975416 ], [ -109.977916715184094, 29.65911125563683 ], [ -109.979122664272325, 29.638249903841967 ], [ -109.984970367636492, 29.620162906860315 ], [ -109.978502687455389, 29.616791498928094 ], [ -109.974761867183133, 29.617787273719813 ], [ -109.972135672589346, 29.615528814786202 ], [ -109.967273435426435, 29.615231728663272 ], [ -109.960956728568149, 29.604916938990797 ], [ -109.966857104290924, 29.602992731240921 ], [ -109.966938289340234, 29.601546870107008 ], [ -109.969359565724304, 29.599917984368524 ], [ -109.969313847007001, 29.598512173234958 ], [ -109.972432492522046, 29.596683598242354 ], [ -109.980050586408893, 29.593742732923786 ], [ -109.988907919438304, 29.592756451501835 ], [ -109.99132107573999, 29.591747083995248 ], [ -109.991895508555984, 29.586090028015644 ], [ -109.993623195196264, 29.584288464323322 ], [ -109.993464397175572, 29.581765513710724 ], [ -110.00081448817042, 29.57472869130876 ], [ -109.99994824940336, 29.573232122835432 ], [ -109.997928122180852, 29.573129518136536 ], [ -109.996838341365361, 29.57444144227582 ], [ -109.992926388267861, 29.574072042687796 ], [ -109.991149319026221, 29.574757091825983 ], [ -109.987812903491616, 29.573814577253319 ], [ -109.985260806529482, 29.570730431529579 ], [ -109.982795597596791, 29.570871162823583 ], [ -109.982239862986134, 29.569832258316691 ], [ -109.982942210051533, 29.569219264866515 ], [ -109.982787749021355, 29.566365670597452 ], [ -109.980301175122293, 29.563116749057507 ], [ -109.98097843463195, 29.559403455780018 ], [ -109.977463357790384, 29.557632218098377 ], [ -109.976362852415903, 29.554686455275423 ], [ -109.973663314061554, 29.553377976819633 ], [ -109.972518990558441, 29.553986475467962 ], [ -109.970959239013894, 29.552441405420211 ], [ -109.968124305254477, 29.551875464989177 ], [ -109.964543109421399, 29.545308467763036 ], [ -109.963588768796527, 29.54587747987517 ], [ -109.962474874785087, 29.544047489650328 ], [ -109.96059404978233, 29.54295371922171 ], [ -109.959137682023851, 29.5432695966919 ], [ -109.958707064857293, 29.542355869039017 ], [ -109.962267140893374, 29.540449315415991 ], [ -109.959614632410876, 29.535420962147921 ], [ -109.959632700667512, 29.533974450747952 ], [ -109.95869239048119, 29.533427550485463 ], [ -109.961387172774167, 29.526026678667566 ], [ -109.96113397676973, 29.524036216954599 ], [ -109.962914449842373, 29.520306517715294 ], [ -109.963043084873973, 29.5167408945515 ], [ -109.961012147296856, 29.512758338124982 ], [ -109.957837609790474, 29.509603746174555 ], [ -109.954790001590766, 29.507029696500144 ], [ -109.947169413294105, 29.504367343139865 ], [ -109.942726709876979, 29.49897194164528 ], [ -109.935744795294681, 29.492578124694294 ], [ -109.940064821331873, 29.49042746810564 ], [ -109.965725497477536, 29.481749393074104 ], [ -109.964711486259702, 29.476855756095873 ], [ -109.960266867303574, 29.476104731132228 ], [ -109.958617268560758, 29.473200571028855 ], [ -109.961287691406156, 29.465242621732045 ], [ -109.960781538107398, 29.461261668793902 ], [ -109.956972640962817, 29.460262449338483 ], [ -109.958497544887905, 29.457776351380886 ], [ -109.95545084968775, 29.456363288104338 ], [ -109.951643965119274, 29.452046914173472 ], [ -109.953930782251447, 29.449312950345256 ], [ -109.953805006340161, 29.446990900640838 ], [ -109.955710121937983, 29.445583280609146 ], [ -109.957235575561171, 29.441521603898988 ], [ -109.956729788219974, 29.437291851953873 ], [ -109.975519227563026, 29.434325699944896 ], [ -109.980471417975863, 29.429105969503393 ], [ -109.983138330307824, 29.423718172473066 ], [ -109.982885711918584, 29.417996038017595 ], [ -109.985043864511709, 29.415924784658664 ], [ -109.985679561157582, 29.410203419036836 ], [ -109.983522117202071, 29.409538118396448 ], [ -109.984538165414321, 29.405890250270996 ], [ -109.980859856693385, 29.396765072944277 ], [ -109.969565762753163, 29.396837345699588 ], [ -109.968930717612679, 29.3984123168505 ], [ -109.963346556264199, 29.399650558838641 ], [ -109.962329928621855, 29.403049473704645 ], [ -109.957760784191649, 29.404122674460655 ], [ -109.951667731989815, 29.406935457066414 ], [ -109.947606519714711, 29.407013762873145 ], [ -109.944307999603367, 29.405019703409675 ], [ -109.940123566534353, 29.399375769133616 ], [ -109.939363529766965, 29.397218782157314 ], [ -109.9407612263565, 29.394318069093675 ], [ -109.941016814262284, 29.391415974150409 ], [ -109.919329908842599, 29.377456740816307 ], [ -109.917309446803756, 29.366176106088698 ], [ -109.914904202372441, 29.360285069494122 ], [ -109.918458338384724, 29.357553402963823 ], [ -109.918207186497071, 29.354484807868047 ], [ -109.918715661382805, 29.353158686089245 ], [ -109.92049220923461, 29.35224890043262 ], [ -109.919987057536943, 29.34951166739404 ], [ -109.92176635463413, 29.345036050393791 ], [ -109.924301949126075, 29.346449146062646 ], [ -109.922530864559249, 29.340559061921493 ], [ -109.916578152956305, 29.330765774358138 ], [ -109.914424630977905, 29.328026253431197 ], [ -109.909984704213329, 29.329678557678402 ], [ -109.902882062388443, 29.330746341439085 ], [ -109.895530751469877, 29.326920751529492 ], [ -109.892617216614951, 29.324013881538374 ], [ -109.894801213360566, 29.296900484813584 ], [ -109.903043312504067, 29.295005476913854 ], [ -109.909131907586215, 29.291033764765274 ], [ -109.911540472345152, 29.291037148320981 ], [ -109.915852192917981, 29.289052860422846 ], [ -109.919652622521838, 29.292209196885086 ], [ -109.920922833423347, 29.28897674895958 ], [ -109.918136964355099, 29.285324257976768 ], [ -109.910152354064593, 29.283903529714188 ], [ -109.905844895950253, 29.281409618191173 ], [ -109.903073692746943, 29.263078856668436 ], [ -109.900923659004761, 29.258514754669807 ], [ -109.895727723747569, 29.258672882040944 ], [ -109.900179948001096, 29.241347834915842 ], [ -109.897417871098952, 29.215636409678098 ], [ -109.897427896526537, 29.205436388754787 ], [ -109.895282797728811, 29.197306330836824 ], [ -109.895417958733674, 29.18876502171916 ], [ -109.869789735379115, 29.124124039470821 ], [ -109.870332504649639, 29.093939224655319 ], [ -109.867551144788862, 29.092193104285684 ], [ -109.86071946259267, 29.091849769601914 ], [ -109.859585985041818, 29.087867272741168 ], [ -109.857312016545734, 29.085375475841104 ], [ -109.860987398179518, 29.080323256293948 ], [ -109.856560575788976, 29.079652137726093 ], [ -109.856691715729355, 29.076169396296784 ], [ -109.852903943765313, 29.07085531978332 ], [ -109.854047216131619, 29.067291448106669 ], [ -109.852411351983235, 29.061068944346815 ], [ -109.8709077239387, 29.035807406748795 ], [ -109.870151666235444, 29.033567092303141 ], [ -109.868005028283534, 29.031075690053669 ], [ -109.859156912216406, 29.028655806853347 ], [ -109.856007974326872, 29.019445278818722 ], [ -109.847416207595771, 29.015449457362411 ], [ -109.847422231056015, 29.011137187361165 ], [ -109.845657372510686, 29.007568064115659 ], [ -109.840730149529406, 29.005485806423863 ], [ -109.833051230797167, 28.984324609102615 ], [ -109.828886008129601, 28.98075068308232 ], [ -109.823707099453003, 28.978999062016513 ], [ -109.816755309211786, 28.979482729786209 ], [ -109.806525354580231, 28.975563999834854 ], [ -109.797188676483557, 28.967417126044449 ], [ -109.831073168571294, 28.955627510039974 ], [ -109.825661386088996, 28.942099654273331 ], [ -109.826679885773288, 28.937125900731406 ], [ -109.826186685824112, 28.929412546144771 ], [ -109.824680814407046, 28.92310700478118 ], [ -109.822540663027311, 28.918624640077521 ], [ -109.818379445886819, 28.914387010052334 ], [ -109.804125540594981, 28.904074620216022 ], [ -109.80147897697664, 28.901000669527814 ], [ -109.802633446459822, 28.89096870962091 ], [ -109.824251194951742, 28.875172994251066 ], [ -109.817850357796331, 28.87087658127923 ], [ -109.827236287186281, 28.82981370151747 ], [ -109.853546001360456, 28.802009037521749 ], [ -109.85478744891887, 28.7991878857149 ], [ -109.857157819253985, 28.797278230030937 ], [ -109.8629770714345, 28.779937525974795 ], [ -109.865088851255962, 28.775788357390294 ], [ -109.864707825815131, 28.77412974554904 ], [ -109.862203824091338, 28.773385366903952 ], [ -109.857702185090346, 28.773637948064525 ], [ -109.856433883149634, 28.76849626292849 ], [ -109.856798835518092, 28.765509875463128 ], [ -109.853538544757583, 28.76294111958827 ], [ -109.848155838841492, 28.761369253885487 ], [ -109.84376988151233, 28.758635213824729 ], [ -109.844764513695395, 28.756892614879664 ], [ -109.846761425815785, 28.755729899470985 ], [ -109.849385199631513, 28.755064361428328 ], [ -109.853012974974888, 28.755476299273802 ], [ -109.842219530492628, 28.743539982083888 ], [ -109.833324333488363, 28.737988551025122 ], [ -109.832186608018304, 28.734090777745344 ], [ -109.832308970567283, 28.733261231263906 ], [ -109.834564426558615, 28.73483576587163 ], [ -109.833297131572564, 28.72952798692825 ], [ -109.834298331011553, 28.729859124431055 ], [ -109.837690530255017, 28.734999580115208 ], [ -109.838801911862632, 28.730768525514154 ], [ -109.837793389041209, 28.728197855718996 ], [ -109.838904141705058, 28.723800900031808 ], [ -109.838522878030275, 28.721893378122875 ], [ -109.840268891722971, 28.720647960150874 ], [ -109.841270304765231, 28.721061991675956 ], [ -109.844511917307855, 28.718488293938787 ], [ -109.84425805003859, 28.717327216959614 ], [ -109.841504450658164, 28.716250885328886 ], [ -109.842242112699978, 28.712517730013104 ], [ -109.844374775146179, 28.714838711205566 ], [ -109.846750035020449, 28.714919899402371 ], [ -109.846366711514932, 28.7124317634111 ], [ -109.848364976704161, 28.711932570491992 ], [ -109.845605099820929, 28.708948537823499 ], [ -109.846852796198419, 28.708284025557873 ], [ -109.851352767402602, 28.708363514261748 ], [ -109.847348584506264, 28.707039439026541 ], [ -109.850968789958799, 28.705709491719155 ], [ -109.85021408624786, 28.704299971178202 ], [ -109.847966279859136, 28.704882334227353 ], [ -109.846961651356509, 28.703472986831645 ], [ -109.843844458787999, 28.70571488359257 ], [ -109.841842729643176, 28.705135699093052 ], [ -109.841338125383189, 28.703725953257802 ], [ -109.842458051769611, 28.702232096339465 ], [ -109.84420837993018, 28.702396717676915 ], [ -109.84382432392627, 28.699659731002004 ], [ -109.845324649803331, 28.699824519530161 ], [ -109.845070534080449, 28.698580494598197 ], [ -109.846197851690619, 28.699326182317932 ], [ -109.84656750995012, 28.697749900087459 ], [ -109.844680655259339, 28.694101613101282 ], [ -109.842776853923979, 28.685310559658273 ], [ -109.843274226802933, 28.684563667222694 ], [ -109.84627139238242, 28.683980805116551 ], [ -109.84500374304956, 28.678590149772798 ], [ -109.845092888056627, 28.667889806517643 ], [ -109.848712596750531, 28.666808717843089 ], [ -109.850079635446193, 28.664650998046621 ], [ -109.850318517423588, 28.661415832719822 ], [ -109.85180386776706, 28.657350188164838 ], [ -109.856033748313777, 28.652203928294096 ], [ -109.856277858872289, 28.650544756074812 ], [ -109.853900614553041, 28.649468397949146 ], [ -109.854891981357284, 28.647145025517457 ], [ -109.853767995716353, 28.647228900399639 ], [ -109.854006420210311, 28.643910767845544 ], [ -109.849881401721987, 28.643084615588236 ], [ -109.85224454262071, 28.640096578622057 ], [ -109.850864017037182, 28.638189877214916 ], [ -109.853601730285689, 28.635201509478218 ], [ -109.852953276562886, 28.628234361850328 ], [ -109.849930884579166, 28.620937329743015 ], [ -109.847678689790754, 28.619694882129942 ], [ -109.839687901954377, 28.620281540861562 ], [ -109.8419234178712, 28.616547223527206 ], [ -109.846283098831947, 28.613225977322266 ], [ -109.848279184134782, 28.612643776179304 ], [ -109.852403861452814, 28.613718792079968 ], [ -109.852635939922649, 28.608575775956385 ], [ -109.854002960355501, 28.606666820494723 ], [ -109.8559974422121, 28.605669756858799 ], [ -109.859724629922709, 28.600274855291367 ], [ -109.859702216444049, 28.593887791572055 ], [ -109.856191823942794, 28.589743374957944 ], [ -109.850329504513795, 28.591407234562116 ], [ -109.846815067778053, 28.585935406861811 ], [ -109.843690845002314, 28.585025388308939 ], [ -109.842187150779367, 28.583367549808621 ], [ -109.838789700857063, 28.575324024132716 ], [ -109.837261541537032, 28.566200748276852 ], [ -109.835498193068631, 28.561390967797273 ], [ -109.826366090333977, 28.55501007908504 ], [ -109.824861759615132, 28.552937318343567 ], [ -109.824728743089878, 28.550365987675086 ], [ -109.825717606927114, 28.547379196747059 ], [ -109.827833325666361, 28.54555294544781 ], [ -109.828948994175633, 28.543229633963143 ], [ -109.829684853767191, 28.539247584523483 ], [ -109.828795213859848, 28.534271231740878 ], [ -109.829510002684543, 28.523819147148082 ], [ -109.831252214935375, 28.522407819274466 ], [ -109.834243985053106, 28.521576230179267 ], [ -109.848984509999298, 28.526707829410956 ], [ -109.852586935629475, 28.522059641868758 ], [ -109.858685234363989, 28.517657991871484 ], [ -109.863669365324313, 28.515828548232413 ], [ -109.875369407296176, 28.508268670656211 ], [ -109.881336575550392, 28.502621816200381 ], [ -109.884572543105833, 28.500627516375737 ], [ -109.892921647117277, 28.498295548855783 ], [ -109.906892387455329, 28.498112864914869 ], [ -109.909381628681984, 28.496699549210138 ], [ -109.913248330374117, 28.496611626852619 ], [ -109.917748238539346, 28.498845397818755 ], [ -109.921732922366616, 28.497098044261293 ], [ -109.930211680379955, 28.496173759630171 ], [ -109.939209560255208, 28.49997643951966 ], [ -109.941824971336416, 28.49897709170596 ], [ -109.94293764680323, 28.496652746029071 ], [ -109.947676835091627, 28.496396611200669 ], [ -109.949539622043119, 28.49448580060254 ], [ -109.947909274550085, 28.492497489548807 ], [ -109.94726891152402, 28.488682674817674 ], [ -109.947883151050092, 28.486524956778617 ], [ -109.951729359650159, 28.481873569482129 ], [ -109.954092550049012, 28.48037665136712 ], [ -109.963596067270316, 28.48575300368551 ], [ -109.968713107971581, 28.486407969282151 ], [ -109.972699204814049, 28.485239750461595 ], [ -109.976293307454128, 28.480256262162371 ], [ -109.980026928671435, 28.478507592370587 ], [ -109.987257367804972, 28.477747834815087 ], [ -109.990385748908494, 28.479898803576543 ], [ -109.994868279860057, 28.478314222464782 ], [ -110.00685284010062, 28.480530615525918 ], [ -110.014318613516295, 28.476948513671555 ], [ -110.019550689776182, 28.475693383851173 ], [ -110.04387319787088, 28.475972259595022 ], [ -110.058947991913115, 28.472867930947128 ], [ -110.090327009994212, 28.507630957519325 ], [ -110.089843748144887, 28.532269849172138 ], [ -110.099574962666765, 28.531829515278741 ], [ -110.107305107363828, 28.530647341627514 ], [ -110.110665585215671, 28.529144965632032 ], [ -110.122636638017582, 28.527701336872099 ], [ -110.129142101820662, 28.530420286828985 ], [ -110.134415224234075, 28.535631205706025 ], [ -110.135551097020169, 28.537701778777556 ], [ -110.134314802349138, 28.539613370338376 ], [ -110.126478015017327, 28.543866727615224 ], [ -110.115574092399655, 28.557170271832501 ], [ -110.106378695947981, 28.5642466314522 ], [ -110.105269779856286, 28.566738268983862 ], [ -110.136499971709142, 28.570300511397818 ], [ -110.20025277764644, 28.564375031999816 ], [ -110.205303965263269, 28.572902312727297 ], [ -110.203946452390383, 28.575229747349105 ], [ -110.206464170995375, 28.578290501839877 ], [ -110.213089012199887, 28.579428948623995 ], [ -110.23118734828725, 28.578700962261212 ], [ -110.233039017560969, 28.575707791691304 ], [ -110.240283521612, 28.576179002638099 ], [ -110.247890114558913, 28.574906369595915 ], [ -110.252747008396625, 28.573228944214105 ], [ -110.277257820776796, 28.562017684573394 ], [ -110.318950936525084, 28.546000863391502 ], [ -110.36249545776819, 28.544065581063276 ], [ -110.370418677003826, 28.551246428706001 ], [ -110.378817803650477, 28.55552099587954 ], [ -110.391683753019606, 28.556538215361272 ], [ -110.39641779411123, 28.555436888750041 ], [ -110.406476528533389, 28.549414660109964 ], [ -110.411052686768954, 28.544580373446351 ], [ -110.413757813189804, 28.539921161833302 ], [ -110.417235565026743, 28.537995725609022 ], [ -110.421969257478395, 28.536976445899562 ], [ -110.424698707641227, 28.535137539754032 ], [ -110.427789912492514, 28.531886406406997 ], [ -110.433201505648967, 28.522981993956069 ], [ -110.437308972116483, 28.521799444631071 ], [ -110.448678602222301, 28.523316666582819 ], [ -110.459763144934115, 28.520935274091475 ], [ -110.466156241999585, 28.524053670900756 ], [ -110.468405476500124, 28.524373435622639 ], [ -110.471627542192664, 28.521950179573125 ], [ -110.473639560766856, 28.523598524050705 ], [ -110.475760922438937, 28.523587013636025 ], [ -110.47847977842504, 28.520751516475649 ], [ -110.479946801602424, 28.517508000116759 ], [ -110.484524504897081, 28.513334811551928 ], [ -110.494818306095965, 28.506723803766082 ], [ -110.506496766636616, 28.501514510177387 ], [ -110.512091684184455, 28.499491608875765 ], [ -110.524048926538228, 28.497431760825286 ], [ -110.541458477703785, 28.491688305329667 ], [ -110.548063515689066, 28.490985321356423 ], [ -110.571837670443102, 28.48569754943324 ], [ -110.596451342149507, 28.477413569200941 ], [ -110.602845071232096, 28.480442613900212 ], [ -110.622614800993787, 28.486039646809601 ], [ -110.621145454505495, 28.488621104098844 ], [ -110.622203053503597, 28.49417280201817 ], [ -110.620482293946168, 28.496589957239905 ], [ -110.620457067847866, 28.505882070455762 ], [ -110.62199875406246, 28.510020226686066 ], [ -110.686352259963286, 28.507096957844944 ], [ -110.686155368481423, 28.511744346652485 ], [ -110.687050418204123, 28.513646275855869 ], [ -110.69294794721992, 28.516508679549268 ], [ -110.697483632020933, 28.52029307092965 ], [ -110.706522511617507, 28.524957879755149 ], [ -110.711820285648557, 28.52981490240219 ], [ -110.718105364507679, 28.533669025855524 ], [ -110.746871020815391, 28.517695043531369 ], [ -110.75466601327814, 28.522531845162291 ], [ -110.764502445875493, 28.531003256902142 ], [ -110.767266017226078, 28.532475713396458 ], [ -110.778788897688898, 28.535789473008421 ], [ -110.780828559386237, 28.540645643542 ], [ -110.77974307038366, 28.548152242159741 ], [ -110.778255239196127, 28.55067286008169 ], [ -110.779652439669377, 28.555774257125297 ], [ -110.779731961980829, 28.559589345277018 ], [ -110.82249362089658, 28.587751326995658 ], [ -110.827182319962233, 28.637215788611964 ], [ -110.861015502564172, 28.664494951592523 ], [ -110.872322033221351, 28.67206750758783 ], [ -110.875109081031695, 28.679864182721612 ], [ -110.875871141428419, 28.688176197318256 ], [ -110.872603941760644, 28.697022374793519 ], [ -110.870097925422442, 28.699925740273024 ], [ -110.867537944140182, 28.706275956017144 ], [ -110.863899541350349, 28.711330284756944 ], [ -110.862602118821187, 28.717728191880521 ], [ -110.859840912673945, 28.722710701505786 ], [ -110.843572528145529, 28.739558168199274 ], [ -110.83862735052864, 28.746569319753746 ], [ -110.834461724986596, 28.757125412683184 ], [ -110.829171202124058, 28.767585384362988 ], [ -110.819576532972846, 28.776899786012553 ], [ -110.81773932164613, 28.780001652234162 ], [ -110.81614336318566, 28.783435375094861 ], [ -110.816174447772596, 28.786889123603345 ], [ -110.818802760118189, 28.791526009050109 ], [ -110.826002558095055, 28.798438974028716 ], [ -110.829364862071998, 28.80374241872801 ], [ -110.841250282792785, 28.813425129163974 ], [ -110.848916232641088, 28.821740270236958 ], [ -110.85891997969658, 28.836331960553277 ], [ -110.860393997701451, 28.837418546958773 ], [ -110.863267596651113, 28.837699664446362 ], [ -110.866217994523723, 28.839790530075131 ], [ -110.866903324582722, 28.84226539889303 ], [ -110.866329732231804, 28.844971871253346 ], [ -110.870783253028023, 28.847080591820681 ], [ -110.874094415811271, 28.849751133954658 ], [ -110.875456832759426, 28.855029549766936 ], [ -110.877970798253287, 28.859417184394395 ], [ -110.877012849308386, 28.862448016968479 ], [ -110.869631363567478, 28.866717933800377 ], [ -110.86501871519016, 28.865840613952368 ], [ -110.854731870306352, 28.866292719031755 ], [ -110.837553504173542, 28.869643791546881 ], [ -110.831633007040438, 28.872508209414335 ], [ -110.821671950499294, 28.874770676035375 ], [ -110.838560065911423, 28.912881319854137 ], [ -110.830392177678519, 28.913604007344755 ], [ -110.823777238922517, 28.917140792923437 ], [ -110.81913586481555, 28.917248232168689 ], [ -110.810553320212065, 28.91936238880114 ], [ -110.794304295232592, 28.949500309133001 ], [ -110.767839436111302, 28.95870509646841 ], [ -110.76274001998712, 28.961682549368433 ], [ -110.758851144728808, 28.961715268488863 ], [ -110.753765089372024, 28.964199223985531 ], [ -110.728439533146059, 28.968313111783928 ], [ -110.641113088895594, 28.960656651901516 ], [ -110.633945578780867, 28.952665522002636 ], [ -110.589674549487341, 28.95271071126302 ], [ -110.581577853794528, 28.95740767138161 ], [ -110.570120664429098, 28.960822179675041 ], [ -110.565765357628194, 28.963884942193804 ], [ -110.561189383421009, 28.965878000442398 ], [ -110.558946893847107, 28.969625869489469 ], [ -110.55624045360004, 28.972053996975863 ], [ -110.550977815015017, 28.974469120049562 ], [ -110.538937950080168, 28.971806329583004 ], [ -110.534286555021026, 28.972150481221831 ], [ -110.527218277872649, 28.973610644082289 ], [ -110.520737071261934, 28.976394513237484 ], [ -110.514352377541726, 28.975972808280179 ], [ -110.50609285394772, 28.979470066302049 ], [ -110.501942578504881, 28.979820426607581 ], [ -110.496402053101662, 28.978940454410196 ], [ -110.485320372977768, 28.980339381544646 ], [ -110.478487289621398, 28.983832464383308 ], [ -110.473348714239251, 28.983673951296517 ], [ -110.467743243406531, 28.986468282453025 ], [ -110.463258488798317, 28.989525794873661 ], [ -110.462871360759735, 28.993960007129616 ], [ -110.460837104179703, 28.99483403551784 ], [ -110.451873810427344, 28.992561882002711 ], [ -110.440956214655401, 28.992644063934193 ], [ -110.439021849207862, 28.994266143631421 ], [ -110.428478011984382, 28.998539434416845 ], [ -110.428496583981214, 29.006021910855495 ], [ -110.427777588535236, 29.008970973088811 ], [ -110.425302607712126, 29.011893321627191 ], [ -110.431360840061899, 29.037375347832949 ], [ -110.438201843385357, 29.040981448840277 ], [ -110.451112241338222, 29.04279962712031 ], [ -110.488407617849873, 29.039995449887645 ], [ -110.528070001048505, 29.064579378813853 ], [ -110.53112610208548, 29.065537210856519 ], [ -110.536591082762342, 29.062203579604663 ], [ -110.541033343202997, 29.062895226149354 ], [ -110.545585810628211, 29.073735438408246 ], [ -110.548702948360329, 29.09985482815771 ], [ -110.552699341702194, 29.104086070586611 ], [ -110.551479514221683, 29.105427334347478 ], [ -110.552056840053098, 29.107952834925204 ], [ -110.54861929604408, 29.110289046277369 ], [ -110.547823947145019, 29.109244862661136 ], [ -110.545826719259054, 29.111769538395905 ], [ -110.554026987045802, 29.119327986776248 ], [ -110.552954931824218, 29.125827562618611 ], [ -110.560229843272637, 29.132628058568869 ], [ -110.559282315137054, 29.132901380624112 ], [ -110.558833987196266, 29.136482593365091 ], [ -110.564837385773046, 29.140952296257108 ], [ -110.570526762800611, 29.142281866115546 ], [ -110.56698011014565, 29.143750588654445 ], [ -110.567560146461091, 29.149328341467641 ], [ -110.561680699055813, 29.151212833708215 ], [ -110.56310037038746, 29.152473296565727 ], [ -110.562436229146556, 29.15427738502509 ], [ -110.560468084340783, 29.155317838069678 ], [ -110.555722573681564, 29.153879481429833 ], [ -110.551601865454202, 29.149481361911853 ], [ -110.547496987284276, 29.150569236113196 ], [ -110.545845410713568, 29.148356128817504 ], [ -110.54323101244097, 29.150293191654203 ], [ -110.539792206876243, 29.149494371517186 ], [ -110.538085925445529, 29.150002580407122 ], [ -110.536349662032322, 29.151995171262325 ], [ -110.531542079289366, 29.153648468986564 ], [ -110.525988400367851, 29.161105120587703 ], [ -110.52376349736052, 29.168575338376005 ], [ -110.524605109716447, 29.170445359403171 ], [ -110.527169354298593, 29.171023902495481 ], [ -110.525016350210322, 29.181135123170264 ], [ -110.525366445422875, 29.182460806972184 ], [ -110.526850581151294, 29.183640218950288 ], [ -110.526616173911151, 29.188998451428109 ], [ -110.527778791210878, 29.190543767441014 ], [ -110.52599472028713, 29.191751737271549 ], [ -110.526458840184119, 29.196750269935535 ], [ -110.515390108426999, 29.197144602710004 ], [ -110.506253934393897, 29.210562979777016 ], [ -110.520808226189928, 29.233531507194932 ], [ -110.532583051127006, 29.245027348679223 ], [ -110.555831368829004, 29.242644350277253 ], [ -110.558489478359292, 29.24491491138901 ], [ -110.560990445530734, 29.245615499459124 ], [ -110.563659984984213, 29.255413378627637 ], [ -110.563284346093738, 29.258468276356872 ], [ -110.561334371807831, 29.261566932079997 ], [ -110.560833256659819, 29.265447501690243 ], [ -110.559511430043685, 29.266440151567302 ], [ -110.559008835643894, 29.268257001056686 ], [ -110.560837661945314, 29.271845002848877 ], [ -110.562980062705833, 29.273368771832153 ], [ -110.567771472590906, 29.279799874430502 ], [ -110.578480177776271, 29.281267976006358 ], [ -110.581566519463706, 29.281303969527368 ], [ -110.583203367305003, 29.280434380131311 ], [ -110.594505597261346, 29.307902942829255 ], [ -110.588652023431877, 29.313815645712431 ], [ -110.584944522884697, 29.324553416126399 ], [ -110.591564958398166, 29.328751664557249 ], [ -110.589303339024156, 29.335978646053714 ], [ -110.591068165906762, 29.336264420923403 ], [ -110.593592499977618, 29.339809446524651 ], [ -110.595483659478546, 29.340301305367525 ], [ -110.598460335706463, 29.354287719131154 ], [ -110.597077149808229, 29.357674716104647 ], [ -110.597963257669548, 29.361181369610446 ], [ -110.599604172250508, 29.363076943388062 ], [ -110.599230598887161, 29.36749393315079 ], [ -110.598224297195344, 29.369724571548751 ], [ -110.602454428524013, 29.375660159269902 ], [ -110.605040282025868, 29.376604599945377 ], [ -110.60668124818126, 29.378211169977327 ], [ -110.608068109635326, 29.378084706618068 ], [ -110.610529230411345, 29.380102398588107 ], [ -110.610154673196689, 29.383322475036017 ], [ -110.616020609138374, 29.385292194130074 ], [ -110.618416405594729, 29.385204907498725 ], [ -110.622078500622749, 29.389283686278176 ], [ -110.626492280900067, 29.389357271070303 ], [ -110.627552433288713, 29.390541362058453 ], [ -110.633288363338764, 29.387729124079328 ], [ -110.643161718341162, 29.38531637471425 ], [ -110.643734972888225, 29.384369798295971 ], [ -110.642734806666937, 29.383949861654376 ], [ -110.644583727186742, 29.380697767764794 ], [ -110.644537717730017, 29.378837938059654 ], [ -110.647715838549686, 29.374272368124792 ], [ -110.648750346848161, 29.370849481476633 ], [ -110.651722867121194, 29.36818328690908 ], [ -110.651916547015688, 29.360539855766632 ], [ -110.650944257707778, 29.35702095211763 ], [ -110.652217215030262, 29.354963269351202 ], [ -110.651003297915366, 29.350409686369797 ], [ -110.653194017859192, 29.343895217461153 ], [ -110.653145284984376, 29.342324622778953 ], [ -110.650804449106829, 29.337556934281132 ], [ -110.650710382373589, 29.334043855699917 ], [ -110.653939601999824, 29.330594165425225 ], [ -110.655376802871459, 29.331182205173786 ], [ -110.657844486537201, 29.328719129993505 ], [ -110.662496629249958, 29.327427408843846 ], [ -110.664281179022822, 29.32417458936019 ], [ -110.666617995643776, 29.322289014552144 ], [ -110.668627101473348, 29.322012862680033 ], [ -110.669985436539406, 29.317269553882394 ], [ -110.670680574495421, 29.316654229021751 ], [ -110.672365967642293, 29.317532962191194 ], [ -110.671830108391703, 29.31426495792272 ], [ -110.672477995283003, 29.311872421957162 ], [ -110.673360098821689, 29.311382265013545 ], [ -110.67410457914319, 29.312296197660789 ], [ -110.674519409045658, 29.315067533044019 ], [ -110.676988393848333, 29.312356166471471 ], [ -110.679733601193462, 29.313944137093337 ], [ -110.680037465037785, 29.315061816223626 ], [ -110.682230224720428, 29.31528251770219 ], [ -110.681111585079975, 29.314118288834614 ], [ -110.680081013740207, 29.310020673805166 ], [ -110.677563069760495, 29.311161503640726 ], [ -110.676823940183169, 29.309627777390624 ], [ -110.677268911672826, 29.308928155779512 ], [ -110.675971271547326, 29.306729648597294 ], [ -110.678096497541048, 29.307487182732746 ], [ -110.678427143451472, 29.305505801578118 ], [ -110.676868358178382, 29.30450399137484 ], [ -110.678254077964226, 29.303769112542117 ], [ -110.677016308831298, 29.301901585351949 ], [ -110.679654059801706, 29.301381383045936 ], [ -110.681026527731447, 29.302175348317935 ], [ -110.682493029738552, 29.299333460347981 ], [ -110.683810263032996, 29.299259255449265 ], [ -110.682448488664619, 29.297225690234708 ], [ -110.685077222244104, 29.297738403250609 ], [ -110.689828777936697, 29.29194212259635 ], [ -110.690823312186438, 29.292940200952362 ], [ -110.689034855377955, 29.296813215765177 ], [ -110.687903604965413, 29.297136597051015 ], [ -110.68649891336247, 29.300102909793736 ], [ -110.682399728863672, 29.302886657728248 ], [ -110.684221754179433, 29.302443776962317 ], [ -110.686846026385538, 29.303493627918883 ], [ -110.688858598902655, 29.302762637260411 ], [ -110.688529224011106, 29.304620083827132 ], [ -110.68771419134896, 29.304614890947793 ], [ -110.68699232418291, 29.30837069651167 ], [ -110.688878184866667, 29.307804190404241 ], [ -110.688980258409288, 29.310532168714879 ], [ -110.689474429802388, 29.311403099339145 ], [ -110.691106365989398, 29.311206854878819 ], [ -110.692696776169754, 29.315886457288677 ], [ -110.692708388301853, 29.314522867765067 ], [ -110.694035999119237, 29.313250257261064 ], [ -110.693992271589778, 29.311018530805132 ], [ -110.695997931927835, 29.311113852804347 ], [ -110.69413593523727, 29.308870635561604 ], [ -110.694783969590276, 29.306395343375268 ], [ -110.696415466161739, 29.306240354197492 ], [ -110.694987496860549, 29.304578409662028 ], [ -110.697633974427902, 29.303024827607295 ], [ -110.695960865434927, 29.300700176660442 ], [ -110.697408740941952, 29.30000681402932 ], [ -110.697232212914784, 29.298642035069861 ], [ -110.69842614238064, 29.298318969360373 ], [ -110.70085401861175, 29.300359066793057 ], [ -110.702238121014034, 29.299789221153517 ], [ -110.702375680555264, 29.29834377001329 ], [ -110.704838671506621, 29.296210368494755 ], [ -110.708724406076684, 29.296358552557152 ], [ -110.70864203214046, 29.29871346503684 ], [ -110.704607578819406, 29.301333005403514 ], [ -110.705710060784213, 29.304439129445392 ], [ -110.708035301056313, 29.303792446766781 ], [ -110.708395921192391, 29.305654233912634 ], [ -110.711659536267078, 29.305261260399448 ], [ -110.70892737960672, 29.30958324011316 ], [ -110.709297354914256, 29.310329356152877 ], [ -110.712006465086574, 29.308775879652867 ], [ -110.715825537081727, 29.30946064554745 ], [ -110.721158274051348, 29.309080178108342 ], [ -110.724643929492771, 29.312200715988364 ], [ -110.727142794363843, 29.313331655533506 ], [ -110.728190135571396, 29.315610791094826 ], [ -110.731707492030111, 29.314888283533936 ], [ -110.733730706101511, 29.312834341407299 ], [ -110.738829088707931, 29.310426920346149 ], [ -110.741524804451046, 29.310484368185936 ], [ -110.744995928916225, 29.331166601820506 ], [ -110.744041010340837, 29.332937811324538 ], [ -110.74742518097321, 29.333247174453732 ], [ -110.747057156673179, 29.332211916836798 ], [ -110.748201468156466, 29.330276515005792 ], [ -110.750567066478794, 29.332480622886621 ], [ -110.753769980493217, 29.3319209712886 ], [ -110.753819925204908, 29.333532863062302 ], [ -110.756825910552251, 29.334087701889359 ], [ -110.757067634085658, 29.335246161882417 ], [ -110.756117455502675, 29.336438962416903 ], [ -110.754174605732942, 29.336262266909163 ], [ -110.753790459894859, 29.337251760922534 ], [ -110.75447345827412, 29.338123557903515 ], [ -110.757970236288457, 29.340086234403838 ], [ -110.758991276909668, 29.337860760383407 ], [ -110.760249163939335, 29.337413548348945 ], [ -110.761744932627963, 29.338620629003238 ], [ -110.759199207918684, 29.343316608037014 ], [ -110.76032360337642, 29.343901690191618 ], [ -110.762211991024685, 29.343044905156546 ], [ -110.764584001232905, 29.344504984474629 ], [ -110.770849253099612, 29.345408949829984 ], [ -110.771284130671845, 29.345948648753833 ], [ -110.770525388290565, 29.346729420892476 ], [ -110.772843515231685, 29.347073323210406 ], [ -110.776320893883508, 29.351638748621976 ], [ -110.777455653707392, 29.350901411683733 ], [ -110.775771988387959, 29.349610789935415 ], [ -110.776284916843679, 29.348167417812061 ], [ -110.777973331006507, 29.348838216555155 ], [ -110.779732415857126, 29.348476322502357 ], [ -110.780306103625037, 29.347281217737326 ], [ -110.78501180085712, 29.347101252588196 ], [ -110.788499756835989, 29.350344086861213 ], [ -110.788939194178099, 29.358569810685065 ], [ -110.791199923225122, 29.35825190509961 ], [ -110.792132735597349, 29.359331519231638 ], [ -110.803861546303153, 29.359603207255457 ], [ -110.819691452422902, 29.365267981525616 ], [ -110.825150717357246, 29.35641286054916 ], [ -110.826913941674363, 29.355471846812847 ], [ -110.830537572865651, 29.357515937117277 ], [ -110.836562931344176, 29.348250112998297 ], [ -110.838191077047412, 29.34863057205035 ], [ -110.844574944746583, 29.341721664464583 ], [ -110.847553418935775, 29.337356883731474 ], [ -110.848078586721513, 29.334012440072772 ], [ -110.88649848141101, 29.328337799630827 ], [ -110.959880226254327, 29.32698189062906 ], [ -110.960919661186523, 29.320870695634596 ], [ -110.971877492114288, 29.323645051869612 ], [ -110.97959484196258, 29.322933783989779 ], [ -110.989301287012054, 29.325329488908171 ], [ -110.99595443239393, 29.3242823084829 ], [ -110.997771148063634, 29.324620265240068 ], [ -111.000581420989192, 29.326739089290371 ], [ -111.008685618710103, 29.324085524171412 ], [ -111.01324974794727, 29.326624260866815 ], [ -111.016949638898666, 29.326638772180697 ], [ -111.018824765432569, 29.32780312671974 ], [ -111.020436116610384, 29.331404476607162 ], [ -111.021560780773555, 29.332193970877601 ], [ -111.025573352044177, 29.332416066996089 ], [ -111.034918322428368, 29.344435248588997 ], [ -111.042119198074829, 29.34681761433475 ], [ -111.043929310710396, 29.348559885052044 ], [ -111.05003711794096, 29.356351027243413 ], [ -111.051581894668843, 29.361026121558215 ], [ -111.053325967719388, 29.363511824015131 ], [ -111.055090308322093, 29.361947967225561 ], [ -111.057156557805783, 29.362740397537465 ], [ -111.058202127546821, 29.366959060335709 ], [ -111.056365151891313, 29.370506338512378 ], [ -111.057672177787225, 29.37261849819058 ], [ -111.056036871766267, 29.373439049112175 ], [ -111.054961666269747, 29.375170699114204 ], [ -111.055016778962241, 29.376699834352401 ], [ -111.053696951404334, 29.377149596251613 ], [ -111.053692614392403, 29.378017352037183 ], [ -111.056314610373121, 29.380671481413209 ], [ -111.057943680546074, 29.381131900221067 ], [ -111.060146839722066, 29.379693525187502 ], [ -111.062278666787208, 29.379990401330218 ], [ -111.062962145571305, 29.381356476597276 ], [ -111.060316720952144, 29.383413151029206 ], [ -111.060059826589068, 29.384610580592408 ], [ -111.061496264214568, 29.3859793576563 ], [ -111.065645195712705, 29.38442386080138 ], [ -111.065941183867906, 29.388061277457307 ], [ -111.061021210267967, 29.393250396262811 ], [ -111.058886043597113, 29.393573325174462 ], [ -111.055608581995585, 29.396454080167182 ], [ -111.050901106528755, 29.396643595448079 ], [ -111.051327483959909, 29.399207130578215 ], [ -111.04267546079835, 29.409877771776827 ], [ -111.031550585510814, 29.412935187494512 ], [ -111.028023094311763, 29.415359711910664 ], [ -111.030521544492231, 29.417683338678088 ], [ -111.0340616508404, 29.424928117153826 ], [ -111.033539739605175, 29.428727810969939 ], [ -111.034084742339843, 29.432572830658895 ], [ -111.031522434730945, 29.442397798714843 ], [ -111.037053840749365, 29.45328636820815 ], [ -111.04135485250201, 29.459418031375169 ], [ -111.039387096398542, 29.46354295261326 ], [ -111.03114510261895, 29.466569747908782 ], [ -111.028698661781405, 29.466064576309989 ], [ -111.024172566760981, 29.466956319867926 ], [ -111.02013731317939, 29.469998555621519 ], [ -111.015934727630508, 29.469073108018307 ], [ -111.013481613386759, 29.469807289530497 ], [ -111.002885131665067, 29.466790060094091 ], [ -111.000870651525872, 29.467691048206412 ], [ -111.000928421171707, 29.468600370927774 ], [ -111.002807562770911, 29.469475678133485 ], [ -111.003180714831885, 29.470138324913993 ], [ -111.002488116490028, 29.470466124635433 ], [ -110.996012779016667, 29.468718160280446 ], [ -111.006846299254534, 29.518471941396832 ], [ -111.049095880371794, 29.508827060932681 ], [ -111.118884094563086, 29.525434700272527 ], [ -111.127823266788567, 29.52486915931815 ], [ -111.138316522224486, 29.53059801473275 ], [ -111.147957505115073, 29.527955257505695 ], [ -111.155591631764267, 29.530467304371072 ], [ -111.166202476071732, 29.531088912312129 ], [ -111.177728765926958, 29.528228925462667 ], [ -111.212616344005653, 29.540371695244673 ], [ -111.218143633926459, 29.54877992015777 ], [ -111.221862099696096, 29.550983033670747 ], [ -111.229355662386595, 29.552836410457445 ], [ -111.248359358159419, 29.555773680207899 ], [ -111.252363685817812, 29.554594206706842 ], [ -111.254781534369826, 29.555350823188075 ], [ -111.257786428003044, 29.554527755829586 ], [ -111.261070754510939, 29.554684434424892 ], [ -111.263931255070048, 29.553206865004853 ], [ -111.267706051329057, 29.552856145055788 ], [ -111.272885738209567, 29.553124930270915 ], [ -111.276204435592746, 29.554514655901727 ], [ -111.280763131236043, 29.555129432191201 ], [ -111.292377262044326, 29.559910183434301 ], [ -111.289312285449924, 29.572091925307493 ], [ -111.389257927988467, 29.629114080393133 ], [ -111.391878766930105, 29.632413536510359 ], [ -111.389235178897408, 29.64137625516744 ], [ -111.387727305478762, 29.659029578180203 ], [ -111.38594192589045, 29.662783415643556 ], [ -111.377139651062137, 29.668464300148724 ], [ -111.376608587488761, 29.671935599447185 ], [ -111.386107055078043, 29.677179768150687 ], [ -111.393889228348826, 29.67983879199431 ], [ -111.395467681039236, 29.677654289857458 ], [ -111.396383930347227, 29.674418828909005 ], [ -111.398362401328896, 29.672963524690402 ], [ -111.400752974585004, 29.67264852961998 ], [ -111.401321606753825, 29.670492731051414 ], [ -111.40412670403191, 29.671400234472692 ], [ -111.40600042798502, 29.670688428430712 ], [ -111.435070879066373, 29.692814990702242 ], [ -111.448603319404313, 29.693330327128997 ], [ -111.450940537858429, 29.691205540531239 ], [ -111.455692859059639, 29.689586944397721 ], [ -111.462775651231297, 29.689875704337791 ], [ -111.470359439479822, 29.685788030108647 ], [ -111.473772044615686, 29.685853512233464 ], [ -111.47940227247004, 29.684043957711513 ], [ -111.48345818962143, 29.684501934662038 ], [ -111.486430429292952, 29.682522590193123 ], [ -111.488251905295215, 29.680082983353188 ], [ -111.492891726127368, 29.678960069485516 ], [ -111.519834307206892, 29.68853960976066 ], [ -111.531476127470015, 29.689940284615208 ], [ -111.530836213465392, 29.708475820619142 ], [ -111.524192419593589, 29.708806147748771 ], [ -111.520683526455315, 29.710617179559257 ], [ -111.513890442930901, 29.737317986399745 ], [ -111.468101253132858, 29.751577096392012 ], [ -111.432900949514561, 29.756892995038385 ], [ -111.43022310472395, 29.764893721611998 ], [ -111.428261117847441, 29.76837083983111 ], [ -111.419265476736669, 29.775876739144021 ], [ -111.416277464995247, 29.783461050370306 ], [ -111.414688480504935, 29.78385226283396 ], [ -111.412740960018922, 29.786505188827288 ], [ -111.407430604948956, 29.816723181441684 ], [ -111.425997062701683, 29.822323724437041 ], [ -111.425329946651374, 29.82416937079353 ], [ -111.422722392037116, 29.828256097033012 ], [ -111.410923192912165, 29.833046317961692 ], [ -111.409626731651301, 29.834677569269967 ], [ -111.409592092113101, 29.836531466899224 ], [ -111.387260062400713, 29.862608661104577 ], [ -111.389921964008195, 29.872533997063762 ], [ -111.388917852445516, 29.875405178311283 ], [ -111.390156832291225, 29.876863940499369 ], [ -111.387864222961056, 29.89764332571206 ], [ -111.38452635971305, 29.906664521515889 ], [ -111.378630994553291, 29.916887661084463 ], [ -111.385879602090455, 29.918838806746333 ], [ -111.397280399742684, 29.918990253460329 ], [ -111.408329857488113, 29.920990422106733 ], [ -111.411049324759546, 29.92803141091693 ], [ -111.462551306535758, 29.987829228006532 ], [ -111.463072912870388, 29.994016822750719 ], [ -111.467476320340836, 29.995927061193274 ], [ -111.474952681800261, 30.003232809242508 ], [ -111.473512024942679, 30.006548571820584 ], [ -111.462229974368313, 30.019136191794434 ], [ -111.458202342984677, 30.020075430164805 ], [ -111.453852668191686, 30.018719754735919 ], [ -111.444326503194617, 30.022285679962131 ], [ -111.433718197993812, 30.019298897367296 ], [ -111.428224181174286, 30.022089607825304 ], [ -111.425416032429368, 30.025708399641609 ], [ -111.423418913246593, 30.026753002430777 ], [ -111.415316178755432, 30.027066837662119 ], [ -111.412695379115945, 30.028458227507983 ], [ -111.408665899593345, 30.033674941052226 ], [ -111.40614975499777, 30.034322624082044 ], [ -111.402459927213982, 30.03385162552733 ], [ -111.392434379899555, 30.029116904849264 ], [ -111.385841517159548, 30.029056924268442 ], [ -111.368620816153935, 30.022813745752615 ], [ -111.358832271144081, 30.016697887381589 ], [ -111.354763249434413, 30.011819142372552 ], [ -111.349297502292174, 30.007768310426311 ], [ -111.34268923958625, 30.004710560651969 ], [ -111.337099962385608, 30.006864085776261 ], [ -111.32960388652711, 30.006949828792145 ], [ -111.32312369833096, 30.005214739066009 ], [ -111.313086557884532, 30.00447302942753 ], [ -111.288058178415099, 29.997775622933528 ], [ -111.283231360056377, 29.991240037106188 ], [ -111.275739179713682, 29.976761965631034 ], [ -111.267994363198085, 29.965344473495531 ], [ -111.262788283701909, 29.962448243225118 ], [ -111.260756279249762, 29.962613412866901 ], [ -111.254016342364636, 29.98478431392547 ], [ -111.251219001845001, 29.991154048160933 ], [ -111.249312596175528, 29.993139165345262 ], [ -111.24842172972177, 29.996613672979812 ], [ -111.24778119233099, 30.007947715588873 ], [ -111.243453772360922, 30.02267273253581 ], [ -111.238493484490945, 30.030530706528459 ], [ -111.230736409534686, 30.03830473594045 ], [ -111.219419038526652, 30.046324903468573 ], [ -111.206957483801844, 30.052440654844293 ], [ -111.183561183398837, 30.059374971035819 ], [ -111.182134260716211, 30.084772274299585 ], [ -111.169802880218853, 30.08277699535466 ], [ -111.149479580905549, 30.06844596940045 ], [ -111.093767231553173, 30.082443165685987 ], [ -111.037689213961599, 30.084171907179048 ], [ -111.031934410060913, 30.096653567827722 ], [ -111.037726361561624, 30.119084411429601 ], [ -111.037563728255307, 30.132817388912649 ], [ -111.019367650917545, 30.134354495366701 ], [ -111.015941361578015, 30.131286635490511 ], [ -111.007169879183124, 30.129117747410106 ], [ -110.994589790228005, 30.124540876104707 ], [ -110.986958303667933, 30.12427590793996 ], [ -110.972452246285428, 30.125731949903219 ], [ -110.970398900077711, 30.131270088813643 ], [ -110.971787238913606, 30.134665303918844 ], [ -110.971527701833324, 30.136236576773495 ], [ -110.970378416878347, 30.13755756620824 ], [ -110.968726713129627, 30.136891824249325 ], [ -110.967706507340566, 30.137633981649742 ], [ -110.961827507803804, 30.145644755539234 ], [ -110.961688650378875, 30.149119098480497 ], [ -110.960664656181834, 30.150936686239003 ], [ -110.962431072371373, 30.155408401859226 ], [ -110.962550032136008, 30.157890598826771 ], [ -110.963438281983102, 30.158637311629729 ], [ -110.966365802318037, 30.158396131293998 ], [ -110.966744546014141, 30.159307066770157 ], [ -110.966213976926284, 30.165841492374462 ], [ -110.961988487344726, 30.173607983843588 ], [ -110.961977788562422, 30.176807025740402 ], [ -110.95069506859609, 30.177537740624658 ], [ -110.901668663629835, 30.15417591436146 ], [ -110.87343741558503, 30.167496819122682 ], [ -110.869106920056254, 30.168094561689006 ], [ -110.866580344914411, 30.171718618899867 ], [ -110.86523539789907, 30.178677997077184 ], [ -110.862823976078147, 30.18280022682168 ], [ -110.858354910902804, 30.184299438708418 ], [ -110.852690740852324, 30.191032335809041 ], [ -110.84045482519177, 30.199358192170649 ], [ -110.839941193533676, 30.200577036242301 ], [ -110.841605636950888, 30.204587979793882 ], [ -110.835865983803771, 30.215849762174276 ], [ -110.835466346269769, 30.217649222532948 ], [ -110.836281308183374, 30.220725361199516 ], [ -110.835346549722601, 30.225061347595087 ], [ -110.831188164897071, 30.230113359834043 ], [ -110.830110916888287, 30.235598157997057 ], [ -110.827730079359441, 30.23766077998793 ], [ -110.827243220076568, 30.244813380426166 ], [ -110.831985877217164, 30.249504408627168 ], [ -110.831896465273431, 30.255022294707739 ], [ -110.833338477847548, 30.257542622398375 ], [ -110.832863925028576, 30.263954015810931 ], [ -110.829205862005637, 30.268528333517207 ], [ -110.829579623371075, 30.275956950491675 ], [ -110.8371731346448, 30.280248806193814 ], [ -110.835521918524179, 30.282995191442321 ], [ -110.834726058779481, 30.286346989893662 ], [ -110.83431011069986, 30.289134693683859 ], [ -110.835000735401934, 30.292289030068439 ], [ -110.834299000664402, 30.297456786558524 ], [ -110.829915775669917, 30.300935659029879 ], [ -110.825841030721506, 30.300634301088188 ], [ -110.822060396883714, 30.305039532619496 ], [ -110.814408943023523, 30.304205748186039 ], [ -110.81267096815165, 30.304641720918056 ], [ -110.806628745307478, 30.311195286248569 ], [ -110.80126214539311, 30.314228117149248 ], [ -110.800113201119402, 30.316414210935918 ], [ -110.802698596023959, 30.324576672496505 ], [ -110.805111932004053, 30.328201216531394 ], [ -110.805967619753062, 30.33630531608312 ], [ -110.803316068928794, 30.347092917927004 ], [ -110.806168783258869, 30.354110637900444 ], [ -110.81245469350317, 30.355475693999647 ], [ -110.814072645301962, 30.354870867336324 ], [ -110.816167532761881, 30.355353244722306 ], [ -110.821910739333944, 30.359666016332387 ], [ -110.828146707812877, 30.371740609316216 ], [ -110.833730878177562, 30.370691503364153 ], [ -110.835685218236108, 30.372240048178867 ], [ -110.839282999810678, 30.371618680828 ], [ -110.850366421093426, 30.374790012193358 ], [ -110.848393812967856, 30.397466434044397 ], [ -110.872795339130846, 30.419453698058685 ], [ -110.856939498993654, 30.427991226049315 ], [ -110.850997006030269, 30.428040692442522 ], [ -110.846378305551241, 30.430441181713501 ], [ -110.840468907423258, 30.436094390720744 ], [ -110.836160723503994, 30.442212841487439 ], [ -110.837936802131154, 30.447216080564907 ], [ -110.837143667395679, 30.450320742651492 ], [ -110.830734840621602, 30.456121663767814 ], [ -110.822372006617812, 30.460208854765582 ], [ -110.814846501976689, 30.468627240534033 ], [ -110.845819950204969, 30.46645053109933 ], [ -110.884105845094538, 30.474132206898609 ], [ -110.891800842806376, 30.473730365630196 ], [ -110.894794975841251, 30.472708873500423 ], [ -110.905601365706673, 30.472913693062683 ], [ -110.908911720370952, 30.472144680232621 ], [ -110.913359027706306, 30.472636283344226 ], [ -110.917379412122145, 30.469993555210969 ], [ -110.920749321303731, 30.469892634106628 ], [ -110.924113284511137, 30.470835286301956 ], [ -110.926938490132216, 30.477117721506659 ], [ -110.930165976010798, 30.479770898566446 ], [ -110.939183150739609, 30.481755310004225 ], [ -110.947430916015179, 30.484986154000278 ], [ -110.942509745820075, 30.522767986120918 ], [ -110.966008023912991, 30.555334119122904 ], [ -111.007134660059847, 30.576817011660246 ], [ -111.043581702998594, 30.60965438372244 ], [ -111.03739652139943, 30.611828127839406 ], [ -111.042356778256263, 30.613069943715658 ], [ -111.045452667794663, 30.618391119293353 ], [ -111.047064645531648, 30.628169865223949 ], [ -111.049407105643581, 30.631231924707272 ], [ -111.049189338165476, 30.637283814879765 ], [ -111.05541392394467, 30.640996001421865 ], [ -111.06382028474961, 30.640964026759093 ], [ -111.068910081270118, 30.64212210774755 ], [ -111.081935549567845, 30.649422462204782 ], [ -111.102602330335031, 30.657726167802139 ], [ -111.111813230998422, 30.66429162614719 ], [ -111.114993876825011, 30.665436940654615 ], [ -111.125821481780108, 30.665790433896234 ], [ -111.129018257202517, 30.662510414304368 ], [ -111.130493285695977, 30.659721670079584 ], [ -111.133490474959999, 30.65873645960221 ], [ -111.137835255567225, 30.654878155542924 ], [ -111.152652617004335, 30.661722035517322 ], [ -111.15225810914707, 30.66539354418013 ], [ -111.14982784088285, 30.668260834745709 ], [ -111.149502980870622, 30.670137636412424 ], [ -111.152611877067827, 30.673869879297001 ], [ -111.154951953149947, 30.67897551348468 ], [ -111.158192339348417, 30.681622931173649 ], [ -111.158053221059276, 30.685170577864533 ], [ -111.160154590984419, 30.685515805754541 ], [ -111.159051739564305, 30.691521290138077 ], [ -111.16043366333183, 30.697581818364309 ], [ -111.162272554665307, 30.700346854750624 ], [ -111.160803423698383, 30.701424398704187 ], [ -111.163861660388633, 30.701565944731222 ], [ -111.164175813984585, 30.702945222725187 ], [ -111.163153948018163, 30.703649460081596 ], [ -111.165311792100425, 30.706374401861233 ], [ -111.168623494117128, 30.707018127045782 ], [ -111.16944741108189, 30.708441828409725 ], [ -111.220171198254548, 30.713401834896608 ], [ -111.22477561060299, 30.742482981180473 ], [ -111.228353341707873, 30.752505957080839 ], [ -111.222610492990512, 30.754500632701461 ], [ -111.21788780888518, 30.754256709385572 ], [ -111.212910457168562, 30.756167345509542 ], [ -111.2218483141192, 30.764528070118399 ], [ -111.233090462591889, 30.782912311932723 ], [ -111.212537890146919, 30.794699862941918 ], [ -111.224543919758631, 30.802477392224453 ], [ -111.224290175529561, 30.806703739946826 ], [ -111.227486658695653, 30.815649784760488 ], [ -111.226083699041126, 30.820374511592735 ], [ -111.222251950695892, 30.820378428106228 ], [ -111.218165900522152, 30.82386277894599 ], [ -111.212804859179016, 30.836960440316968 ], [ -111.209484297093908, 30.840526658237504 ], [ -111.221882936387544, 30.858661982488726 ], [ -111.220478734621551, 30.862392257090239 ], [ -111.213709571352254, 30.87358541630832 ], [ -111.207067996690398, 30.890909990337168 ], [ -111.204257884897501, 30.900856072716234 ], [ -111.203492246521321, 30.908231567669358 ], [ -111.204643502204178, 30.911710819592642 ], [ -111.204516543090861, 30.916268402988358 ], [ -111.2005541536181, 30.922983714449288 ], [ -111.194289533623632, 30.929535025252672 ], [ -111.193650409560888, 30.93227000939147 ], [ -111.194417997756318, 30.936081093964408 ], [ -111.197999261296914, 30.94121568738365 ], [ -111.19966254761033, 30.946517522315901 ], [ -111.204394993872569, 30.94866790224475 ], [ -111.215905916950533, 30.949734540640119 ], [ -111.218208846320962, 30.95205245491735 ], [ -111.217827095330719, 30.957853208667775 ], [ -111.218722705847938, 30.958598091891638 ], [ -111.221152537781805, 30.957435599250672 ], [ -111.222687902138418, 30.9586769859384 ], [ -111.222818643242803, 30.965968749207313 ], [ -111.224610039976341, 30.967292712436347 ], [ -111.227298238637445, 30.971598754149586 ], [ -111.227298997123611, 30.973338861898679 ], [ -111.224739620594775, 30.971352834394256 ], [ -111.223204514543724, 30.971354410339732 ], [ -111.221671471918299, 30.976824878394012 ], [ -111.232173682752219, 31.00084385947947 ], [ -111.232945343970172, 31.008632031683479 ], [ -111.236018503739984, 31.011943093984655 ], [ -111.240504291563084, 31.023207174793484 ], [ -111.245497958836566, 31.026184318769857 ], [ -111.249350366886901, 31.044740615303251 ], [ -111.242191604586765, 31.062398634494311 ], [ -111.242064645916543, 31.064221727254697 ], [ -111.244627082981253, 31.06653881206341 ], [ -111.242987221739227, 31.073974298113246 ], [ -111.241198557776087, 31.076546134652929 ], [ -111.240572746194033, 31.081515869615707 ], [ -111.242513177532842, 31.086147173497075 ], [ -111.250126163274103, 31.097965747657945 ], [ -111.253362953119392, 31.106070694888313 ], [ -111.244781516976644, 31.100067584343417 ], [ -111.240540043649702, 31.098764231401805 ], [ -111.237188511893251, 31.096299727791088 ], [ -111.224580202989031, 31.071312848966929 ], [ -111.215084616787948, 31.070196645640603 ], [ -111.211737463093343, 31.068144689108586 ], [ -111.204772121226057, 31.061727508006609 ], [ -111.199858286590626, 31.055218801391977 ], [ -111.193351525793801, 31.06012186063132 ], [ -111.192979581574249, 31.062106933951636 ], [ -111.188525451708557, 31.067331913141416 ], [ -111.181749459688945, 31.070417220139774 ], [ -111.174599628624648, 31.075321897858078 ], [ -111.164532014119885, 31.085526961451396 ], [ -111.15568082380544, 31.085065068601978 ], [ -111.150817736996643, 31.086736437872258 ], [ -111.148392976818357, 31.088729093656827 ], [ -111.138004136464716, 31.088519686433497 ], [ -111.133878559206551, 31.084732969882488 ], [ -111.133216447373968, 31.081098881985397 ], [ -111.113582655546722, 31.078523972238482 ], [ -111.089167587238819, 31.068771545078935 ], [ -111.086959637301163, 31.063406686427175 ], [ -111.083345210159138, 31.058707541257238 ], [ -111.073577430044836, 31.053945296326741 ], [ -111.070227974346992, 31.050732601260755 ], [ -111.069062086667586, 31.048339470736806 ], [ -111.044315012763192, 31.046927016915653 ], [ -111.041338249337016, 31.040985088893677 ], [ -111.040269359790216, 31.031896917032711 ], [ -111.036005099608218, 31.024553577148929 ], [ -110.988777515010014, 31.039144327787909 ], [ -110.970948588684493, 31.036047280479437 ], [ -110.926760282475669, 31.044574733478839 ], [ -110.905077584876963, 31.038666345031739 ], [ -110.897772245590446, 31.038845054335113 ], [ -110.893547886424798, 31.040505575344284 ], [ -110.883158893462451, 31.038374760243812 ], [ -110.874969708540092, 31.042933994751621 ], [ -110.865877310724215, 31.045758518734413 ], [ -110.85161788226516, 31.034705217908975 ], [ -110.846885479480477, 31.038265838369316 ], [ -110.838687066215542, 31.040012763530299 ], [ -110.833945022032339, 31.040184372847193 ], [ -110.826121491892394, 31.038293519590979 ], [ -110.818310892623856, 31.041526314178075 ], [ -110.805611544323014, 31.037325814463617 ], [ -110.79305184158072, 31.037834824853817 ], [ -110.785111648151926, 31.04090043930028 ], [ -110.774074618761816, 31.033967921389298 ], [ -110.771119457615129, 31.030251273013711 ], [ -110.767019238004309, 31.030750482027031 ], [ -110.757178922765974, 31.046212935319765 ], [ -110.744491041222901, 31.047543771496553 ], [ -110.740906514197277, 31.050355935725307 ], [ -110.738542895201618, 31.05395369911853 ], [ -110.72605802890206, 31.058158805643611 ], [ -110.718749738441545, 31.057860103517182 ], [ -110.710043800190547, 31.059388221272201 ], [ -110.703499034146432, 31.058257539549238 ], [ -110.699661406996981, 31.059432861598747 ], [ -110.684873426340403, 31.05212759932364 ], [ -110.679747770872353, 31.052314305871384 ], [ -110.67807154813525, 31.050748361254076 ], [ -110.645724181144843, 31.042681529976736 ], [ -110.635740379432178, 31.04478900096079 ], [ -110.62623494590305, 31.041099372249096 ], [ -110.619390791068795, 31.032101507453039 ], [ -110.61814130703749, 31.037652270685946 ], [ -110.597720415919028, 31.006434185759609 ], [ -110.593001409221202, 31.010258358664917 ], [ -110.592506686414168, 31.013488457138006 ], [ -110.591097867632215, 31.013576067546907 ], [ -110.588811186241458, 31.017143388404062 ], [ -110.585872042027418, 31.018560612119934 ], [ -110.583331023726458, 31.02254258527622 ], [ -110.581926961842157, 31.023540648771814 ], [ -110.579740345364272, 31.021975154188326 ], [ -110.578846112452595, 31.022474807960037 ], [ -110.58027237915519, 31.02561566188103 ], [ -110.580030752808071, 31.028348179001977 ], [ -110.578618609110578, 31.027856207700641 ], [ -110.576836623513515, 31.03009715518337 ], [ -110.570686012140797, 31.030117373517008 ], [ -110.567872178494227, 31.031119872673134 ], [ -110.568247061911094, 31.029297520174492 ], [ -110.566825459444544, 31.0269843140895 ], [ -110.565684329831882, 31.029305809742667 ], [ -110.563627703849633, 31.028070741709467 ], [ -110.561947400283671, 31.025261639453316 ], [ -110.562228066986023, 31.02997914007835 ], [ -110.563907171167003, 31.032539905024741 ], [ -110.557893036088387, 31.03421464930997 ], [ -110.555070512457462, 31.033561318067619 ], [ -110.551871987301695, 31.03456467256682 ], [ -110.551351876390498, 31.033076275862207 ], [ -110.554409575279948, 31.029590011730324 ], [ -110.553499998802735, 31.027109497942931 ], [ -110.547197789468441, 31.022410683222265 ], [ -110.544654242199243, 31.026226321489112 ], [ -110.541561423742337, 31.022676270095065 ], [ -110.538741802787428, 31.022519249919206 ], [ -110.533626394906761, 31.024521268809139 ], [ -110.531201157464565, 31.026432373667497 ], [ -110.525438765219903, 31.027194296530755 ], [ -110.514589987810211, 31.036331061126919 ], [ -110.512922554116869, 31.036004652652032 ], [ -110.508442437102076, 31.037093302948122 ], [ -110.504911478603489, 31.049602559134428 ], [ -110.502875932040141, 31.052919260528846 ], [ -110.496244590146091, 31.060387226778364 ], [ -110.46534221240961, 31.08852788508846 ], [ -110.462672572941059, 31.094080423410738 ], [ -110.433548473823464, 31.123119259654693 ], [ -110.402171000666243, 31.13651094406471 ], [ -110.394223639087286, 31.138264412037788 ], [ -110.384873078987908, 31.142503187242049 ], [ -110.37512755051921, 31.143844821710385 ], [ -110.366550265000484, 31.14965362736962 ], [ -110.355529217883245, 31.153810219802764 ], [ -110.352229849289415, 31.16614880340278 ], [ -110.351094721210814, 31.172855293080016 ], [ -110.35161388458063, 31.174841080624187 ], [ -110.375763708502063, 31.182251289991115 ], [ -110.378469535892904, 31.185557571447369 ], [ -110.382450378304398, 31.18621274338863 ], [ -110.381946454360659, 31.189110754078268 ], [ -110.386196494969496, 31.193490195782772 ], [ -110.386201971638911, 31.195145679301469 ], [ -110.384407145520171, 31.195811108968176 ], [ -110.380541874644635, 31.191348156384393 ], [ -110.373857297478139, 31.18813157052185 ], [ -110.371674601397771, 31.187886967751233 ], [ -110.36927408634665, 31.200058862150623 ], [ -110.370181466079757, 31.202871667044828 ], [ -110.374162443081133, 31.203361554633325 ], [ -110.378781834313614, 31.202774136646777 ], [ -110.379425815122545, 31.203435204364428 ], [ -110.373148874670832, 31.207584779307894 ], [ -110.370340754474086, 31.212721539624802 ], [ -110.368164209820492, 31.214628988415498 ], [ -110.363158522663426, 31.215051094780531 ], [ -110.348384029062785, 31.211514987185677 ], [ -110.344407840319676, 31.212762544013579 ], [ -110.343002732594485, 31.215247831849581 ], [ -110.343269418272101, 31.218723939963873 ], [ -110.34571666383863, 31.221451853513912 ], [ -110.347399663636793, 31.22625021558466 ], [ -110.345350751857396, 31.228157070907642 ], [ -110.342528510172684, 31.229071741708751 ], [ -110.344214789982203, 31.235028965024526 ], [ -110.343469813127399, 31.243969602829846 ], [ -110.345819721993095, 31.257292651667722 ], [ -110.340836436079897, 31.266487776503855 ], [ -110.34046156006562, 31.270213107460538 ], [ -110.341627509699165, 31.27368789244402 ], [ -110.340486712736421, 31.279152559068368 ], [ -110.343599907455214, 31.289660206259562 ], [ -110.342327711308144, 31.294131792698998 ], [ -110.337975155513476, 31.299932124322154 ], [ -110.337616795319931, 31.309699799271915 ], [ -110.338664042672221, 31.31656843549445 ], [ -110.336120117258318, 31.326173615270466 ], [ -110.3320234315904, 31.332221648227826 ], [ -110.196402241679593, 31.333274137543054 ], [ -110.197226516598306, 31.329633916244521 ] ] ] } },
{ "type": "Feature", "properties": { "ID": 538.0, "ENTIDAD": 26, "DISTRITO_L": 19, "TIPO": 0, "CONTROL": 0.0, "GEOMETRY1_": null }, "geometry": { "type": "Polygon", "coordinates": [ [ [ -109.298339695555654, 27.29732722919627 ], [ -109.294248145505051, 27.29709300146104 ], [ -109.291034112151408, 27.299179463762645 ], [ -109.283323315812311, 27.293064959720727 ], [ -109.281700629457774, 27.290331738386552 ], [ -109.279088873782314, 27.288182939492032 ], [ -109.275861593294962, 27.28703220131705 ], [ -109.275631772385381, 27.280252181333587 ], [ -109.273289270173777, 27.275521857094787 ], [ -109.270204872696027, 27.273419225187354 ], [ -109.26736962318391, 27.267775375245989 ], [ -109.264902144982898, 27.266422902556723 ], [ -109.261940200653868, 27.266382544172988 ], [ -109.259596123243085, 27.265196525489767 ], [ -109.262561283402476, 27.260291107114615 ], [ -109.258864159163139, 27.252821864964435 ], [ -109.257634062709698, 27.247199744165258 ], [ -109.25072489235491, 27.246033581859049 ], [ -109.235178000030828, 27.245489842365046 ], [ -109.240951158318609, 27.231714376651325 ], [ -109.220145046714322, 27.225250675339741 ], [ -109.18536465359324, 27.218415038976342 ], [ -109.171553009731852, 27.215333633664276 ], [ -109.16995100181903, 27.214239187964456 ], [ -109.178714252389355, 27.210489844285572 ], [ -109.183039012048752, 27.204863598473654 ], [ -109.190565029766191, 27.203239096686175 ], [ -109.191924148627606, 27.201362400193588 ], [ -109.18909307750333, 27.196871186912677 ], [ -109.186506096262974, 27.194526555736203 ], [ -109.187003577627124, 27.191318826347363 ], [ -109.192925811922265, 27.189341740024233 ], [ -109.20242174338334, 27.189557798296303 ], [ -109.206987365113747, 27.187313761981624 ], [ -109.213278437829388, 27.185917974058572 ], [ -109.219692361908912, 27.184853330769933 ], [ -109.223144969983309, 27.185313481213608 ], [ -109.226741556110852, 27.163601551875193 ], [ -109.240680747308645, 27.155798135774674 ], [ -109.24635600676551, 27.150682873212951 ], [ -109.264451497198692, 27.141062851968289 ], [ -109.259680277460063, 27.135779834757745 ], [ -109.258942907861964, 27.132142767598424 ], [ -109.254880193382988, 27.124338739324354 ], [ -109.245406129407982, 27.101292968110194 ], [ -109.241008642386234, 27.049382527446774 ], [ -109.244829078688184, 27.046549734159118 ], [ -109.248894571016066, 27.045368844728205 ], [ -109.254932104365253, 27.041906574789522 ], [ -109.25887374725059, 27.041465600592407 ], [ -109.267745292216929, 27.034496597554849 ], [ -109.272671704318768, 27.034563144565222 ], [ -109.27747410495644, 27.036771132692305 ], [ -109.28092159709712, 27.039702673840271 ], [ -109.283385369586512, 27.038499238861451 ], [ -109.282894002401207, 27.034865552329435 ], [ -109.285727725412158, 27.031853478066083 ], [ -109.28523692577636, 27.026323810787762 ], [ -109.285977143949935, 27.022294452038093 ], [ -109.284623533314331, 27.019226245311266 ], [ -109.277729198875178, 27.014682240718834 ], [ -109.27539091134318, 27.011353409113969 ], [ -109.274284005701873, 27.008206003907318 ], [ -109.263455255665875, 26.99470540928677 ], [ -109.258531829354453, 26.992412923432905 ], [ -109.254961107430617, 26.993106297417224 ], [ -109.252005369001139, 26.994714731048692 ], [ -109.244128997300038, 26.990155778157892 ], [ -109.244253107072026, 26.988673676245316 ], [ -109.249549931136599, 26.983717566503906 ], [ -109.250290787764243, 26.980100586170302 ], [ -109.25349128689183, 26.980309046279366 ], [ -109.255830701293974, 26.979434095294497 ], [ -109.25226392527837, 26.974192225156088 ], [ -109.250914288237013, 26.966919655869429 ], [ -109.253991708869378, 26.966466947721006 ], [ -109.25581494369969, 26.968413429233696 ], [ -109.267915806663055, 26.974912285899009 ], [ -109.273515429625945, 26.976617501135774 ], [ -109.277693110614535, 26.975752172635978 ], [ -109.282653389592653, 26.9762709268261 ], [ -109.289315750791118, 26.97370269607168 ], [ -109.290546429572316, 26.974790779420818 ], [ -109.296085802553776, 26.97478216359961 ], [ -109.299532153952896, 26.976888858468403 ], [ -109.306179715260427, 26.975493164722842 ], [ -109.315658187371753, 26.979245456319838 ], [ -109.319720588638845, 26.982101703990388 ], [ -109.323167567836123, 26.98198208709314 ], [ -109.326737835720294, 26.984996555781713 ], [ -109.33030798628414, 26.984548636167123 ], [ -109.333139313881404, 26.98285445048743 ], [ -109.349636038028251, 26.983645752357873 ], [ -109.362811376869459, 26.990492836563387 ], [ -109.366752413927657, 26.993593526006027 ], [ -109.370815479480328, 26.993727952748436 ], [ -109.374263728803669, 26.995503154524648 ], [ -109.377957842887568, 26.996292164248167 ], [ -109.381652855713824, 26.998647389757668 ], [ -109.385101061891916, 26.999762839375723 ], [ -109.387318559884619, 27.001769429688352 ], [ -109.393599631183051, 27.003909774579128 ], [ -109.397790901289596, 27.010887332443588 ], [ -109.399143433051449, 27.007936624510933 ], [ -109.40185062711474, 27.005332675676289 ], [ -109.406161847340613, 27.007282834515337 ], [ -109.431772682728351, 27.005210809909673 ], [ -109.437220946427487, 27.034873189193654 ], [ -109.437357277794277, 27.047900014147537 ], [ -109.439558973743175, 27.047708492550285 ], [ -109.439517380453623, 27.04631963393922 ], [ -109.442558412705353, 27.046271660743791 ], [ -109.442658915980658, 27.047856564459668 ], [ -109.444211713117681, 27.047843774553577 ], [ -109.443904754151419, 27.041059321586722 ], [ -109.468485580797548, 27.041243211206023 ], [ -109.468034906939153, 27.06270357460458 ], [ -109.468742767878183, 27.064102520882702 ], [ -109.472486405654422, 27.065287639833155 ], [ -109.472310117334445, 27.061650553289748 ], [ -109.47924884540646, 27.061950148338909 ], [ -109.486783626164467, 27.065433997282174 ], [ -109.484094568130786, 27.069625187532001 ], [ -109.482892860222464, 27.070094109863973 ], [ -109.484325898615921, 27.070859300080937 ], [ -109.486841101948059, 27.07695911722865 ], [ -109.486186795283885, 27.081551098719537 ], [ -109.491249810325598, 27.088948698426204 ], [ -109.48558947846378, 27.094816485384193 ], [ -109.484117297771505, 27.099580229310526 ], [ -109.477351191715201, 27.108731880995375 ], [ -109.475501942092578, 27.108379825499917 ], [ -109.473774024233876, 27.106545332842586 ], [ -109.463788554304912, 27.104693168352973 ], [ -109.446780869049363, 27.105062549424584 ], [ -109.434825248346669, 27.104338268071384 ], [ -109.427685033271217, 27.113317893535996 ], [ -109.448280911404453, 27.124700973228411 ], [ -109.436970806454156, 27.126606010731134 ], [ -109.444405554416178, 27.13428217573394 ], [ -109.447063772419298, 27.139442236738365 ], [ -109.452654596282329, 27.178833075188233 ], [ -109.444021280078005, 27.178479748673006 ], [ -109.430329781258834, 27.1760023190845 ], [ -109.403197302300114, 27.17393189567694 ], [ -109.400485407065162, 27.175793710548273 ], [ -109.389386258295474, 27.175488322184261 ], [ -109.385562950146564, 27.17478023470569 ], [ -109.385190470208812, 27.169582086323299 ], [ -109.377790721562832, 27.167509268565915 ], [ -109.371996152610251, 27.170485178880327 ], [ -109.366570716383109, 27.171816894909945 ], [ -109.358679942097041, 27.177732896267873 ], [ -109.35596767640773, 27.181489805844105 ], [ -109.354489453728277, 27.189796522416934 ], [ -109.355476643293599, 27.192199896125963 ], [ -109.35313453723856, 27.199258882286202 ], [ -109.359302804858359, 27.203295557155563 ], [ -109.362881075515986, 27.207381024909402 ], [ -109.362882088786407, 27.211173007677129 ], [ -109.358071371821239, 27.212512249880511 ], [ -109.354741133142753, 27.215107022580391 ], [ -109.352892076514991, 27.223161561023545 ], [ -109.351535371328595, 27.225616964002811 ], [ -109.335373370482202, 27.229940014578936 ], [ -109.319455796540339, 27.243002261443156 ], [ -109.320812778036696, 27.24565803998307 ], [ -109.324144178130183, 27.248504721092232 ], [ -109.326611883340178, 27.251999418087202 ], [ -109.327969113596268, 27.254984867587176 ], [ -109.328338973238658, 27.26043029915111 ], [ -109.331053884525858, 27.264010610926128 ], [ -109.334262674854884, 27.266031130203245 ], [ -109.335003139269745, 27.270162484307622 ], [ -109.329202033887768, 27.273548455757137 ], [ -109.318093092915092, 27.27694644351644 ], [ -109.317843821043979, 27.290874196202171 ], [ -109.314135457212473, 27.314070853176446 ], [ -109.307516280823336, 27.326592080433858 ], [ -109.302528133275572, 27.319970489295216 ], [ -109.299794878937078, 27.318652454111074 ], [ -109.297439649826671, 27.318743968749789 ], [ -109.297529208027967, 27.310692847878467 ], [ -109.298508865057883, 27.307867373591954 ], [ -109.304426086077655, 27.300209984289872 ], [ -109.300578029904571, 27.298979064786234 ], [ -109.298339695555654, 27.29732722919627 ] ] ] } },
{ "type": "Feature", "properties": { "ID": 539.0, "ENTIDAD": 26, "DISTRITO_L": 20, "TIPO": 0, "CONTROL": 0.0, "GEOMETRY1_": null }, "geometry": { "type": "Polygon", "coordinates": [ [ [ -109.748044701066604, 27.380823437151882 ], [ -109.722554564746673, 27.373924467912467 ], [ -109.718857560990898, 27.377020354290057 ], [ -109.713662314832106, 27.378963819174093 ], [ -109.710924368271833, 27.37790262179184 ], [ -109.709297067940994, 27.376087019705462 ], [ -109.703338345943394, 27.375627765025659 ], [ -109.697495276419886, 27.374088371964341 ], [ -109.697228938051992, 27.371765787915251 ], [ -109.702365807615763, 27.362435328600267 ], [ -109.702589647046963, 27.359362465373092 ], [ -109.689682472058664, 27.358532554423643 ], [ -109.68508279206327, 27.357233750218331 ], [ -109.682858466129858, 27.35832703408504 ], [ -109.676767908701862, 27.356705380802989 ], [ -109.674399180874417, 27.355143109368157 ], [ -109.664354969124375, 27.355537990170518 ], [ -109.66112384600703, 27.354727952715827 ], [ -109.653270804901169, 27.349546792645707 ], [ -109.650160889199569, 27.348320718914351 ], [ -109.641229856966646, 27.348209084756036 ], [ -109.629923157838121, 27.345454811391061 ], [ -109.626565595556116, 27.344229707551118 ], [ -109.612365542768913, 27.335597639881421 ], [ -109.603631289607961, 27.328011746781943 ], [ -109.599664416253432, 27.328200698881901 ], [ -109.573075307322668, 27.338893446275243 ], [ -109.565394868836151, 27.340181141962059 ], [ -109.559808233600421, 27.339298779291678 ], [ -109.558159890578935, 27.333829352333563 ], [ -109.544269640621522, 27.333655595792379 ], [ -109.538555264660644, 27.332109040721193 ], [ -109.525620677338424, 27.326117941264904 ], [ -109.507496856710475, 27.322891492977398 ], [ -109.499418209622092, 27.319778350144706 ], [ -109.495464150830458, 27.322039405743098 ], [ -109.492367890847703, 27.322635960024282 ], [ -109.48600475423315, 27.316027277019611 ], [ -109.483393213863124, 27.314712130460997 ], [ -109.480805319671703, 27.317381033158945 ], [ -109.478970531861464, 27.321623275895675 ], [ -109.479492459662126, 27.326019938448532 ], [ -109.478528390126058, 27.330755901096666 ], [ -109.475697829702469, 27.334421917396899 ], [ -109.473595111233237, 27.33534520058819 ], [ -109.468487342876301, 27.331302755246266 ], [ -109.465611856080116, 27.327249422751475 ], [ -109.459838189544612, 27.315075530444435 ], [ -109.462491696396256, 27.302197244151007 ], [ -109.462465395408373, 27.297632152195238 ], [ -109.460216922521326, 27.294654780426445 ], [ -109.456261622131237, 27.296665733924431 ], [ -109.44833797772921, 27.298446250889214 ], [ -109.444368865082339, 27.298049818417596 ], [ -109.440506192051345, 27.294498657120066 ], [ -109.437648731538843, 27.293349847937893 ], [ -109.436177316394293, 27.296261750216416 ], [ -109.433206860053218, 27.297105443361332 ], [ -109.430347145101592, 27.295541481600701 ], [ -109.427747190459826, 27.296134356090985 ], [ -109.422190118060357, 27.300060652332427 ], [ -109.417859872687174, 27.301657154507811 ], [ -109.413267890558629, 27.300681610479696 ], [ -109.408911207218026, 27.297297819523003 ], [ -109.40603876302275, 27.293243370729197 ], [ -109.402054441578656, 27.289857748797417 ], [ -109.395460619663808, 27.285155300342375 ], [ -109.385518881095223, 27.280051841194755 ], [ -109.377184219105928, 27.273944963590363 ], [ -109.373099418271863, 27.274958064811436 ], [ -109.374860549046232, 27.280179785450827 ], [ -109.37780920246891, 27.299755695824782 ], [ -109.376834507133381, 27.303162816315492 ], [ -109.374864699774776, 27.305910069360699 ], [ -109.372621364630263, 27.303512378483621 ], [ -109.36441904748385, 27.29931317201105 ], [ -109.360928447946861, 27.29526040371664 ], [ -109.350147546416338, 27.29596789200011 ], [ -109.351307429168273, 27.30525925786813 ], [ -109.352685314758133, 27.308241741292843 ], [ -109.355177828172216, 27.31097073216014 ], [ -109.355076129497348, 27.315619142955995 ], [ -109.358065979942921, 27.318595090122344 ], [ -109.359823364491774, 27.32306998215935 ], [ -109.358346328944208, 27.325316960410991 ], [ -109.358258296705728, 27.332787312518075 ], [ -109.361613438883481, 27.33426772807719 ], [ -109.363608301470009, 27.336500616080635 ], [ -109.360633884626793, 27.336844701067086 ], [ -109.353336015804686, 27.340692067814114 ], [ -109.350635433601624, 27.346512805622734 ], [ -109.346183496476314, 27.349186415212095 ], [ -109.33833911479941, 27.342411206029062 ], [ -109.330734974123175, 27.333725699465873 ], [ -109.329246640509254, 27.333648407057616 ], [ -109.324765180730594, 27.329764554142013 ], [ -109.317476985133325, 27.335933932046643 ], [ -109.312988555721773, 27.330389778312806 ], [ -109.307516280823336, 27.326592080433858 ], [ -109.314135457212473, 27.314070853176446 ], [ -109.317843821043979, 27.290874196202171 ], [ -109.318093092915092, 27.27694644351644 ], [ -109.329202033887768, 27.273548455757137 ], [ -109.335003139269745, 27.270162484307622 ], [ -109.334262674854884, 27.266031130203245 ], [ -109.331053884525858, 27.264010610926128 ], [ -109.328338973238658, 27.26043029915111 ], [ -109.327969113596268, 27.254984867587176 ], [ -109.326611883340178, 27.251999418087202 ], [ -109.324144178130183, 27.248504721092232 ], [ -109.320812778036696, 27.24565803998307 ], [ -109.319455796540339, 27.243002261443156 ], [ -109.335373370482202, 27.229940014578936 ], [ -109.351535371328595, 27.225616964002811 ], [ -109.352892076514991, 27.223161561023545 ], [ -109.354741133142753, 27.215107022580391 ], [ -109.358071371821239, 27.212512249880511 ], [ -109.362882088786407, 27.211173007677129 ], [ -109.362881075515986, 27.207381024909402 ], [ -109.359302804858359, 27.203295557155563 ], [ -109.35313453723856, 27.199258882286202 ], [ -109.355476643293599, 27.192199896125963 ], [ -109.354489453728277, 27.189796522416934 ], [ -109.35596767640773, 27.181489805844105 ], [ -109.358679942097041, 27.177732896267873 ], [ -109.366570716383109, 27.171816894909945 ], [ -109.371996152610251, 27.170485178880327 ], [ -109.377790721562832, 27.167509268565915 ], [ -109.385190470208812, 27.169582086323299 ], [ -109.385562950146564, 27.17478023470569 ], [ -109.389386258295474, 27.175488322184261 ], [ -109.400485407065162, 27.175793710548273 ], [ -109.403197302300114, 27.17393189567694 ], [ -109.430329781258834, 27.1760023190845 ], [ -109.444021280078005, 27.178479748673006 ], [ -109.452654596282329, 27.178833075188233 ], [ -109.447063772419298, 27.139442236738365 ], [ -109.444405554416178, 27.13428217573394 ], [ -109.436970806454156, 27.126606010731134 ], [ -109.448280911404453, 27.124700973228411 ], [ -109.427685033271217, 27.113317893535996 ], [ -109.434825248346669, 27.104338268071384 ], [ -109.446780869049363, 27.105062549424584 ], [ -109.463788554304912, 27.104693168352973 ], [ -109.473774024233876, 27.106545332842586 ], [ -109.475501942092578, 27.108379825499917 ], [ -109.477351191715201, 27.108731880995375 ], [ -109.484117297771505, 27.099580229310526 ], [ -109.48558947846378, 27.094816485384193 ], [ -109.491249810325598, 27.088948698426204 ], [ -109.486186795283885, 27.081551098719537 ], [ -109.486841101948059, 27.07695911722865 ], [ -109.484325898615921, 27.070859300080937 ], [ -109.482892860222464, 27.070094109863973 ], [ -109.484094568130786, 27.069625187532001 ], [ -109.486783626164467, 27.065433997282174 ], [ -109.47924884540646, 27.061950148338909 ], [ -109.472310117334445, 27.061650553289748 ], [ -109.472486405654422, 27.065287639833155 ], [ -109.468742767878183, 27.064102520882702 ], [ -109.468034906939153, 27.06270357460458 ], [ -109.468485580797548, 27.041243211206023 ], [ -109.443904754151419, 27.041059321586722 ], [ -109.444211713117681, 27.047843774553577 ], [ -109.442658915980658, 27.047856564459668 ], [ -109.442558412705353, 27.046271660743791 ], [ -109.439517380453623, 27.04631963393922 ], [ -109.439558973743175, 27.047708492550285 ], [ -109.437357277794277, 27.047900014147537 ], [ -109.437220946427487, 27.034873189193654 ], [ -109.431772682728351, 27.005210809909673 ], [ -109.406161847340613, 27.007282834515337 ], [ -109.40185062711474, 27.005332675676289 ], [ -109.399143433051449, 27.007936624510933 ], [ -109.397790901289596, 27.010887332443588 ], [ -109.393599631183051, 27.003909774579128 ], [ -109.387318559884619, 27.001769429688352 ], [ -109.385101061891916, 26.999762839375723 ], [ -109.381652855713824, 26.998647389757668 ], [ -109.377957842887568, 26.996292164248167 ], [ -109.374263728803669, 26.995503154524648 ], [ -109.370815479480328, 26.993727952748436 ], [ -109.366752413927657, 26.993593526006027 ], [ -109.362811376869459, 26.990492836563387 ], [ -109.349636038028251, 26.983645752357873 ], [ -109.333139313881404, 26.98285445048743 ], [ -109.33030798628414, 26.984548636167123 ], [ -109.326737835720294, 26.984996555781713 ], [ -109.323167567836123, 26.98198208709314 ], [ -109.319720588638845, 26.982101703990388 ], [ -109.315658187371753, 26.979245456319838 ], [ -109.306179715260427, 26.975493164722842 ], [ -109.299532153952896, 26.976888858468403 ], [ -109.296085802553776, 26.97478216359961 ], [ -109.290546429572316, 26.974790779420818 ], [ -109.289315750791118, 26.97370269607168 ], [ -109.282653389592653, 26.9762709268261 ], [ -109.277693110614535, 26.975752172635978 ], [ -109.273515429625945, 26.976617501135774 ], [ -109.267915806663055, 26.974912285899009 ], [ -109.25581494369969, 26.968413429233696 ], [ -109.253991708869378, 26.966466947721006 ], [ -109.250914288237013, 26.966919655869429 ], [ -109.245992529762944, 26.96429705601123 ], [ -109.230616565037892, 26.952215760486958 ], [ -109.224097261251018, 26.948169066889978 ], [ -109.212288545630287, 26.94231760571591 ], [ -109.196548539452337, 26.931711526504593 ], [ -109.190030300610701, 26.928899838377976 ], [ -109.159663467707006, 26.911324178560182 ], [ -109.15438983793571, 26.899873269015515 ], [ -109.15181951675342, 26.89093384370933 ], [ -109.146916585307906, 26.879405557504775 ], [ -109.143235515332293, 26.873747355504356 ], [ -109.141648539274797, 26.865975934525082 ], [ -109.140300152539538, 26.863153860014577 ], [ -109.140795012550996, 26.861182600005279 ], [ -109.144979906736992, 26.858439984628799 ], [ -109.148669320672468, 26.858080687279298 ], [ -109.152490270788078, 26.851623158072169 ], [ -109.156303309797991, 26.850605955840955 ], [ -109.160737743539016, 26.844569082013788 ], [ -109.163329739799423, 26.836857224333535 ], [ -109.166534434592435, 26.83039048683862 ], [ -109.165195168085219, 26.820232197431626 ], [ -109.159663531703217, 26.820318480964605 ], [ -109.161641457121846, 26.811773544526051 ], [ -109.168284731480995, 26.807004205066011 ], [ -109.174185928081187, 26.805686272533034 ], [ -109.177262211832641, 26.80259718624492 ], [ -109.178497394336816, 26.797256388946217 ], [ -109.180715111534724, 26.79234156858065 ], [ -109.184649537430673, 26.790665746053708 ], [ -109.185636310142556, 26.787299794771343 ], [ -109.193134998605814, 26.78484934705752 ], [ -109.205307536267838, 26.777352533158972 ], [ -109.208018408817637, 26.773825595194531 ], [ -109.190938663016368, 26.769650691665053 ], [ -109.193766848838081, 26.767464490683896 ], [ -109.200403549860212, 26.765496164710157 ], [ -109.210483126268358, 26.760112963907584 ], [ -109.226949448588613, 26.75588850060802 ], [ -109.239972972157787, 26.75474773696028 ], [ -109.253979946147624, 26.751887920220017 ], [ -109.251529908790431, 26.737181059402516 ], [ -109.246987183142537, 26.73275030433685 ], [ -109.248094408635268, 26.72930300811257 ], [ -109.248466690862031, 26.721641467688059 ], [ -109.246625938780497, 26.718566331559227 ], [ -109.240978070880672, 26.715439378737223 ], [ -109.240856860878452, 26.712552453808453 ], [ -109.243442327318064, 26.700387030083885 ], [ -109.247249367897837, 26.699779246576902 ], [ -109.255846878514049, 26.695773799326609 ], [ -109.260110016029714, 26.696792493726992 ], [ -109.297014893499977, 26.740190819304399 ], [ -109.335673038875115, 26.783920807944309 ], [ -109.347768929098891, 26.806312920147604 ], [ -109.367500582711401, 26.839935351428874 ], [ -109.548985534697863, 26.838637649032233 ], [ -109.549657856347963, 26.848404490665803 ], [ -109.641294946010333, 26.849504771935305 ], [ -109.64095729570829, 26.871759982297391 ], [ -109.655510589051232, 26.871636018339078 ], [ -109.655982365227075, 26.867408266973658 ], [ -109.705106689651885, 26.865901852917961 ], [ -109.705613968442918, 26.867388076124275 ], [ -109.709997373940936, 26.871903959516406 ], [ -109.705968914801531, 26.874730743130353 ], [ -109.704941226542587, 26.878657514029467 ], [ -109.703576104047727, 26.879166595203412 ], [ -109.701725223949595, 26.881502005428473 ], [ -109.700763357081598, 26.886645340373111 ], [ -109.702156044185969, 26.890359820644981 ], [ -109.704254801570542, 26.887856567545231 ], [ -109.70636321419569, 26.886843938873593 ], [ -109.709482597485135, 26.888223997851178 ], [ -109.710612064643726, 26.889704638986476 ], [ -109.721813836866659, 26.890349289622627 ], [ -109.723894433174138, 26.885195654902681 ], [ -109.725387283680234, 26.885182139412397 ], [ -109.725159576269817, 26.888331356998265 ], [ -109.731128908530891, 26.887945892789713 ], [ -109.739008410465459, 26.894002682159968 ], [ -109.747454301498806, 26.891854621650673 ], [ -109.746387080612749, 26.899483930451506 ], [ -109.842706452947667, 26.900800967723683 ], [ -109.857711021678597, 26.910010959847728 ], [ -109.869222774228618, 26.920366499133376 ], [ -109.88984410036511, 26.919601644328424 ], [ -109.891973695136869, 26.926044761496584 ], [ -109.89991993761987, 26.935952073519385 ], [ -109.918385231595749, 26.962148147711179 ], [ -109.922172539666434, 26.966627598823376 ], [ -109.932949408171581, 26.975447671955816 ], [ -109.938547098125753, 26.983218626826908 ], [ -109.9458694749611, 26.990898747098431 ], [ -109.947427874660079, 26.993490383551286 ], [ -109.947978656393161, 27.001573532855026 ], [ -109.946945723956844, 27.003558594441291 ], [ -109.944358360938878, 27.003529527499861 ], [ -109.941327194151171, 27.00172858007365 ], [ -109.939948921252935, 26.998475979001078 ], [ -109.936847019265727, 26.995355152410067 ], [ -109.933584855664449, 26.9869545286139 ], [ -109.926187864796049, 26.977252713829159 ], [ -109.923069097527033, 26.971573956529621 ], [ -109.920526019720327, 26.968945294319408 ], [ -109.918679261625201, 26.969036177900716 ], [ -109.917358736654762, 26.965081802986724 ], [ -109.911738367016767, 26.96263188488658 ], [ -109.911471108700127, 26.959580315920103 ], [ -109.909182760154891, 26.958105421982431 ], [ -109.906752180580355, 26.953825882227786 ], [ -109.902358641720824, 26.950586331671786 ], [ -109.900840209315177, 26.944570015666265 ], [ -109.898742010351711, 26.94383668951124 ], [ -109.89830437637039, 26.942848527480137 ], [ -109.898226093541197, 26.940373658460896 ], [ -109.899021096888205, 26.939586346147564 ], [ -109.896965641790871, 26.93604756684373 ], [ -109.894271444469837, 26.938204538934627 ], [ -109.892421584793382, 26.937758813804962 ], [ -109.891169943241351, 26.934711497761803 ], [ -109.891691633354341, 26.929882568592426 ], [ -109.890629170540819, 26.927494481484366 ], [ -109.889088098918805, 26.927171137713724 ], [ -109.889534967789743, 26.929561904947256 ], [ -109.887701491022653, 26.931550007249559 ], [ -109.887865023639634, 26.937613558706005 ], [ -109.883865801746865, 26.937960806568849 ], [ -109.884655134976612, 26.936307280693594 ], [ -109.884094534335105, 26.935319607321393 ], [ -109.88194952202295, 26.936772670150937 ], [ -109.880564959385524, 26.941522721028907 ], [ -109.882646881438205, 26.939822434039723 ], [ -109.885795281170644, 26.941129024463404 ], [ -109.888685396177749, 26.940621513337309 ], [ -109.890358321488932, 26.942223152369653 ], [ -109.893070126053118, 26.942665154926132 ], [ -109.896573656778131, 26.941824781153436 ], [ -109.895914525079462, 26.944509145144224 ], [ -109.893945861668982, 26.944724011968496 ], [ -109.893296059452112, 26.948810936407742 ], [ -109.890835337781482, 26.949110405878347 ], [ -109.890676287454227, 26.952947661646959 ], [ -109.88994049552241, 26.953404636807683 ], [ -109.888211072189009, 26.952587047582551 ], [ -109.887804268612555, 26.95621909760267 ], [ -109.892916264179192, 26.956444472040229 ], [ -109.893666459503152, 26.958132595896334 ], [ -109.89583284037559, 26.959814534732438 ], [ -109.899530809015232, 26.960334621592576 ], [ -109.900519323499537, 26.960825314293903 ], [ -109.90058787882991, 26.961856349019211 ], [ -109.898937934096097, 26.963720008508378 ], [ -109.894810225302521, 26.96340804448263 ], [ -109.892204216468656, 26.960449145035 ], [ -109.890048347804367, 26.960334733463348 ], [ -109.889990823451527, 26.963691762940904 ], [ -109.891648520521898, 26.966264278081496 ], [ -109.895528173277853, 26.968385472908594 ], [ -109.897750401373344, 26.96780982385928 ], [ -109.896946363510267, 26.968554081175846 ], [ -109.899719393381076, 26.969471251910793 ], [ -109.897186305722002, 26.970875053047614 ], [ -109.894533942122877, 26.970869697279479 ], [ -109.894654743724914, 26.971740125133849 ], [ -109.892692789226032, 26.967716717728926 ], [ -109.892315942120462, 26.969994997844228 ], [ -109.891456826252636, 26.968501497807914 ], [ -109.890834578598245, 26.970323459864531 ], [ -109.889664718004468, 26.969616618251717 ], [ -109.889599937597367, 26.970652415408356 ], [ -109.888675816570498, 26.970277570374996 ], [ -109.886513680583931, 26.97135044513179 ], [ -109.885211431883121, 26.973626767556567 ], [ -109.889104366313902, 26.971355824650512 ], [ -109.891937354541213, 26.972853393634505 ], [ -109.893418993842758, 26.97244204703432 ], [ -109.893785912464352, 26.973520162701067 ], [ -109.891747990959701, 26.974303308991797 ], [ -109.891863722821043, 26.976872654031492 ], [ -109.888088662000328, 26.980925710264369 ], [ -109.886489652473102, 26.97930633163736 ], [ -109.886055208463659, 26.980175603854249 ], [ -109.886729519066236, 26.981585875105154 ], [ -109.885367470142313, 26.983199073891157 ], [ -109.889254402241761, 26.983041421770764 ], [ -109.892778813810779, 26.980313815170152 ], [ -109.897153566458243, 26.982063051350149 ], [ -109.899437867767617, 26.981446071814464 ], [ -109.899565460688592, 26.979996021869624 ], [ -109.898396653540473, 26.978874878679722 ], [ -109.898277026198357, 26.97759008342976 ], [ -109.900626396811347, 26.975771529854274 ], [ -109.901732552837458, 26.977224029321377 ], [ -109.902500807010554, 26.988910864053732 ], [ -109.900159368539249, 26.98791172276248 ], [ -109.898059653076942, 26.98865339228119 ], [ -109.897692892124795, 26.987492413342299 ], [ -109.896828840025734, 26.987614985227275 ], [ -109.89571716425462, 26.988027111023598 ], [ -109.896576232551908, 26.989603461140739 ], [ -109.895216418939938, 26.990470890021665 ], [ -109.896695239832638, 26.991095440186388 ], [ -109.897924027573666, 26.992838277110163 ], [ -109.900393508520494, 26.992263098334764 ], [ -109.902240758359852, 26.993509883705006 ], [ -109.904832082044308, 26.993473552447139 ], [ -109.909331631961166, 26.994974047906048 ], [ -109.915378215041486, 26.99486127383198 ], [ -109.91759757181805, 26.995487004256887 ], [ -109.917655505147565, 26.996854545930741 ], [ -109.916345080141099, 27.002197504819677 ], [ -109.913008167287757, 27.004014426963071 ], [ -109.912267752317817, 27.004013013948654 ], [ -109.910797770781528, 27.000156531159252 ], [ -109.905750054380988, 26.996085897058386 ], [ -109.902541822336488, 26.996079587320597 ], [ -109.902416634404176, 26.996700897845155 ], [ -109.899399153208876, 26.994747345643177 ], [ -109.894580502359759, 26.996892356558345 ], [ -109.892548197955179, 26.995645093093074 ], [ -109.892603979238658, 26.99763418871656 ], [ -109.890008962723314, 26.998871959716208 ], [ -109.890745124822132, 27.000282340575986 ], [ -109.892965667537212, 27.000494089349136 ], [ -109.894820801350107, 26.999089013031575 ], [ -109.898338330283863, 26.998847499721286 ], [ -109.901481818365511, 26.999931145700018 ], [ -109.907095590304209, 27.000232246876557 ], [ -109.908819762070877, 27.001437273374982 ], [ -109.907700921155978, 27.004335710319229 ], [ -109.909483815915522, 27.00661821209529 ], [ -109.907320567318934, 27.007898570553319 ], [ -109.908981038045809, 27.009849342799409 ], [ -109.905213509174501, 27.011085114011401 ], [ -109.901070130428963, 27.014226140217968 ], [ -109.901189692331442, 27.015552365517372 ], [ -109.903158823931946, 27.017462382281739 ], [ -109.904206197295196, 27.018044570743953 ], [ -109.905507309037304, 27.016223896633569 ], [ -109.909327793818633, 27.018137450511958 ], [ -109.910801092717776, 27.020875147318748 ], [ -109.910194219784913, 27.039064864891163 ], [ -109.91165551547553, 27.046153418531528 ], [ -109.910604677410689, 27.046690072040853 ], [ -109.908262455962188, 27.045525288401699 ], [ -109.905437584679973, 27.040505877948977 ], [ -109.9011864392033, 27.037886916737296 ], [ -109.899280052220604, 27.035521188401511 ], [ -109.897737706448169, 27.035310893402805 ], [ -109.895388981607411, 27.036466358227663 ], [ -109.893108234915857, 27.035508640815593 ], [ -109.89291837960954, 27.037082852227083 ], [ -109.902842417684326, 27.041495232268229 ], [ -109.90671401405902, 27.047386924462042 ], [ -109.911587004219683, 27.048556633474746 ], [ -109.912622453172048, 27.053489628445334 ], [ -109.914158806278607, 27.055937353957461 ], [ -109.917096491338825, 27.065059074637393 ], [ -109.922082143492872, 27.070496665651664 ], [ -109.92837306360606, 27.07287012292003 ], [ -109.934659899097014, 27.076900781327424 ], [ -109.940387645854472, 27.082421938451482 ], [ -109.951174427633973, 27.089898883831424 ], [ -109.95678024371766, 27.095377763505997 ], [ -109.963685532244213, 27.099988292967542 ], [ -109.964481065703609, 27.103055893623189 ], [ -109.970532903520336, 27.103189538759693 ], [ -109.970773012940157, 27.106173387689587 ], [ -109.972496513552585, 27.10866223316895 ], [ -109.975215824162703, 27.107837561827228 ], [ -109.977125668788887, 27.109912257496219 ], [ -109.979164317761033, 27.109666626618889 ], [ -109.982805970670199, 27.110666396087883 ], [ -109.985825001753227, 27.113985686854988 ], [ -109.988231233646417, 27.115149316668081 ], [ -109.987609909379444, 27.116847379341415 ], [ -109.988656226498691, 27.118547775227622 ], [ -109.95332730012646, 27.118245412976343 ], [ -109.953280207249932, 27.137223468485725 ], [ -109.940986911877005, 27.137244061829641 ], [ -109.940955280001006, 27.149426413899072 ], [ -109.87769155950825, 27.149343354396798 ], [ -109.869133134261261, 27.159434695895861 ], [ -109.865153854886671, 27.167049857918954 ], [ -109.861557144303305, 27.170936550151886 ], [ -109.860303804754537, 27.176195985339859 ], [ -109.8573060969713, 27.182198577014059 ], [ -109.856303801732508, 27.186215479135274 ], [ -109.851646612906237, 27.192709817907442 ], [ -109.844715578084489, 27.198575500890133 ], [ -109.839870739109358, 27.205358991943683 ], [ -109.838129496681915, 27.208338010935755 ], [ -109.840831317337972, 27.213884567029474 ], [ -109.839367423007701, 27.217580626140002 ], [ -109.833455256965536, 27.219915203155249 ], [ -109.830639502418421, 27.224917346793301 ], [ -109.827598855717994, 27.234946295873502 ], [ -109.82539084017877, 27.237975503562684 ], [ -109.820096901041865, 27.240892514510048 ], [ -109.81825383608323, 27.242770919058572 ], [ -109.818153217655151, 27.248046283937708 ], [ -109.815580060859162, 27.252390875858033 ], [ -109.811520567248195, 27.255566801518214 ], [ -109.807962255285688, 27.260561213838596 ], [ -109.807248398681651, 27.266902327874543 ], [ -109.802823295788571, 27.271393492354111 ], [ -109.800110809870091, 27.272191387204174 ], [ -109.796671500624313, 27.276362222041424 ], [ -109.788411991337966, 27.27924882112622 ], [ -109.790634915094884, 27.279435637394059 ], [ -109.795104805775367, 27.285662779202266 ], [ -109.797206784272987, 27.286425398912691 ], [ -109.800060877647283, 27.289915939838259 ], [ -109.805635398095504, 27.294339848673573 ], [ -109.808119514629936, 27.297826622158059 ], [ -109.806796566276432, 27.306222810880772 ], [ -109.80796105254035, 27.318847757908674 ], [ -109.791397263461945, 27.376146892622376 ], [ -109.788939521269597, 27.379502678389532 ], [ -109.781285378977287, 27.381240455176108 ], [ -109.775602398008786, 27.38151357742807 ], [ -109.748044701066604, 27.380823437151882 ] ] ] } },
{ "type": "Feature", "properties": { "ID": 540.0, "ENTIDAD": 26, "DISTRITO_L": 21, "TIPO": 0, "CONTROL": 0.0, "GEOMETRY1_": null }, "geometry": { "type": "Polygon", "coordinates": [ [ [ -109.41121948540669, 29.698139434210812 ], [ -109.408341719144843, 29.692278214562499 ], [ -109.407147504929199, 29.687866778672444 ], [ -109.40827879717618, 29.684852155960826 ], [ -109.404398827661893, 29.682011954464713 ], [ -109.399765503103978, 29.681266706378853 ], [ -109.397747473959512, 29.685857687915686 ], [ -109.39713950642242, 29.690007754292747 ], [ -109.394979754751645, 29.693055777121259 ], [ -109.395253321175758, 29.695031930251712 ], [ -109.393061446016191, 29.694238859952033 ], [ -109.393038720098147, 29.691507450531521 ], [ -109.389548265274883, 29.68911305773009 ], [ -109.382656440413427, 29.679465191476663 ], [ -109.3796361809827, 29.67163372298408 ], [ -109.374991031432245, 29.669351218204387 ], [ -109.3670179708772, 29.668691859070186 ], [ -109.360952262355113, 29.66548371714007 ], [ -109.356190168893519, 29.664559757887435 ], [ -109.351313133380216, 29.665336222554874 ], [ -109.343590362701107, 29.663749607138826 ], [ -109.339462646916928, 29.661748087883272 ], [ -109.331096967395865, 29.660042730546909 ], [ -109.327497623399125, 29.659859481230271 ], [ -109.322498618644474, 29.661481889266071 ], [ -109.317098279910454, 29.661035916649659 ], [ -109.31431040989284, 29.649204589008317 ], [ -109.311976240570857, 29.646355158392165 ], [ -109.310796355911364, 29.643223331573274 ], [ -109.31036711104764, 29.637399511779165 ], [ -109.309083222317398, 29.637504597132519 ], [ -109.3071842459007, 29.641247104592601 ], [ -109.304214237511289, 29.639218270348611 ], [ -109.306624140874291, 29.635075295248789 ], [ -109.305574324558549, 29.632120703462043 ], [ -109.304020099700054, 29.630420158139401 ], [ -109.300094043616241, 29.637983779432304 ], [ -109.294827391429379, 29.638055649804993 ], [ -109.293256312966619, 29.634050412441638 ], [ -109.289898153548435, 29.631574767931795 ], [ -109.281663209804975, 29.629702287496368 ], [ -109.273843463026012, 29.631946088907124 ], [ -109.269636217064559, 29.636422783907921 ], [ -109.266935668338704, 29.636028070992054 ], [ -109.261517207368783, 29.632763229192729 ], [ -109.259591423539959, 29.632920143351335 ], [ -109.25704401647107, 29.636031334746249 ], [ -109.253714078186974, 29.63748105917113 ], [ -109.249217835799428, 29.64454698390567 ], [ -109.243639172489736, 29.639536799710683 ], [ -109.238670594288948, 29.640810779009254 ], [ -109.237717759750652, 29.639658666980633 ], [ -109.238399001507915, 29.637916594269115 ], [ -109.242205323323489, 29.632513200482705 ], [ -109.241055383851361, 29.63016265410614 ], [ -109.237710835725764, 29.62931594169283 ], [ -109.23713718708656, 29.628326814152452 ], [ -109.237580961494402, 29.619429094396313 ], [ -109.234845190487874, 29.615392733767973 ], [ -109.234899528656612, 29.614109870880796 ], [ -109.239098109603091, 29.610937980488981 ], [ -109.240638326762763, 29.605880493628259 ], [ -109.240560714095821, 29.603729698991714 ], [ -109.239090045232444, 29.600471098460517 ], [ -109.23988031634974, 29.596287363362475 ], [ -109.23910806343774, 29.593851565166332 ], [ -109.236634823304385, 29.591302886339918 ], [ -109.237502374898057, 29.589228590419513 ], [ -109.239512860645732, 29.588553348964552 ], [ -109.242016896686124, 29.586385426050818 ], [ -109.242613773996467, 29.581582367344918 ], [ -109.242221298453643, 29.579433658478855 ], [ -109.240388627078516, 29.578452913125702 ], [ -109.235496368070656, 29.5812571608875 ], [ -109.231085046618489, 29.580706986487503 ], [ -109.229058592405323, 29.578982678201953 ], [ -109.228218213286823, 29.575719850395213 ], [ -109.230594006915595, 29.573222003982625 ], [ -109.238959862077678, 29.572049806425337 ], [ -109.239957884890103, 29.570677929452035 ], [ -109.239562678600677, 29.56811551689243 ], [ -109.218528588437835, 29.567177716004391 ], [ -109.182405271857291, 29.579445464140232 ], [ -109.148945870919022, 29.585688547312326 ], [ -109.109650474097251, 29.599289188792589 ], [ -109.105764344373213, 29.601667260954013 ], [ -109.102975523604272, 29.601592460834645 ], [ -109.100270119324975, 29.599037640146665 ], [ -109.096786075424362, 29.593234977290113 ], [ -109.089813375515376, 29.589324086967792 ], [ -109.09574676911582, 29.586422350845808 ], [ -109.098530758279722, 29.582856597233498 ], [ -109.099278428629106, 29.579484329066936 ], [ -109.098400763656485, 29.575406482086603 ], [ -109.099710848874025, 29.570394506258499 ], [ -109.098202403269809, 29.566216975676991 ], [ -109.099172798711862, 29.563760826271938 ], [ -109.101897707456885, 29.561930942353072 ], [ -109.103136193149638, 29.555262185352305 ], [ -109.107794615396372, 29.552491132422027 ], [ -109.108860867832476, 29.55094761680898 ], [ -109.108821394974328, 29.54076944658534 ], [ -109.10708172962407, 29.535923884331964 ], [ -109.101134152982709, 29.531792860082849 ], [ -109.100927966193979, 29.530380733569107 ], [ -109.102233548581196, 29.529257391019094 ], [ -109.107361446758048, 29.527574548225303 ], [ -109.106938547138085, 29.521274907058007 ], [ -109.105249110828822, 29.51494132339154 ], [ -109.10583050829031, 29.512722895157374 ], [ -109.109324858230266, 29.510582470512141 ], [ -109.110005131214933, 29.509194079039794 ], [ -109.10946868864221, 29.506283780220425 ], [ -109.107896997920889, 29.504007690384171 ], [ -109.106975838073467, 29.497446465078848 ], [ -109.099083842930398, 29.494669876934559 ], [ -109.096696554290958, 29.4864971400137 ], [ -109.08722646628641, 29.481691681611277 ], [ -109.086882794198971, 29.480606791624535 ], [ -109.087700878380247, 29.478891257993915 ], [ -109.09076852779144, 29.474340313233959 ], [ -109.089698259113817, 29.464713528333206 ], [ -109.085019904467515, 29.456892618565515 ], [ -109.085448298378054, 29.451691453117235 ], [ -109.082780519997627, 29.448144423836254 ], [ -109.082044829309353, 29.443656553261974 ], [ -109.080598433493279, 29.441466270409496 ], [ -109.081950342854739, 29.438937742559002 ], [ -109.084809746395464, 29.436780785651994 ], [ -109.092290549389105, 29.436568400837697 ], [ -109.096502998374035, 29.4356059384132 ], [ -109.097328828698735, 29.433642308865185 ], [ -109.09701565290203, 29.431648098615838 ], [ -109.094901251576275, 29.426709550690827 ], [ -109.088551330127558, 29.419671259708362 ], [ -109.082352440175384, 29.415698190898357 ], [ -109.08062696826741, 29.41052168241993 ], [ -109.079040594051733, 29.408741316697039 ], [ -109.073628017686318, 29.407767766537095 ], [ -109.067637925016129, 29.401400163279511 ], [ -109.064396113265758, 29.399905783428107 ], [ -109.056471290919589, 29.402090391027226 ], [ -109.051947711763276, 29.401057357067213 ], [ -109.047013814705139, 29.400923158384412 ], [ -109.046361603041149, 29.401484594312603 ], [ -109.038403080567832, 29.393490025269998 ], [ -109.034268947580372, 29.381048724877967 ], [ -109.031230907945044, 29.377325103198618 ], [ -109.027490161092103, 29.375650723656999 ], [ -109.025177472446529, 29.372939707745754 ], [ -109.021923090105005, 29.371857678618209 ], [ -109.01516633977522, 29.362157128040586 ], [ -109.011027213064963, 29.361050550867386 ], [ -109.0067945363961, 29.362671729747905 ], [ -109.004042335721564, 29.365409175944666 ], [ -109.000417452914462, 29.371432148655206 ], [ -108.99517242348827, 29.373025036644908 ], [ -108.992661176664257, 29.376099845771414 ], [ -108.992224738768243, 29.377742604392836 ], [ -108.989059986212538, 29.377737880412173 ], [ -108.988257421547218, 29.375316208647568 ], [ -108.989748464284588, 29.372461509471609 ], [ -108.989477454319612, 29.369309869574575 ], [ -108.985591297961861, 29.368209494627482 ], [ -108.981731643679723, 29.370005664168652 ], [ -108.977931958465206, 29.37006583004078 ], [ -108.970274678839957, 29.36455787533821 ], [ -108.954912921632129, 29.365867668520394 ], [ -108.950515737387676, 29.36491749879383 ], [ -108.950214648109949, 29.359034534371357 ], [ -108.945816044590472, 29.350885779980089 ], [ -108.943159228564085, 29.343613047773189 ], [ -108.938841955310835, 29.336790193117757 ], [ -108.935765345448644, 29.334304490976535 ], [ -108.93373586356023, 29.327214648923256 ], [ -108.929232619151051, 29.322123824552751 ], [ -108.929284768399498, 29.32063596500679 ], [ -108.931347702761983, 29.319535525732796 ], [ -108.933493588078647, 29.319678485567071 ], [ -108.935832390338206, 29.317923791319689 ], [ -108.936757641886956, 29.316791363560121 ], [ -108.936043453949793, 29.311889658162567 ], [ -108.939336058259599, 29.308175858388065 ], [ -108.940846910591887, 29.308383647775987 ], [ -108.943446746464815, 29.306387895231289 ], [ -108.943872044184758, 29.305075942937691 ], [ -108.942493946644092, 29.301065833893439 ], [ -108.934993925235375, 29.291257838079108 ], [ -108.930565402068183, 29.291299080125086 ], [ -108.926463828029867, 29.292838691832973 ], [ -108.923920825260126, 29.296821484391153 ], [ -108.922918567093163, 29.296545074093412 ], [ -108.920054046484054, 29.291665525688735 ], [ -108.917478835859541, 29.28935901974587 ], [ -108.915706889793256, 29.289391834927091 ], [ -108.907751431646034, 29.296200310247222 ], [ -108.906661829214229, 29.298403514449081 ], [ -108.902324412153064, 29.299439264473978 ], [ -108.900957676547648, 29.298738680346645 ], [ -108.897916817157991, 29.302458641339573 ], [ -108.889618095484593, 29.308180637613336 ], [ -108.884654079335306, 29.30903253340524 ], [ -108.876950734569547, 29.308647910255885 ], [ -108.875216692404734, 29.307605645993078 ], [ -108.869180432780027, 29.299490560490426 ], [ -108.860751667416324, 29.301731972264946 ], [ -108.85879707410983, 29.303330846351315 ], [ -108.855860982499891, 29.304074198155242 ], [ -108.8526040814548, 29.306711288430492 ], [ -108.84787490295983, 29.308064971575547 ], [ -108.844592086753465, 29.307887992409089 ], [ -108.838943784660628, 29.30665005270987 ], [ -108.829358893205622, 29.302319839433153 ], [ -108.814916653857878, 29.288912716012803 ], [ -108.807681840673695, 29.28961328157305 ], [ -108.799201828885913, 29.293255851470274 ], [ -108.793245042817631, 29.290104063007796 ], [ -108.781169880473939, 29.28826283875274 ], [ -108.769633226197769, 29.289001163875604 ], [ -108.759673234454979, 29.288130024937349 ], [ -108.755590821905756, 29.289085720726614 ], [ -108.752817336202895, 29.288838723931754 ], [ -108.72375433426339, 29.271019946590101 ], [ -108.699119736401485, 29.277155178143708 ], [ -108.70822238563693, 29.270739041530131 ], [ -108.71544398738115, 29.252825564130436 ], [ -108.715234875954707, 29.241009838726576 ], [ -108.712594987061351, 29.233783273951566 ], [ -108.710835193836942, 29.223021864947654 ], [ -108.707254527072251, 29.215805839646809 ], [ -108.707966651052857, 29.202735482949013 ], [ -108.710995784850596, 29.19648090535679 ], [ -108.712389860683487, 29.186512846512002 ], [ -108.708822712805116, 29.162087526508405 ], [ -108.700387390739422, 29.146217763931585 ], [ -108.700318784306774, 29.142279076055576 ], [ -108.689802442515486, 29.132859382542101 ], [ -108.684965393445012, 29.125241676356843 ], [ -108.681725579419819, 29.1010185080154 ], [ -108.678891266818113, 29.094617585341474 ], [ -108.684566382799275, 29.093816914579044 ], [ -108.68747040089589, 29.088158179661949 ], [ -108.689792364947891, 29.085718387922991 ], [ -108.692946718998542, 29.08519973591611 ], [ -108.697419947377455, 29.082138832092259 ], [ -108.700586244838647, 29.075987865096035 ], [ -108.702439447666308, 29.066995286888634 ], [ -108.705388471161413, 29.06456728584142 ], [ -108.708051903651551, 29.063541812613966 ], [ -108.709218421948549, 29.062073340070615 ], [ -108.705865345118895, 29.050164194886097 ], [ -108.70754406032178, 29.048291449475101 ], [ -108.714623790763611, 29.046439648126597 ], [ -108.714556548020525, 29.044036299439771 ], [ -108.711639810414439, 29.040004456050916 ], [ -108.704950845638265, 29.036148419216499 ], [ -108.70254090151991, 29.031960499184613 ], [ -108.697893861472821, 29.031953638976908 ], [ -108.696806498616112, 29.030193215915993 ], [ -108.698539622551905, 29.026085233302702 ], [ -108.700345594376316, 29.024132191036585 ], [ -108.699474738751903, 29.018648644313078 ], [ -108.697676800663658, 29.015135096031404 ], [ -108.692186335970561, 29.01370367636428 ], [ -108.687931215552112, 29.007988873668879 ], [ -108.683536308411277, 29.007986441997875 ], [ -108.680196378033415, 29.005933656265288 ], [ -108.678899278279516, 29.00251244665975 ], [ -108.676442197454676, 29.000311084967137 ], [ -108.675620769182444, 28.997975882708747 ], [ -108.683792836457201, 28.992419544323475 ], [ -108.680038889101695, 28.98679707978124 ], [ -108.680184711500701, 28.985971621998605 ], [ -108.683099278711992, 28.984868620781715 ], [ -108.68548750934066, 28.984749299699516 ], [ -108.683800201666685, 28.976764949766711 ], [ -108.686874411160019, 28.974256850434575 ], [ -108.690883389738701, 28.9745829714882 ], [ -108.690189284317796, 28.972167480477413 ], [ -108.685945952457004, 28.966038732716648 ], [ -108.687775333978934, 28.963092313788199 ], [ -108.691765631575336, 28.959028053391894 ], [ -108.69583462641954, 28.95687026888595 ], [ -108.698361781983195, 28.956173565930769 ], [ -108.705091812420548, 28.958125468060906 ], [ -108.70662136772215, 28.957160922291003 ], [ -108.703654149602485, 28.950146103831287 ], [ -108.703364586120486, 28.945654501457799 ], [ -108.704744631858119, 28.944745078442189 ], [ -108.708756767524306, 28.944336979848565 ], [ -108.712015218541325, 28.945336467952732 ], [ -108.712899135450613, 28.939205148659781 ], [ -108.716290701745052, 28.932331694770888 ], [ -108.718799414026535, 28.930595039012129 ], [ -108.722685703593314, 28.930103432447094 ], [ -108.722060982014554, 28.927947799895986 ], [ -108.718555473961459, 28.923633244831699 ], [ -108.716429999885875, 28.91824329235293 ], [ -108.714050741304462, 28.916167903573356 ], [ -108.711419211796098, 28.915749577538005 ], [ -108.708911112179578, 28.91715461705617 ], [ -108.709030662142396, 28.922624478394834 ], [ -108.707775142708599, 28.924611518002852 ], [ -108.705646336858578, 28.922784991317997 ], [ -108.704521939381252, 28.919468285142653 ], [ -108.704775880746382, 28.916485227592212 ], [ -108.705910500416792, 28.910354330808993 ], [ -108.706915662635581, 28.907952541660691 ], [ -108.708546319765603, 28.906546187966502 ], [ -108.706671224418656, 28.902150986085687 ], [ -108.706551655967104, 28.896763989532786 ], [ -108.707683697564747, 28.892704894309837 ], [ -108.709439906271342, 28.890801459529317 ], [ -108.707060683934969, 28.88938897455068 ], [ -108.70768926164844, 28.887400954678004 ], [ -108.701935931954651, 28.878027289520379 ], [ -108.707454418174933, 28.872317474681179 ], [ -108.70796006569671, 28.867925897535223 ], [ -108.705080192667722, 28.866595518835759 ], [ -108.698812101391994, 28.870646584913651 ], [ -108.696808070717964, 28.870311902210847 ], [ -108.695309831633381, 28.865917183806829 ], [ -108.700824796581045, 28.863108207839264 ], [ -108.70283173919745, 28.860625102747033 ], [ -108.70321063493887, 28.85772508667706 ], [ -108.696952299027046, 28.853571576800388 ], [ -108.694201747120815, 28.849174857785453 ], [ -108.690573632440874, 28.845688278220216 ], [ -108.690576372458011, 28.843367811938602 ], [ -108.691830730735504, 28.84171236959763 ], [ -108.693333807124674, 28.841549047158122 ], [ -108.698463906649138, 28.845866663822022 ], [ -108.6992179301607, 28.843547366091357 ], [ -108.696343204507343, 28.838321757213247 ], [ -108.695594401195535, 28.836000089702555 ], [ -108.695972520963224, 28.833845958058458 ], [ -108.70211009586113, 28.832695299544643 ], [ -108.702112470384208, 28.830457688900506 ], [ -108.705246149589229, 28.827561852741589 ], [ -108.714388643486728, 28.826415117639893 ], [ -108.720774768627749, 28.826755689911099 ], [ -108.722779287558367, 28.825681092652022 ], [ -108.724284346047938, 28.822865391281965 ], [ -108.724035935515602, 28.820461656720095 ], [ -108.720039175908425, 28.808853544496117 ], [ -108.712151247839458, 28.809008077144401 ], [ -108.706024408880864, 28.800960162836201 ], [ -108.704150573536396, 28.796979349926588 ], [ -108.702030531042126, 28.789103015568561 ], [ -108.696910818229952, 28.777409792931863 ], [ -108.695411733442029, 28.774755466314964 ], [ -108.691160195078737, 28.77126803627278 ], [ -108.69104247733047, 28.764637862740017 ], [ -108.689545580238359, 28.760325991294565 ], [ -108.686919114114062, 28.758995784637911 ], [ -108.685420326331624, 28.756507118920243 ], [ -108.682552819735747, 28.74755197636296 ], [ -108.673803514372395, 28.739995791552332 ], [ -108.652817955444377, 28.740957627352081 ], [ -108.644656134596872, 28.738763005725126 ], [ -108.634559086655841, 28.73285566246059 ], [ -108.623263556643337, 28.730070327065199 ], [ -108.617220148858635, 28.723497317945235 ], [ -108.616455335818344, 28.714795988744427 ], [ -108.61479015000991, 28.708384904759349 ], [ -108.611264226258413, 28.702822352965303 ], [ -108.566602790897491, 28.703895678836286 ], [ -108.56155296167401, 28.70062782698049 ], [ -108.558046062648245, 28.696100308015922 ], [ -108.554899335367011, 28.682523865031207 ], [ -108.570258499139726, 28.662252002370909 ], [ -108.559033864829516, 28.658096824995805 ], [ -108.559547712760406, 28.654737813666689 ], [ -108.555056419837697, 28.649440157709105 ], [ -108.55547833671676, 28.647380705167862 ], [ -108.560204078365004, 28.64509501944406 ], [ -108.560659005547038, 28.643299891761913 ], [ -108.559218526321203, 28.641854705570058 ], [ -108.562740015618346, 28.632685618037645 ], [ -108.562546565888411, 28.630014908757524 ], [ -108.560737176257447, 28.626758055241869 ], [ -108.562768631800282, 28.622977496550654 ], [ -108.559929677939522, 28.619643452163601 ], [ -108.55700294221306, 28.618803027261002 ], [ -108.555072914509367, 28.61674333748719 ], [ -108.553090853942535, 28.606680087904493 ], [ -108.55675235951206, 28.60302098787384 ], [ -108.557612524586716, 28.598518211028985 ], [ -108.559436902916872, 28.596445548030044 ], [ -108.566048722713248, 28.595631071080081 ], [ -108.567409888645273, 28.593997261092223 ], [ -108.568288626538077, 28.574516508335336 ], [ -108.567564149633029, 28.570642958259789 ], [ -108.569819732408945, 28.566915880283332 ], [ -108.57063901148527, 28.563674113732159 ], [ -108.572064778499751, 28.561751567424349 ], [ -108.577738888480795, 28.557576895625729 ], [ -108.583652442283991, 28.555054739835679 ], [ -108.586999040384441, 28.550991201389074 ], [ -108.580513332979535, 28.537930471554731 ], [ -108.565262866555855, 28.529431893819439 ], [ -108.569003161032384, 28.524068015741648 ], [ -108.563053071652064, 28.507493037109779 ], [ -108.564236773690226, 28.504868884692897 ], [ -108.568884024878272, 28.50077959435281 ], [ -108.571986178754884, 28.494945222652166 ], [ -108.578061645236659, 28.487031081336617 ], [ -108.581868343273896, 28.48537294980844 ], [ -108.587390044084529, 28.485174769954629 ], [ -108.588960270887853, 28.484059254497588 ], [ -108.59047843426869, 28.47988602068785 ], [ -108.58891089506271, 28.477249982986894 ], [ -108.568047877498557, 28.466850559640157 ], [ -108.561772865392015, 28.457012922392725 ], [ -108.555001910604616, 28.455095846869881 ], [ -108.550104013049349, 28.455195992775039 ], [ -108.549799073242667, 28.453014435377252 ], [ -108.544171531682565, 28.4468521484334 ], [ -108.542372513071484, 28.440956074839075 ], [ -108.542023042841024, 28.436991825840902 ], [ -108.540395968227784, 28.435837951148919 ], [ -108.536518665981376, 28.435690900002072 ], [ -108.532422012053487, 28.436765379551488 ], [ -108.530938938403835, 28.432423737565191 ], [ -108.519406548288998, 28.426131922934008 ], [ -108.518368625639823, 28.424382897371167 ], [ -108.518273276714993, 28.421606547317488 ], [ -108.521185915648346, 28.417097171704466 ], [ -108.521322084123327, 28.41358538231437 ], [ -108.520160746859986, 28.411041349863225 ], [ -108.520272872980911, 28.400357212770516 ], [ -108.5048022274689, 28.381013329227791 ], [ -108.50437577745484, 28.378915643951135 ], [ -108.505402277911045, 28.376030650545967 ], [ -108.507101610497159, 28.374042979703678 ], [ -108.507290683314579, 28.370541160716201 ], [ -108.50507634111375, 28.366817169961521 ], [ -108.50166677271109, 28.365279079543907 ], [ -108.497867435168175, 28.351196423185865 ], [ -108.515310672322443, 28.355572953382815 ], [ -108.517893999094056, 28.348423570913166 ], [ -108.525272194651336, 28.34647133188523 ], [ -108.526890620780051, 28.344968415053241 ], [ -108.532207828648012, 28.334733074331929 ], [ -108.539435647941573, 28.3292971108547 ], [ -108.542947704271853, 28.330022115648557 ], [ -108.545978864827731, 28.333653286128705 ], [ -108.55087867996356, 28.335779653983487 ], [ -108.565637324779146, 28.332700942151362 ], [ -108.567185143184815, 28.338995330303614 ], [ -108.57221853768651, 28.342198366463847 ], [ -108.606676577022441, 28.343633227251811 ], [ -108.606019874936607, 28.339573170443682 ], [ -108.607759097647616, 28.337653858490096 ], [ -108.610347557381004, 28.332079218356238 ], [ -108.619339152370273, 28.328618337543578 ], [ -108.627628343632907, 28.331631442411581 ], [ -108.631009181035296, 28.331525548136799 ], [ -108.635503656749478, 28.329670114065031 ], [ -108.636968532107943, 28.324766330179202 ], [ -108.644427868045909, 28.317747752157896 ], [ -108.64789762605848, 28.313078910727089 ], [ -108.648630040777036, 28.310668454927193 ], [ -108.650744957540368, 28.30891198406395 ], [ -108.655363969148127, 28.307138081087242 ], [ -108.656094216886061, 28.304478784047024 ], [ -108.655179780845202, 28.299674382093222 ], [ -108.656159741000934, 28.296930406502401 ], [ -108.656110607368788, 28.290709929182004 ], [ -108.660587119465191, 28.286863310576326 ], [ -108.662922083118104, 28.281372691553514 ], [ -108.664658049001474, 28.279286942963779 ], [ -108.666779391371193, 28.278442628274966 ], [ -108.670509321763248, 28.275264540047729 ], [ -108.671744377406981, 28.273182248295942 ], [ -108.672087277243605, 28.269115603207016 ], [ -108.673203076491532, 28.267780636516868 ], [ -108.690745008163361, 28.270060999537712 ], [ -108.69038583392998, 28.272054193467259 ], [ -108.693027202240017, 28.273611077230431 ], [ -108.690424583783468, 28.276781616581196 ], [ -108.690440227741732, 28.278689172448455 ], [ -108.685952351787549, 28.280960831095687 ], [ -108.68336083521929, 28.28554120963112 ], [ -108.679861185889067, 28.286229722311724 ], [ -108.67899769254079, 28.287811783131886 ], [ -108.680147228313203, 28.290623647572918 ], [ -108.679167271579132, 28.29328479715819 ], [ -108.682430287977084, 28.294256823945826 ], [ -108.684601873904342, 28.299549592315955 ], [ -108.68302170691473, 28.305366877148934 ], [ -108.68365381965242, 28.306108829538235 ], [ -108.68665530051716, 28.305672574886255 ], [ -108.686434135086472, 28.309240675139453 ], [ -108.692249122729422, 28.315917017899501 ], [ -108.695773692110691, 28.318130879444023 ], [ -108.696414929320312, 28.319950928296496 ], [ -108.696062006922077, 28.322690558326656 ], [ -108.69719451976664, 28.323345848619617 ], [ -108.699557137914013, 28.321338041406129 ], [ -108.703551652469088, 28.319815903666967 ], [ -108.708510764483975, 28.313890713760482 ], [ -108.710138489969452, 28.313878730816946 ], [ -108.712784015217551, 28.315766839768159 ], [ -108.712667920525433, 28.316845920954684 ], [ -108.712053071567354, 28.318177507260533 ], [ -108.70794471868146, 28.321027765546027 ], [ -108.713332598202058, 28.321402718924798 ], [ -108.715188415342453, 28.323407167347476 ], [ -108.719606209175851, 28.322849081800783 ], [ -108.721113795293348, 28.323418427475634 ], [ -108.723219800704911, 28.320748644366869 ], [ -108.726472562916541, 28.320392551846016 ], [ -108.725085235880357, 28.319241788630375 ], [ -108.72442861089786, 28.315680303057064 ], [ -108.725910498176276, 28.313263976735684 ], [ -108.724403043035082, 28.312694672432364 ], [ -108.718277782275806, 28.313901459180364 ], [ -108.717272589836199, 28.313494221744239 ], [ -108.717489186671358, 28.309511495279001 ], [ -108.710558947052576, 28.304337478168886 ], [ -108.707394889849652, 28.300296642199754 ], [ -108.706752239908582, 28.298310775976333 ], [ -108.707691197801324, 28.290839218517196 ], [ -108.701270989714232, 28.286573187822029 ], [ -108.702992409688505, 28.282828290309457 ], [ -108.701212416634789, 28.279523600977154 ], [ -108.702042438251354, 28.27396049129754 ], [ -108.70428088230409, 28.272202420705035 ], [ -108.717759682900038, 28.267541763006189 ], [ -108.747446848974363, 28.270305037476646 ], [ -108.747421525050626, 28.267402388400434 ], [ -108.748524708007352, 28.264739970477482 ], [ -108.751259795614075, 28.26264567682534 ], [ -108.752386095942171, 28.26263708065942 ], [ -108.753278112138673, 28.264454901616798 ], [ -108.752921586669729, 28.266614014294767 ], [ -108.755807307905428, 28.267421304429856 ], [ -108.758807232577539, 28.266983587952321 ], [ -108.760451036132778, 28.268878503506528 ], [ -108.764202604976731, 28.268517813445087 ], [ -108.767215802966419, 28.269572675125215 ], [ -108.765421936559846, 28.278958455376873 ], [ -108.769604958041654, 28.28481449805362 ], [ -108.76976577538754, 28.288794206075845 ], [ -108.773816078713352, 28.293738792758468 ], [ -108.776837579143091, 28.295622663647801 ], [ -108.779219002055186, 28.295935708963913 ], [ -108.779981357301224, 28.297173752192744 ], [ -108.780802447459678, 28.304880317102185 ], [ -108.781544546268151, 28.303879239133167 ], [ -108.781012162513505, 28.300400134019146 ], [ -108.782980431653058, 28.29656957455714 ], [ -108.782195455480178, 28.292843656783486 ], [ -108.783284359417252, 28.288688286895205 ], [ -108.782000300779117, 28.285132165071875 ], [ -108.781975488525305, 28.282395477431695 ], [ -108.78294670646612, 28.279070398280432 ], [ -108.778165921949068, 28.276371066395665 ], [ -108.773999971990875, 28.272422700281663 ], [ -108.77485890702728, 28.270508457058011 ], [ -108.780220156627834, 28.268227217321201 ], [ -108.787344489482024, 28.267175910927588 ], [ -108.789827735419436, 28.264999956581857 ], [ -108.792954779209026, 28.264809305198924 ], [ -108.794316911117662, 28.263222720162574 ], [ -108.796567906362256, 28.263038947995607 ], [ -108.796927337940872, 28.261294450815164 ], [ -108.799037891698632, 28.259453062223695 ], [ -108.803071308343078, 28.262572345718176 ], [ -108.807965543635362, 28.264025878905194 ], [ -108.811287952785548, 28.271380231464629 ], [ -108.8185986922674, 28.276877531974879 ], [ -108.819680331309158, 28.281760980296319 ], [ -108.828122447395444, 28.275161598339466 ], [ -108.832895599141338, 28.272568757225745 ], [ -108.83872004354005, 28.265694685951509 ], [ -108.839157144194473, 28.260664694472378 ], [ -108.847502408251941, 28.251587064635871 ], [ -108.849514130126281, 28.25028656602364 ], [ -108.855133147783135, 28.249764548612287 ], [ -108.858741565788705, 28.250460448388477 ], [ -108.86124487696712, 28.249742339536223 ], [ -108.860825117813476, 28.253452124155196 ], [ -108.86229229270171, 28.255859986013352 ], [ -108.861114066389177, 28.260387615205271 ], [ -108.859845532283416, 28.262108269799494 ], [ -108.861825890484482, 28.263365759262538 ], [ -108.862800379966671, 28.265273577101745 ], [ -108.871107004302672, 28.266233125820587 ], [ -108.882254903452889, 28.265711270825246 ], [ -108.889697945334675, 28.26916709351919 ], [ -108.891248770030643, 28.270213429483576 ], [ -108.892190796259257, 28.276756602554983 ], [ -108.895351279233523, 28.279880414895327 ], [ -108.895532702316601, 28.285435012239777 ], [ -108.897063998312063, 28.288324145979672 ], [ -108.905838501005675, 28.289574181263891 ], [ -108.909588094441858, 28.289043623977555 ], [ -108.914752846298015, 28.292232145360511 ], [ -108.91751406318609, 28.29295400758345 ], [ -108.920796611469214, 28.295661398767667 ], [ -108.926044761379771, 28.294785325878433 ], [ -108.93170479300818, 28.297388224777336 ], [ -108.932942492707667, 28.296050297161145 ], [ -108.939313435444021, 28.294831921502201 ], [ -108.939884076095325, 28.289602501182703 ], [ -108.940874786871902, 28.288598448178607 ], [ -108.943897737662297, 28.290395419004032 ], [ -108.944670632762225, 28.292461521191068 ], [ -108.96455134776717, 28.290538291073243 ], [ -108.964888335989244, 28.286969492528524 ], [ -108.963488503448232, 28.284826385870304 ], [ -108.958827037061837, 28.281966894192522 ], [ -108.958436505443004, 28.280560773514782 ], [ -108.959524524331115, 28.27698508602623 ], [ -108.962973038145023, 28.271812174462031 ], [ -108.967374906856008, 28.273844722353672 ], [ -108.968013990810519, 28.27508266979633 ], [ -108.969775703890392, 28.275978547847078 ], [ -108.973782648608946, 28.276190215173546 ], [ -108.980344080198336, 28.269661283629141 ], [ -108.981255505661508, 28.261443502290476 ], [ -108.982989901219014, 28.259851815179758 ], [ -108.990017116153226, 28.261693281961048 ], [ -108.991746809162592, 28.259686931983772 ], [ -108.995988672626268, 28.258569053330547 ], [ -108.997675136687647, 28.252665762084945 ], [ -108.999164437014329, 28.251573738989322 ], [ -109.000545132684607, 28.251975303431436 ], [ -109.001464034947602, 28.255863891937771 ], [ -109.002859521895758, 28.257592016789889 ], [ -109.007394790441921, 28.260368274749137 ], [ -109.010842301979764, 28.266554454335555 ], [ -109.017384725889642, 28.269725756127716 ], [ -109.021309304551764, 28.27375110750825 ], [ -109.025891811072427, 28.280589202570251 ], [ -109.025619380782928, 28.286092677103273 ], [ -109.037138337898469, 28.279153402086322 ], [ -109.044518940986194, 28.278915465016972 ], [ -109.051577177988577, 28.272461532648091 ], [ -109.052432831833897, 28.270711852633546 ], [ -109.053233701601869, 28.264236444842531 ], [ -109.051197454578855, 28.261271465795616 ], [ -109.051884807429531, 28.255792180071918 ], [ -109.053108933306547, 28.253458464565895 ], [ -109.057494008949334, 28.253995674718077 ], [ -109.058928682477429, 28.248260259622178 ], [ -109.058640961060505, 28.245029349748563 ], [ -109.06347579501427, 28.241250305865194 ], [ -109.066095697098007, 28.240643923542923 ], [ -109.071355801057095, 28.241172045786044 ], [ -109.071970499728948, 28.240253848280577 ], [ -109.070568424660763, 28.23802908254088 ], [ -109.066417706356802, 28.236080337777132 ], [ -109.066023143303269, 28.234425926198448 ], [ -109.062880912729568, 28.233130382440855 ], [ -109.060562275011549, 28.22734912884567 ], [ -109.059195216884575, 28.228108864784222 ], [ -109.058303435505962, 28.226708067767913 ], [ -109.054925751191661, 28.226658385470717 ], [ -109.054034993408962, 28.225340461068988 ], [ -109.056473952375313, 28.219926882549075 ], [ -109.055305386624269, 28.216207095266011 ], [ -109.05577401596689, 28.213466226087348 ], [ -109.054714375891265, 28.208335759271787 ], [ -109.063560390999228, 28.208053821188532 ], [ -109.063777987832381, 28.202691132767335 ], [ -109.060591691045474, 28.197498781700332 ], [ -109.059754367271566, 28.189961570824284 ], [ -109.05797731666884, 28.187657346807349 ], [ -109.068989195178276, 28.177681758050927 ], [ -109.060390349308918, 28.169226041408773 ], [ -109.058355119280989, 28.166178064315858 ], [ -109.057303741641917, 28.161710820690171 ], [ -109.051307120783022, 28.151072967539896 ], [ -109.039834862927677, 28.142394764688547 ], [ -109.032420781642941, 28.138817601730434 ], [ -109.038137356087105, 28.135943437843775 ], [ -109.053849114878375, 28.13288918256907 ], [ -109.058566994384634, 28.130189797658257 ], [ -109.067165632697012, 28.128115514166385 ], [ -109.068408408841876, 28.127522872608768 ], [ -109.06889192220018, 28.126108526858918 ], [ -109.064692437625453, 28.11951641205518 ], [ -109.064143152411773, 28.115210095461368 ], [ -109.06146540528411, 28.110510002703229 ], [ -109.06055390434328, 28.107285119458783 ], [ -109.056258266876881, 28.103098176527858 ], [ -109.053450648400386, 28.097901613343321 ], [ -109.049436479661495, 28.096447973021714 ], [ -109.04123517665262, 28.078118988838224 ], [ -109.044577424737184, 28.075433461477331 ], [ -109.045186939940294, 28.07410089221332 ], [ -109.044636101585709, 28.069545640151649 ], [ -109.045746981822944, 28.068374088254735 ], [ -109.044221389783331, 28.0659841020593 ], [ -109.040708067566698, 28.064525264045322 ], [ -109.037123575473217, 28.056682185067416 ], [ -109.03615618523591, 28.048316509909593 ], [ -109.036843458078067, 28.042754322824955 ], [ -109.035953806894355, 28.041353162176105 ], [ -109.034089328426887, 28.042117192333151 ], [ -109.0356616919494, 28.037541623296335 ], [ -109.034523337487428, 28.036225734607505 ], [ -109.0315353116019, 28.037000405611789 ], [ -109.031644542465173, 28.035589723045341 ], [ -109.029775534496395, 28.035939128835885 ], [ -109.029601185486399, 28.031463073093693 ], [ -109.027959040789128, 28.029737282655027 ], [ -109.023052054537402, 28.026300920574045 ], [ -109.01926250686239, 28.022273416033922 ], [ -109.018113643258715, 28.019962395871218 ], [ -109.011091682062286, 28.017125794079362 ], [ -109.008546634189784, 28.012671701037576 ], [ -109.009402407870212, 28.011005295614968 ], [ -109.012886528855134, 28.009977765436222 ], [ -109.009009195419111, 28.009056782263876 ], [ -109.008986233532141, 28.007241345635702 ], [ -109.008032448487441, 28.005886947685649 ], [ -109.006051409936759, 28.005585424354528 ], [ -109.001706475298832, 28.001233713351287 ], [ -108.999601260611186, 28.000928816686539 ], [ -108.997316131669905, 27.998376052449885 ], [ -108.997736720472616, 27.994114129195552 ], [ -108.993335053360326, 27.991003488538187 ], [ -108.989453077028557, 27.989795179455449 ], [ -108.986670618701325, 27.986337780424229 ], [ -108.987399163703486, 27.984423884194715 ], [ -108.991512865898542, 27.983971678261899 ], [ -108.994599906304387, 27.980875223368923 ], [ -108.995298216412863, 27.976142180528289 ], [ -108.996398239236242, 27.973976077756301 ], [ -109.000114959386636, 27.971454218114648 ], [ -109.000971514539984, 27.969870793054117 ], [ -109.000567026977322, 27.967055130187003 ], [ -109.001527014084871, 27.963480598407678 ], [ -109.00014484139156, 27.96258116174857 ], [ -109.000105852208804, 27.958932897555162 ], [ -108.999216595433452, 27.957448449451174 ], [ -108.993829924448164, 27.95542472678391 ], [ -108.993063779458893, 27.953773254147492 ], [ -108.994253214950135, 27.948289414000708 ], [ -108.993096183619272, 27.945065954555073 ], [ -108.993321939090762, 27.942824948790975 ], [ -108.992068363998541, 27.942255919452091 ], [ -108.984229618208246, 27.944234446259589 ], [ -108.982605310693572, 27.944000385728451 ], [ -108.982591377851151, 27.942673717444908 ], [ -108.980065222030717, 27.939711263531972 ], [ -108.978199307919041, 27.940225649808507 ], [ -108.974450132373022, 27.939596001798307 ], [ -108.967518702206419, 27.944882454221606 ], [ -108.965629456386537, 27.943157893378139 ], [ -108.965359383129908, 27.941170082644561 ], [ -108.966570786607065, 27.937676381760092 ], [ -108.970521153843549, 27.933660621248674 ], [ -108.976476423403113, 27.930538930535207 ], [ -108.979057640876661, 27.926866985135163 ], [ -108.982941147182842, 27.91654925884508 ], [ -108.982781718045771, 27.913233703704066 ], [ -108.982026520228331, 27.912577119045508 ], [ -108.978540698514635, 27.913188995475014 ], [ -108.971354706730736, 27.917814363852091 ], [ -108.956062733880529, 27.922677160858161 ], [ -108.946651779988315, 27.929477150191904 ], [ -108.927389042544178, 27.936776744504083 ], [ -108.925473263755208, 27.932315133842369 ], [ -108.920551705092151, 27.926635381397627 ], [ -108.919383980516272, 27.922084287753119 ], [ -108.914498334344728, 27.91996991003753 ], [ -108.913460576563338, 27.915915202710849 ], [ -108.906375089314352, 27.911233560040312 ], [ -108.90810436214646, 27.903943911639594 ], [ -108.904828520874389, 27.902358745773217 ], [ -108.899997625588696, 27.898161044006073 ], [ -108.892941513090648, 27.900124271603001 ], [ -108.892238762151877, 27.891213511120458 ], [ -108.88927841200227, 27.887059574965225 ], [ -108.89073847973728, 27.88554208882946 ], [ -108.886471143071404, 27.884142036606935 ], [ -108.889483614473079, 27.879700320880421 ], [ -108.890624608615653, 27.875131669877582 ], [ -108.886902771096388, 27.870332119338858 ], [ -108.887576086223575, 27.867095323207337 ], [ -108.893480286140885, 27.863580437885506 ], [ -108.898666781846103, 27.859142487912106 ], [ -108.901654573565267, 27.854411395734356 ], [ -108.907152203447666, 27.841382652732843 ], [ -108.913283697069133, 27.831527161952597 ], [ -108.906688096479627, 27.804557103443699 ], [ -108.902278708827041, 27.802251166498479 ], [ -108.896521613182671, 27.795427438276779 ], [ -108.896240735543046, 27.794028293728172 ], [ -108.889002696721448, 27.793184707481711 ], [ -108.886857761091477, 27.791906256696834 ], [ -108.885178565989804, 27.789213352500596 ], [ -108.874554015104877, 27.787198392924886 ], [ -108.871272966197083, 27.785198977483017 ], [ -108.869057530017812, 27.780781217434363 ], [ -108.868682025181073, 27.77516910888902 ], [ -108.865971278227761, 27.770843953457405 ], [ -108.866552246352271, 27.769014036107162 ], [ -108.873561622091316, 27.765318242316564 ], [ -108.878260830474943, 27.758528707729106 ], [ -108.888484307057496, 27.748486067421062 ], [ -108.890815111713124, 27.747033589589318 ], [ -108.89132050690354, 27.741899476266319 ], [ -108.889602767328967, 27.737471865543238 ], [ -108.890158000087808, 27.736673279503442 ], [ -108.881555364589204, 27.728862591857304 ], [ -108.877975303693276, 27.722292052890218 ], [ -108.864320119162258, 27.718781136485951 ], [ -108.855729130591797, 27.723421465985886 ], [ -108.849514410156019, 27.723909937376796 ], [ -108.849180376996244, 27.713853682847994 ], [ -108.848443236227013, 27.711691731181148 ], [ -108.84570152265951, 27.713847882862826 ], [ -108.843447932056733, 27.718248630993156 ], [ -108.842825384905638, 27.718579991136956 ], [ -108.841834968442654, 27.717664149628131 ], [ -108.840590521874887, 27.718160644133313 ], [ -108.837099361641748, 27.721229463702048 ], [ -108.832630603888504, 27.72014123505738 ], [ -108.831507341180796, 27.721385796975369 ], [ -108.828493015819191, 27.729358366402977 ], [ -108.827742730878128, 27.730520460034271 ], [ -108.825752163419878, 27.731098553665944 ], [ -108.822395361691491, 27.731507879200596 ], [ -108.821792145948294, 27.727102261345426 ], [ -108.819057438880307, 27.72734646022171 ], [ -108.81669100950198, 27.728671648757469 ], [ -108.814713260676669, 27.72617477988431 ], [ -108.809004135000478, 27.724584795863645 ], [ -108.805791186203123, 27.720423336118223 ], [ -108.803680365379478, 27.720086745828652 ], [ -108.802306511526666, 27.721746068815069 ], [ -108.794854375111527, 27.721066160130714 ], [ -108.792737052155928, 27.722225236711864 ], [ -108.790006462050556, 27.721554745822989 ], [ -108.785189117344231, 27.715145735325347 ], [ -108.783594295375835, 27.710571723491157 ], [ -108.776680101530644, 27.701000106601587 ], [ -108.774824229229793, 27.699334021905184 ], [ -108.764528271828695, 27.696153281533149 ], [ -108.755130138660164, 27.687073704414267 ], [ -108.748932748849924, 27.684316846197696 ], [ -108.746954177932494, 27.682483931679201 ], [ -108.74611445717278, 27.676249355557449 ], [ -108.737454183485909, 27.669331108820991 ], [ -108.736840490847342, 27.667833796997186 ], [ -108.737365751687193, 27.661934922011969 ], [ -108.729219284736445, 27.651859670141761 ], [ -108.730117291428854, 27.645961755804876 ], [ -108.728408367639489, 27.639974259382036 ], [ -108.72124171746681, 27.633058898363398 ], [ -108.71975331723111, 27.632977727133504 ], [ -108.725938267830415, 27.625129908696703 ], [ -108.72662267501299, 27.621732078333746 ], [ -108.729525966272007, 27.617645127401477 ], [ -108.731064610509648, 27.613492593687141 ], [ -108.731135079375875, 27.610433114624961 ], [ -108.737143517471694, 27.59969391346565 ], [ -108.715003537262362, 27.580626787454658 ], [ -108.7129687473155, 27.577593361628221 ], [ -108.70454438030238, 27.570422774678278 ], [ -108.693891683711939, 27.563278861020152 ], [ -108.68936244190445, 27.559200819286517 ], [ -108.686147879152045, 27.559570675624986 ], [ -108.680401569010414, 27.556747140791881 ], [ -108.668083176331095, 27.55350663190481 ], [ -108.664441577663823, 27.550574337485791 ], [ -108.661909219447836, 27.54729795119459 ], [ -108.657917204736876, 27.545609703167621 ], [ -108.65506884455101, 27.545643750502332 ], [ -108.652419926708177, 27.542781899067748 ], [ -108.647543469869731, 27.540029145790466 ], [ -108.640971894648331, 27.53961106264563 ], [ -108.637767163205737, 27.540558343395709 ], [ -108.634468546107442, 27.543325434742698 ], [ -108.628133553709617, 27.542242589119788 ], [ -108.629389703644833, 27.535779423631443 ], [ -108.62939389163364, 27.528504245688858 ], [ -108.630112372356948, 27.527007711226979 ], [ -108.632567068554465, 27.525656102029338 ], [ -108.640389711705453, 27.526886586284455 ], [ -108.646330437269285, 27.526650882148129 ], [ -108.648797253019481, 27.526042895472322 ], [ -108.651602485594168, 27.523446745882275 ], [ -108.652626037785225, 27.517978305602956 ], [ -108.655922087097764, 27.515128237791018 ], [ -108.656931616003988, 27.508833249520809 ], [ -108.660976558762613, 27.498947195263298 ], [ -108.659748040021967, 27.492100236084653 ], [ -108.653628018464289, 27.481425948500927 ], [ -108.648849465666061, 27.476935738588317 ], [ -108.645723901368129, 27.475071285330447 ], [ -108.636184516917965, 27.474605021436705 ], [ -108.621140366435355, 27.478170597242162 ], [ -108.615080970040196, 27.478571728738263 ], [ -108.614147445838157, 27.474448889670992 ], [ -108.61094208392295, 27.467624104070513 ], [ -108.611891970547092, 27.465132907998285 ], [ -108.611843752008454, 27.462157215948324 ], [ -108.610442319058379, 27.459693207930798 ], [ -108.602447641234463, 27.455155600002669 ], [ -108.597232998202713, 27.454140670293526 ], [ -108.594148609585972, 27.454754693990907 ], [ -108.58828533654787, 27.45961677042602 ], [ -108.583312780148646, 27.458267863934523 ], [ -108.580936596570552, 27.448952486031661 ], [ -108.571122209454913, 27.430957253986012 ], [ -108.576037101606914, 27.428752293521711 ], [ -108.59071353747153, 27.425692277870898 ], [ -108.593561631013358, 27.425825167070627 ], [ -108.599896291580166, 27.427323577203374 ], [ -108.615838933001996, 27.433753938910616 ], [ -108.623771864840634, 27.434571299292834 ], [ -108.633155706403258, 27.433304415225528 ], [ -108.634194773967039, 27.428745270303555 ], [ -108.616610500200821, 27.389679900277496 ], [ -108.616507706483731, 27.383315191820547 ], [ -108.617561940647334, 27.379665368289654 ], [ -108.62323607919673, 27.371084360377456 ], [ -108.625744298986945, 27.365598841502457 ], [ -108.603472952518075, 27.372634599714004 ], [ -108.605640422791581, 27.368972099769074 ], [ -108.610756662362448, 27.364118297890258 ], [ -108.612927734986428, 27.360703697663098 ], [ -108.612748320562872, 27.34954470707223 ], [ -108.610575543915189, 27.34588275889104 ], [ -108.60844714884999, 27.339631732613437 ], [ -108.595470258849332, 27.324642652242179 ], [ -108.603798059205943, 27.319333230015005 ], [ -108.605057608063902, 27.313448132693384 ], [ -108.607672602959255, 27.310214175006518 ], [ -108.614131120897426, 27.307226076571418 ], [ -108.614880240620309, 27.305650882165175 ], [ -108.614274242063829, 27.301258877037196 ], [ -108.611441877688435, 27.295128023364537 ], [ -108.613060045530474, 27.293220728695129 ], [ -108.613814181769584, 27.290070888353874 ], [ -108.611966860066261, 27.286176981991169 ], [ -108.612098912482494, 27.283690590600106 ], [ -108.614710154647767, 27.281368221440623 ], [ -108.62303103537451, 27.27696966538927 ], [ -108.629134856270468, 27.267682812782372 ], [ -108.655116679371062, 27.242548872366182 ], [ -108.657575825303255, 27.238241878682015 ], [ -108.654505958950153, 27.197217265935695 ], [ -108.643995900497572, 27.190513633485772 ], [ -108.634713300289249, 27.187786194449473 ], [ -108.634624332718204, 27.182165907336479 ], [ -108.630802938450046, 27.180077172217423 ], [ -108.631351099608253, 27.170189720449248 ], [ -108.62768140284831, 27.16303219035159 ], [ -108.629815743951511, 27.156972077820917 ], [ -108.629496741944436, 27.147414462665978 ], [ -108.630742590071407, 27.145589877815858 ], [ -108.623860555158743, 27.146207501307035 ], [ -108.619383468831771, 27.144060654439723 ], [ -108.617210889038986, 27.139744319196009 ], [ -108.613661546249119, 27.126561860616111 ], [ -108.614468808302718, 27.115439180902971 ], [ -108.622336774097747, 27.103388008271377 ], [ -108.628235278705304, 27.10067298644762 ], [ -108.631166822450467, 27.098191484308664 ], [ -108.632700008021473, 27.090504361733831 ], [ -108.63647999940774, 27.085221987583953 ], [ -108.64255929299398, 27.071528878678428 ], [ -108.640244467395647, 27.067707394733869 ], [ -108.6385706268006, 27.066403487416927 ], [ -108.636657594973087, 27.061763261382332 ], [ -108.622252285469528, 27.052129296132829 ], [ -108.615465265531327, 27.046160797361345 ], [ -108.608570115949391, 27.046096101124594 ], [ -108.607126657945599, 27.04521560112326 ], [ -108.605878120278462, 27.042511063284749 ], [ -108.600875416898162, 27.038182708273752 ], [ -108.601906464297429, 27.033890553000948 ], [ -108.600174699174957, 27.03408200064974 ], [ -108.599110262014094, 27.032964535760229 ], [ -108.600535165268454, 27.031181849288068 ], [ -108.59999215537016, 27.029333040509279 ], [ -108.598875417610813, 27.029545137297823 ], [ -108.599168511743883, 27.025228196748635 ], [ -108.598482932645595, 27.023873836896158 ], [ -108.594416035528326, 27.020824836876724 ], [ -108.589808440935343, 27.025246181748113 ], [ -108.579202141349313, 27.025637527478423 ], [ -108.570487869309332, 27.028005804057248 ], [ -108.566556655705995, 27.030868281105349 ], [ -108.563558744109628, 27.031931699728222 ], [ -108.544462781673644, 27.035194516349346 ], [ -108.557627397056137, 27.006311854301245 ], [ -108.538587935333751, 27.004239606221105 ], [ -108.530539352284464, 27.00631088818675 ], [ -108.521263560199159, 27.006060698996119 ], [ -108.509991343888998, 27.009705020706956 ], [ -108.507024092481842, 27.009372624672093 ], [ -108.50555682059121, 27.00555938328424 ], [ -108.505939789796756, 27.0029071203559 ], [ -108.50397978695716, 26.998679257141202 ], [ -108.504859758668488, 26.995529834412306 ], [ -108.476850642135744, 26.98142681057719 ], [ -108.452692833005514, 26.985883326634063 ], [ -108.482706261861154, 26.940112391474898 ], [ -108.487802353477534, 26.91515987507788 ], [ -108.526967948117715, 26.89458227919053 ], [ -108.531029557604896, 26.8935897753212 ], [ -108.535086701053118, 26.895323670782648 ], [ -108.54014242246285, 26.887968779832349 ], [ -108.544449806400067, 26.886893220487224 ], [ -108.545805032724886, 26.885570793872262 ], [ -108.546547526136052, 26.882678792430461 ], [ -108.549747879708676, 26.881355639816537 ], [ -108.551842510562395, 26.879041430418077 ], [ -108.550494807598227, 26.875406667382141 ], [ -108.548036047849436, 26.874498783944276 ], [ -108.546193740294427, 26.872681803018125 ], [ -108.547670541530778, 26.872185539000206 ], [ -108.551113279315544, 26.873093048749137 ], [ -108.55172989197996, 26.872018737401625 ], [ -108.551239971376305, 26.870614382891461 ], [ -108.548167817599776, 26.868715282348152 ], [ -108.547555590951148, 26.866897849759848 ], [ -108.548421848665527, 26.863427458105871 ], [ -108.550271112373125, 26.86053504174652 ], [ -108.550156244037851, 26.855164737525428 ], [ -108.551757401509334, 26.853594338803187 ], [ -108.550781670808547, 26.848224360154855 ], [ -108.553251737726725, 26.84120066694171 ], [ -108.553505003559891, 26.836325949990115 ], [ -108.551912255469531, 26.832525988953719 ], [ -108.549762175628416, 26.83141137578431 ], [ -108.548597084381058, 26.829470182539705 ], [ -108.553066892365834, 26.827801538688163 ], [ -108.558529785032079, 26.823326821035824 ], [ -108.560596245105373, 26.814576634784903 ], [ -108.563537621831898, 26.811680566476777 ], [ -108.562033653252897, 26.809299893865234 ], [ -108.554713450131317, 26.804808618360028 ], [ -108.544220083176015, 26.802872014556154 ], [ -108.542238854811202, 26.800142120400078 ], [ -108.542337619139673, 26.797649229843191 ], [ -108.546673985847065, 26.790557227781733 ], [ -108.548696789945296, 26.789128053440006 ], [ -108.552162689357388, 26.788496607198216 ], [ -108.552531682100295, 26.782268469149169 ], [ -108.552262023280321, 26.779763082123598 ], [ -108.550443071532683, 26.776040297390303 ], [ -108.547748844313972, 26.772703869056194 ], [ -108.543340196038272, 26.769226032654171 ], [ -108.543901712537604, 26.768166373289194 ], [ -108.560134571502289, 26.760725443101038 ], [ -108.625640700902068, 26.747963637348139 ], [ -108.627484708077503, 26.746805496688939 ], [ -108.631058257834212, 26.735318874378326 ], [ -108.626515105737369, 26.733091982577154 ], [ -108.629348016671912, 26.725241124427416 ], [ -108.628614998978492, 26.721110907084768 ], [ -108.629482884656241, 26.71276594998724 ], [ -108.627397442527908, 26.710206512564636 ], [ -108.627153200876577, 26.708802224461749 ], [ -108.627525353884991, 26.705084184082782 ], [ -108.631835811572429, 26.692688263363657 ], [ -108.631961103626992, 26.690127053781197 ], [ -108.628899550598419, 26.681785212161142 ], [ -108.625954753066438, 26.679722053167776 ], [ -108.626331159374629, 26.675598530833042 ], [ -108.627432952444877, 26.675094383456379 ], [ -108.630870346257936, 26.675587418684387 ], [ -108.637010686166406, 26.674260589927716 ], [ -108.646341355457125, 26.674913462898498 ], [ -108.651499106928753, 26.673669518842033 ], [ -108.65542701434299, 26.674905027237351 ], [ -108.665742850874025, 26.671342336933275 ], [ -108.689189213289694, 26.677760004501017 ], [ -108.691643352328512, 26.680813683252047 ], [ -108.727500531494002, 26.646564959344467 ], [ -108.734448999314296, 26.638278261394198 ], [ -108.735799655478175, 26.625257579373777 ], [ -108.738002175027177, 26.618921699428277 ], [ -108.736231845133588, 26.6072973439687 ], [ -108.736863092813806, 26.603573220200609 ], [ -108.736161342889872, 26.592898950175258 ], [ -108.736314879583347, 26.58882642961575 ], [ -108.737916412587751, 26.582138105254646 ], [ -108.79499224663499, 26.587892718893855 ], [ -108.802694791115471, 26.572079044659322 ], [ -108.795500057469894, 26.561030249210138 ], [ -108.792087676053598, 26.543944620391667 ], [ -108.787664326666217, 26.538973059372811 ], [ -108.790755520159607, 26.536530063026081 ], [ -108.796524194173514, 26.536179743212575 ], [ -108.808635409600598, 26.539446959922056 ], [ -108.82223998758144, 26.540582658082077 ], [ -108.834467604375263, 26.544591696356527 ], [ -108.845021406010744, 26.531820288865163 ], [ -108.858891798587777, 26.517193923154753 ], [ -108.874064941711822, 26.511697510979054 ], [ -108.887352935707369, 26.519449100593171 ], [ -108.893633909308988, 26.527391068523514 ], [ -108.903676851046342, 26.528017590853189 ], [ -108.914295086323577, 26.440296769638383 ], [ -108.915322104046481, 26.438997317639256 ], [ -108.918229799641423, 26.436508241667905 ], [ -108.92309854283998, 26.433997003506025 ], [ -108.93275200610195, 26.431301561030381 ], [ -108.938876789617424, 26.427913391119777 ], [ -108.949758782371617, 26.426123485539662 ], [ -108.956941517714128, 26.423424265595056 ], [ -108.964239110668416, 26.417547011135365 ], [ -109.008121886644091, 26.402191531783558 ], [ -109.010845738036437, 26.400938003220915 ], [ -109.016415558710577, 26.396360288750547 ], [ -109.018273239050984, 26.396352301597108 ], [ -109.020377566205809, 26.395018443373651 ], [ -109.021617199651274, 26.396503461052635 ], [ -109.024837533741675, 26.396903477954716 ], [ -109.030903461979761, 26.393978976943409 ], [ -109.033997672872061, 26.391895355997583 ], [ -109.03906917330643, 26.38558007928167 ], [ -109.046744161969031, 26.382813261530842 ], [ -109.049091177902568, 26.377255035088083 ], [ -109.05082360836677, 26.376170769334106 ], [ -109.052309605663041, 26.376246809402055 ], [ -109.057135019684964, 26.37282992345655 ], [ -109.061391492406585, 26.371929152195833 ], [ -109.064559766268545, 26.368904001592291 ], [ -109.071108034465027, 26.357529652405518 ], [ -109.077536806992597, 26.350461172267547 ], [ -109.081980641175335, 26.34083498364966 ], [ -109.088530523463135, 26.333020097366543 ], [ -109.092230556705616, 26.32372828003064 ], [ -109.099395804017732, 26.314750542379151 ], [ -109.102611337183063, 26.313244242862154 ], [ -109.115114000757956, 26.314838031183481 ], [ -109.118696740060187, 26.311011002097182 ], [ -109.116465753990525, 26.309034961521608 ], [ -109.11708191189193, 26.307458581683676 ], [ -109.121282682155652, 26.303379935659645 ], [ -109.126242913651438, 26.30915098774809 ], [ -109.144680584966451, 26.307813595228122 ], [ -109.150260377748069, 26.31324942813249 ], [ -109.151762300385357, 26.321770447914627 ], [ -109.153505103431456, 26.326812362429859 ], [ -109.153261139032708, 26.328635367033325 ], [ -109.152274471508747, 26.33046229095142 ], [ -109.150542165362438, 26.330802640913216 ], [ -109.148683189086043, 26.32965314432878 ], [ -109.14608331052392, 26.32941835950032 ], [ -109.143362787925895, 26.330840253142426 ], [ -109.140266849244995, 26.330111119505709 ], [ -109.137794115532685, 26.33169722456584 ], [ -109.136809300965567, 26.334683278612903 ], [ -109.138307059189756, 26.341382697089784 ], [ -109.13991851504764, 26.342533614788191 ], [ -109.147465549516568, 26.340175757120441 ], [ -109.150808106199747, 26.340241015381235 ], [ -109.15810672551126, 26.337635465898533 ], [ -109.159842468835819, 26.338951118806833 ], [ -109.16022256168462, 26.343254973459633 ], [ -109.158504202644679, 26.350633779585621 ], [ -109.157639062674349, 26.351383616936147 ], [ -109.15812914340512, 26.348814056487445 ], [ -109.155899721049451, 26.348329042204782 ], [ -109.153304437036795, 26.350661294225404 ], [ -109.153061205278206, 26.35289831035951 ], [ -109.154431056081421, 26.356948527649525 ], [ -109.158153644863447, 26.361069085188504 ], [ -109.162726377752293, 26.356904503860623 ], [ -109.162971127731794, 26.355495507359404 ], [ -109.161479199447371, 26.352439669017436 ], [ -109.166303697805432, 26.350509348666154 ], [ -109.168286816028811, 26.351575169669886 ], [ -109.168171820868821, 26.355798871255335 ], [ -109.16656949112587, 26.359285302908447 ], [ -109.164604941340627, 26.367327936772909 ], [ -109.167347707990501, 26.376339032642726 ], [ -109.173551241997828, 26.381936428662666 ], [ -109.182719829875339, 26.383956776698835 ], [ -109.183476903321605, 26.390328686320242 ], [ -109.186829272595318, 26.394119398724158 ], [ -109.187945235104294, 26.39469291346408 ], [ -109.191411795542436, 26.394094185225232 ], [ -109.199098160018721, 26.39728101170768 ], [ -109.20158656325394, 26.402069900181537 ], [ -109.206550709518396, 26.406099608512314 ], [ -109.208663998852629, 26.409234370939615 ], [ -109.210023756191305, 26.408067414173438 ], [ -109.21063928225459, 26.406490613403623 ], [ -109.209146695713855, 26.403932027510223 ], [ -109.205923087565694, 26.402625259128563 ], [ -109.205549528942981, 26.401799290989668 ], [ -109.205414815374795, 26.397245686348292 ], [ -109.204292046247716, 26.393856916847106 ], [ -109.202306109358659, 26.392046297670422 ], [ -109.195611329175961, 26.389102574935006 ], [ -109.184064700646204, 26.376082862787701 ], [ -109.188017669759247, 26.371755243800269 ], [ -109.188876620640059, 26.368272651150413 ], [ -109.191965233404616, 26.365191753722112 ], [ -109.190343514424228, 26.359901115569087 ], [ -109.190834625637621, 26.358076658801792 ], [ -109.193555284506488, 26.356653871263884 ], [ -109.19764825272172, 26.359694938588891 ], [ -109.200629607025263, 26.363818615063298 ], [ -109.205714597935966, 26.367267953686 ], [ -109.208581629988601, 26.375118445440624 ], [ -109.216516003672226, 26.378716935553228 ], [ -109.218874099590323, 26.380773655290362 ], [ -109.222610298914788, 26.389032989700073 ], [ -109.225093828176327, 26.391585746900773 ], [ -109.230177106918703, 26.393626593669545 ], [ -109.236868060714841, 26.394664202635752 ], [ -109.23722961425689, 26.398953955783451 ], [ -109.239481432188057, 26.399286173535021 ], [ -109.241593968217472, 26.401840843941386 ], [ -109.239870976690753, 26.405991334297877 ], [ -109.242491396866811, 26.413097460194944 ], [ -109.242004586887603, 26.41632982162028 ], [ -109.244117244145258, 26.41880166068924 ], [ -109.243514607376028, 26.425015787721602 ], [ -109.245269692448844, 26.432623799349372 ], [ -109.245533195511683, 26.438418794336357 ], [ -109.239988202191057, 26.449961499772012 ], [ -109.23925568022662, 26.454106135526828 ], [ -109.236529038111897, 26.453956374191161 ], [ -109.23665773663808, 26.455777385322364 ], [ -109.243482462733297, 26.459132711673444 ], [ -109.251822503672571, 26.472581322292847 ], [ -109.254427286713209, 26.47331119222024 ], [ -109.258391509019376, 26.472625203253639 ], [ -109.2593746404347, 26.469638266500578 ], [ -109.256869776107536, 26.46029587549712 ], [ -109.255879060325526, 26.460550184644404 ], [ -109.25028763319412, 26.455200770867279 ], [ -109.251274667954362, 26.453621595686357 ], [ -109.254123418725186, 26.453107889108956 ], [ -109.255603277348939, 26.450532060932797 ], [ -109.254727341432698, 26.447473365979089 ], [ -109.252625872315562, 26.449307597093494 ], [ -109.252123814116246, 26.446991947416532 ], [ -109.253476733327332, 26.443340384636052 ], [ -109.251854496475858, 26.439209595165764 ], [ -109.253957166321257, 26.43787220469682 ], [ -109.253568653519366, 26.431829518952963 ], [ -109.251822658521121, 26.427699466066183 ], [ -109.252538172657538, 26.417675434259841 ], [ -109.250651792514532, 26.40750120386182 ], [ -109.251862148749709, 26.39730859393848 ], [ -109.251352665173783, 26.392260303058986 ], [ -109.252784642444865, 26.372874567613898 ], [ -109.25240223788056, 26.368984833121093 ], [ -109.255103736602109, 26.360936247830999 ], [ -109.257530698734683, 26.343614595662945 ], [ -109.257645256354252, 26.340384344826422 ], [ -109.256644705608394, 26.336829551730222 ], [ -109.259470966750854, 26.329525326985305 ], [ -109.258099560566549, 26.326138394492411 ], [ -109.258218342778321, 26.32439867986 ], [ -109.259447784216633, 26.321492939062885 ], [ -109.262040372270093, 26.319158613078937 ], [ -109.263399240803565, 26.31823948038905 ], [ -109.264392108793345, 26.31914437039573 ], [ -109.266640585847469, 26.326086746987166 ], [ -109.262232512428042, 26.34267538082068 ], [ -109.261514144013432, 26.351126275728717 ], [ -109.257962228618254, 26.364645535656003 ], [ -109.256152035035456, 26.381300969226213 ], [ -109.256678816866568, 26.392394193509304 ], [ -109.255112948227165, 26.408137165327179 ], [ -109.255506419351448, 26.415918813238981 ], [ -109.258958799303699, 26.453990030663043 ], [ -109.262719036388475, 26.468955839692072 ], [ -109.267248814638592, 26.492611796711039 ], [ -109.27586663143849, 26.51450399015874 ], [ -109.292816440798404, 26.542969372055357 ], [ -109.300534511016181, 26.552196214722297 ], [ -109.307250430317964, 26.557950991944839 ], [ -109.311489958212377, 26.564880377491516 ], [ -109.315721631807406, 26.5692426285237 ], [ -109.321938436151981, 26.573592182854341 ], [ -109.333260866702688, 26.583457019161173 ], [ -109.360244911217308, 26.600505746372864 ], [ -109.365482767482661, 26.607675575730301 ], [ -109.367609374272234, 26.612298834721546 ], [ -109.378208969313476, 26.625891738095884 ], [ -109.380465526623212, 26.631838937268896 ], [ -109.382585583443799, 26.634474596755993 ], [ -109.389434529435576, 26.640225006549532 ], [ -109.39168067846802, 26.643273745257137 ], [ -109.399897077594659, 26.649262819928694 ], [ -109.405132276072152, 26.654609552850296 ], [ -109.419071934109098, 26.663208006558982 ], [ -109.421938035894954, 26.665755116307718 ], [ -109.424421473690543, 26.665820502370533 ], [ -109.451521119476027, 26.673329130923779 ], [ -109.475996746692218, 26.67646302738752 ], [ -109.48147824389919, 26.680314701508017 ], [ -109.487820012997091, 26.682172222820892 ], [ -109.489070735980775, 26.6840676068189 ], [ -109.482494748031186, 26.685275990860386 ], [ -109.47491722714156, 26.684752363850365 ], [ -109.471311182199628, 26.68370232914495 ], [ -109.465458122931906, 26.680018616159764 ], [ -109.462349006403059, 26.678964732234085 ], [ -109.459739949141792, 26.678652467458537 ], [ -109.454904627979332, 26.680343790778409 ], [ -109.445945596577403, 26.676102057405188 ], [ -109.433643992105502, 26.674036640085312 ], [ -109.431548200823627, 26.67761240019421 ], [ -109.431192071555316, 26.6815070867844 ], [ -109.43184152237724, 26.688293085806702 ], [ -109.432966124465153, 26.689941374130807 ], [ -109.433603816011029, 26.693911839602944 ], [ -109.4409318408171, 26.694108221530161 ], [ -109.441943463888492, 26.698324433638319 ], [ -109.438112594274955, 26.702823567795711 ], [ -109.437026129925329, 26.710201552547947 ], [ -109.437909989577165, 26.713590570438896 ], [ -109.445001589863239, 26.71627285047542 ], [ -109.451838958259557, 26.717548810233129 ], [ -109.467237175183186, 26.716526229034329 ], [ -109.473325809454806, 26.716978501391122 ], [ -109.475194297831791, 26.718124146187314 ], [ -109.477439273280112, 26.720095125105924 ], [ -109.480566476908336, 26.724792391588046 ], [ -109.482079757098859, 26.72966718395854 ], [ -109.482234657975582, 26.736291105251333 ], [ -109.483872759989836, 26.741247771398545 ], [ -109.486745713103559, 26.744538986748793 ], [ -109.494553408977268, 26.740340074982772 ], [ -109.498897013327507, 26.739313721129836 ], [ -109.508513477995578, 26.724003263557886 ], [ -109.510123910233361, 26.723080067957806 ], [ -109.514147800079897, 26.758328349112592 ], [ -109.520108123453539, 26.757454676427241 ], [ -109.525464466179926, 26.760063612759165 ], [ -109.528820348379767, 26.760203373236934 ], [ -109.531918092511006, 26.758440312561021 ], [ -109.532153209358981, 26.75578841651615 ], [ -109.534993010647483, 26.752205347099729 ], [ -109.536833568626477, 26.747636208292661 ], [ -109.550440730443015, 26.736018281639204 ], [ -109.556603972241717, 26.72677698429197 ], [ -109.558430926544077, 26.719888741671774 ], [ -109.555540244501358, 26.713534838686876 ], [ -109.554040983690982, 26.711890395129135 ], [ -109.545818194503582, 26.707151949832017 ], [ -109.537233262157713, 26.704320644918077 ], [ -109.536619461942777, 26.705733298873067 ], [ -109.538495674978293, 26.708285940047563 ], [ -109.536270142548119, 26.710290878945319 ], [ -109.529557930244266, 26.709349252653908 ], [ -109.530437850661542, 26.711412816323399 ], [ -109.529570903156682, 26.71191642651355 ], [ -109.525581675685544, 26.709048741361308 ], [ -109.524701030212583, 26.706819527321603 ], [ -109.515624898837643, 26.707183139299602 ], [ -109.51491235860847, 26.702608423062802 ], [ -109.51766785331283, 26.700190477690125 ], [ -109.523672175050351, 26.699788170183922 ], [ -109.525173327078051, 26.701929785262511 ], [ -109.531001392801755, 26.700062735199818 ], [ -109.535471182598243, 26.699779525882075 ], [ -109.551762178707861, 26.703709626729299 ], [ -109.553744156019661, 26.702700148096106 ], [ -109.553489215416235, 26.701459923506523 ], [ -109.549518335755124, 26.702153843474751 ], [ -109.550506720297307, 26.701152246919133 ], [ -109.548390599590576, 26.700257968303909 ], [ -109.546782078366576, 26.701430064919311 ], [ -109.536208731748374, 26.698283094125248 ], [ -109.536574530801289, 26.696955189622937 ], [ -109.544637186289719, 26.694987287226962 ], [ -109.543632069443362, 26.692759151792753 ], [ -109.52049633208658, 26.685568407692138 ], [ -109.519113880474521, 26.68226642740893 ], [ -109.51700001167714, 26.681702951083441 ], [ -109.5136354407136, 26.679327082215181 ], [ -109.501699281056148, 26.676188094825417 ], [ -109.494131279438619, 26.677570177807052 ], [ -109.49436779444693, 26.675083967744609 ], [ -109.496340626562542, 26.672170620857266 ], [ -109.499319779720764, 26.67198252941397 ], [ -109.5112509608892, 26.674210765973466 ], [ -109.527548261906645, 26.680296597771466 ], [ -109.556402895799366, 26.688765906041631 ], [ -109.589709949763161, 26.693052333352032 ], [ -109.612694823932671, 26.694518865864392 ], [ -109.625486701929276, 26.694411611582346 ], [ -109.629093705297777, 26.695292168180291 ], [ -109.627114430835505, 26.696633990168458 ], [ -109.620407872366897, 26.69669043637003 ], [ -109.621407260515667, 26.697675868774407 ], [ -109.625260771949186, 26.698223179970487 ], [ -109.629357810143219, 26.697940140422372 ], [ -109.647339696910379, 26.693397519522545 ], [ -109.658271742024382, 26.693800176634664 ], [ -109.663896581606537, 26.699548754431071 ], [ -109.664900516098186, 26.701196419823326 ], [ -109.664668124483356, 26.703765863675706 ], [ -109.660315320395753, 26.702892656102893 ], [ -109.650874345936373, 26.702725751829131 ], [ -109.646291920175017, 26.704918414894454 ], [ -109.646295945300039, 26.705580935513211 ], [ -109.648289295300003, 26.706557668407815 ], [ -109.655873071196069, 26.707651831618783 ], [ -109.662210794971244, 26.708093861558083 ], [ -109.666544138023369, 26.705820028096078 ], [ -109.667515495420844, 26.702250295107554 ], [ -109.667368995247941, 26.698690306417483 ], [ -109.663111682021778, 26.693178435127429 ], [ -109.671551594583619, 26.692276592940864 ], [ -109.675386343089102, 26.689841172221605 ], [ -109.675998890298089, 26.68851066173152 ], [ -109.675364831297074, 26.686445718195849 ], [ -109.673389889318855, 26.688367924521494 ], [ -109.671276083388676, 26.687972343936533 ], [ -109.668304933336771, 26.689489090651882 ], [ -109.661482766572405, 26.690873628152982 ], [ -109.660359915088264, 26.69005517502762 ], [ -109.664694660833263, 26.688112631121154 ], [ -109.667782735142282, 26.685435454742905 ], [ -109.668967872992226, 26.67639767492912 ], [ -109.66982615628153, 26.674650937124984 ], [ -109.67218230944863, 26.674133377438618 ], [ -109.682741235785102, 26.674702984669636 ], [ -109.695300580627688, 26.677324496964474 ], [ -109.708615508205511, 26.68142890119378 ], [ -109.727800835954511, 26.690282173686256 ], [ -109.74697999468286, 26.697807868878449 ], [ -109.760816669646189, 26.704801522849266 ], [ -109.766932997917024, 26.70896801379655 ], [ -109.77702176111984, 26.712682496807101 ], [ -109.78176125716297, 26.715287796400144 ], [ -109.785894951837903, 26.719969327787325 ], [ -109.798624814746319, 26.7277982992142 ], [ -109.798383697432854, 26.7287945113181 ], [ -109.795779026510601, 26.729399350783737 ], [ -109.796669464604292, 26.732206799625398 ], [ -109.799894775542569, 26.731513138170648 ], [ -109.802259615648012, 26.732070079726185 ], [ -109.809988527970205, 26.735473823194848 ], [ -109.817242835736252, 26.741780656133599 ], [ -109.82977324577412, 26.755406683698833 ], [ -109.839150234176515, 26.762685466173512 ], [ -109.842933822472659, 26.769770870389472 ], [ -109.847582713134926, 26.776184966949629 ], [ -109.848223582729872, 26.77866333031195 ], [ -109.853868808481394, 26.785232957980018 ], [ -109.861829707891488, 26.801552481657417 ], [ -109.864512813917869, 26.810636245764602 ], [ -109.864680615501243, 26.81610101216533 ], [ -109.868642719010609, 26.82956154926082 ], [ -109.869702362247338, 26.837667700974368 ], [ -109.868704208964985, 26.83726365207211 ], [ -109.865147826644829, 26.827940282870848 ], [ -109.863973448833036, 26.820994807721856 ], [ -109.861574277895187, 26.816380734854064 ], [ -109.860828938635393, 26.816471047219466 ], [ -109.860092772637387, 26.817720812333761 ], [ -109.86135973457209, 26.820689787180175 ], [ -109.861120243557323, 26.821851741268077 ], [ -109.859119046674522, 26.820380978182286 ], [ -109.85738617017185, 26.821392244845718 ], [ -109.859517593270709, 26.823607149168666 ], [ -109.858802296964697, 26.827507087047852 ], [ -109.859316691841457, 26.829655373170883 ], [ -109.862576641724203, 26.833018464330536 ], [ -109.861607420109578, 26.836258366394063 ], [ -109.862495627761319, 26.838485713141651 ], [ -109.862262010969943, 26.840393028531064 ], [ -109.860394664514644, 26.84016329849117 ], [ -109.85841865337116, 26.841922422690207 ], [ -109.861163758696662, 26.843054444516454 ], [ -109.866261269598709, 26.84283754646037 ], [ -109.866518564695227, 26.843911677224678 ], [ -109.865415763853719, 26.845993400302092 ], [ -109.867914289151372, 26.847376253254783 ], [ -109.869281659905397, 26.847279636311008 ], [ -109.869675929290636, 26.849926051696098 ], [ -109.871784241072547, 26.849159332208739 ], [ -109.871393238681648, 26.846927012011452 ], [ -109.864862354982222, 26.838958864391419 ], [ -109.864341897833327, 26.836065232804692 ], [ -109.865202497312353, 26.834814199203418 ], [ -109.874014899038599, 26.848142866484224 ], [ -109.875106982402755, 26.860224245396271 ], [ -109.878560064930426, 26.871950365751974 ], [ -109.879349180285033, 26.877243143927902 ], [ -109.883556336352754, 26.889789746877462 ], [ -109.886072850648731, 26.893242756382502 ], [ -109.887743492742061, 26.899768876852139 ], [ -109.891021109942344, 26.904953362154199 ], [ -109.893812121508333, 26.911467961775269 ], [ -109.893995528243451, 26.918671839041192 ], [ -109.888031087890084, 26.919997893726578 ], [ -109.87428076761627, 26.919715177622653 ], [ -109.869222774228618, 26.920366499133376 ], [ -109.857711021678597, 26.910010959847728 ], [ -109.842706452947667, 26.900800967723683 ], [ -109.746387080612749, 26.899483930451506 ], [ -109.747454301498806, 26.891854621650673 ], [ -109.739008410465459, 26.894002682159968 ], [ -109.731128908530891, 26.887945892789713 ], [ -109.725159576269817, 26.888331356998265 ], [ -109.725387283680234, 26.885182139412397 ], [ -109.723894433174138, 26.885195654902681 ], [ -109.721813836866659, 26.890349289622627 ], [ -109.710612064643726, 26.889704638986476 ], [ -109.709482597485135, 26.888223997851178 ], [ -109.70636321419569, 26.886843938873593 ], [ -109.704254801570542, 26.887856567545231 ], [ -109.702156044185969, 26.890359820644981 ], [ -109.700763357081598, 26.886645340373111 ], [ -109.701725223949595, 26.881502005428473 ], [ -109.703576104047727, 26.879166595203412 ], [ -109.704941226542587, 26.878657514029467 ], [ -109.705968914801531, 26.874730743130353 ], [ -109.709997373940936, 26.871903959516406 ], [ -109.705613968442918, 26.867388076124275 ], [ -109.705106689651885, 26.865901852917961 ], [ -109.655982365227075, 26.867408266973658 ], [ -109.655510589051232, 26.871636018339078 ], [ -109.64095729570829, 26.871759982297391 ], [ -109.641294946010333, 26.849504771935305 ], [ -109.549657856347963, 26.848404490665803 ], [ -109.548985534697863, 26.838637649032233 ], [ -109.367500582711401, 26.839935351428874 ], [ -109.347768929098891, 26.806312920147604 ], [ -109.335673038875115, 26.783920807944309 ], [ -109.297014893499977, 26.740190819304399 ], [ -109.260110016029714, 26.696792493726992 ], [ -109.255846878514049, 26.695773799326609 ], [ -109.247249367897837, 26.699779246576902 ], [ -109.243442327318064, 26.700387030083885 ], [ -109.240856860878452, 26.712552453808453 ], [ -109.240978070880672, 26.715439378737223 ], [ -109.246625938780497, 26.718566331559227 ], [ -109.248466690862031, 26.721641467688059 ], [ -109.248094408635268, 26.72930300811257 ], [ -109.246987183142537, 26.73275030433685 ], [ -109.251529908790431, 26.737181059402516 ], [ -109.253979946147624, 26.751887920220017 ], [ -109.239972972157787, 26.75474773696028 ], [ -109.226949448588613, 26.75588850060802 ], [ -109.210483126268358, 26.760112963907584 ], [ -109.200403549860212, 26.765496164710157 ], [ -109.193766848838081, 26.767464490683896 ], [ -109.190938663016368, 26.769650691665053 ], [ -109.208018408817637, 26.773825595194531 ], [ -109.205307536267838, 26.777352533158972 ], [ -109.193134998605814, 26.78484934705752 ], [ -109.185636310142556, 26.787299794771343 ], [ -109.184649537430673, 26.790665746053708 ], [ -109.180715111534724, 26.79234156858065 ], [ -109.178497394336816, 26.797256388946217 ], [ -109.177262211832641, 26.80259718624492 ], [ -109.174185928081187, 26.805686272533034 ], [ -109.168284731480995, 26.807004205066011 ], [ -109.161641457121846, 26.811773544526051 ], [ -109.159663531703217, 26.820318480964605 ], [ -109.165195168085219, 26.820232197431626 ], [ -109.166534434592435, 26.83039048683862 ], [ -109.163329739799423, 26.836857224333535 ], [ -109.160737743539016, 26.844569082013788 ], [ -109.156303309797991, 26.850605955840955 ], [ -109.152490270788078, 26.851623158072169 ], [ -109.148669320672468, 26.858080687279298 ], [ -109.144979906736992, 26.858439984628799 ], [ -109.140795012550996, 26.861182600005279 ], [ -109.140300152539538, 26.863153860014577 ], [ -109.141648539274797, 26.865975934525082 ], [ -109.143235515332293, 26.873747355504356 ], [ -109.146916585307906, 26.879405557504775 ], [ -109.15181951675342, 26.89093384370933 ], [ -109.15438983793571, 26.899873269015515 ], [ -109.159663467707006, 26.911324178560182 ], [ -109.190030300610701, 26.928899838377976 ], [ -109.196548539452337, 26.931711526504593 ], [ -109.212288545630287, 26.94231760571591 ], [ -109.224097261251018, 26.948169066889978 ], [ -109.230616565037892, 26.952215760486958 ], [ -109.241932616948816, 26.961603660764236 ], [ -109.250914288237013, 26.966919655869429 ], [ -109.25226392527837, 26.974192225156088 ], [ -109.255830701293974, 26.979434095294497 ], [ -109.25349128689183, 26.980309046279366 ], [ -109.250290787764243, 26.980100586170302 ], [ -109.249549931136599, 26.983717566503906 ], [ -109.244253107072026, 26.988673676245316 ], [ -109.244128997300038, 26.990155778157892 ], [ -109.252005369001139, 26.994714731048692 ], [ -109.254961107430617, 26.993106297417224 ], [ -109.258531829354453, 26.992412923432905 ], [ -109.263455255665875, 26.99470540928677 ], [ -109.274284005701873, 27.008206003907318 ], [ -109.27539091134318, 27.011353409113969 ], [ -109.277729198875178, 27.014682240718834 ], [ -109.284623533314331, 27.019226245311266 ], [ -109.285977143949935, 27.022294452038093 ], [ -109.28523692577636, 27.026323810787762 ], [ -109.285727725412158, 27.031853478066083 ], [ -109.282894002401207, 27.034865552329435 ], [ -109.283385369586512, 27.038499238861451 ], [ -109.28092159709712, 27.039702673840271 ], [ -109.27747410495644, 27.036771132692305 ], [ -109.272671704318768, 27.034563144565222 ], [ -109.267745292216929, 27.034496597554849 ], [ -109.25887374725059, 27.041465600592407 ], [ -109.254932104365253, 27.041906574789522 ], [ -109.248894571016066, 27.045368844728205 ], [ -109.244829078688184, 27.046549734159118 ], [ -109.241008642386234, 27.049382527446774 ], [ -109.245406129407982, 27.101292968110194 ], [ -109.254880193382988, 27.124338739324354 ], [ -109.258942907861964, 27.132142767598424 ], [ -109.259680277460063, 27.135779834757745 ], [ -109.264451497198692, 27.141062851968289 ], [ -109.24635600676551, 27.150682873212951 ], [ -109.240680747308645, 27.155798135774674 ], [ -109.226741556110852, 27.163601551875193 ], [ -109.223144969983309, 27.185313481213608 ], [ -109.219692361908912, 27.184853330769933 ], [ -109.213278437829388, 27.185917974058572 ], [ -109.206987365113747, 27.187313761981624 ], [ -109.20242174338334, 27.189557798296303 ], [ -109.192925811922265, 27.189341740024233 ], [ -109.187003577627124, 27.191318826347363 ], [ -109.186506096262974, 27.194526555736203 ], [ -109.18909307750333, 27.196871186912677 ], [ -109.191924148627606, 27.201362400193588 ], [ -109.190565029766191, 27.203239096686175 ], [ -109.183039012048752, 27.204863598473654 ], [ -109.178714252389355, 27.210489844285572 ], [ -109.16995100181903, 27.214239187964456 ], [ -109.171553009731852, 27.215333633664276 ], [ -109.18536465359324, 27.218415038976342 ], [ -109.220145046714322, 27.225250675339741 ], [ -109.240951158318609, 27.231714376651325 ], [ -109.235178000030828, 27.245489842365046 ], [ -109.25072489235491, 27.246033581859049 ], [ -109.257634062709698, 27.247199744165258 ], [ -109.258864159163139, 27.252821864964435 ], [ -109.262561283402476, 27.260291107114615 ], [ -109.259596123243085, 27.265196525489767 ], [ -109.261940200653868, 27.266382544172988 ], [ -109.264902144982898, 27.266422902556723 ], [ -109.26736962318391, 27.267775375245989 ], [ -109.270204872696027, 27.273419225187354 ], [ -109.273289270173777, 27.275521857094787 ], [ -109.275631772385381, 27.280252181333587 ], [ -109.275861593294962, 27.28703220131705 ], [ -109.279088873782314, 27.288182939492032 ], [ -109.281700629457774, 27.290331738386552 ], [ -109.283323315812311, 27.293064959720727 ], [ -109.291034112151408, 27.299179463762645 ], [ -109.294248145505051, 27.29709300146104 ], [ -109.298339695555654, 27.29732722919627 ], [ -109.300578029904571, 27.298979064786234 ], [ -109.304426086077655, 27.300209984289872 ], [ -109.298508865057883, 27.307867373591954 ], [ -109.297529208027967, 27.310692847878467 ], [ -109.297439649826671, 27.318743968749789 ], [ -109.299794878937078, 27.318652454111074 ], [ -109.302528133275572, 27.319970489295216 ], [ -109.307516280823336, 27.326592080433858 ], [ -109.312988555721773, 27.330389778312806 ], [ -109.317476985133325, 27.335933932046643 ], [ -109.324765180730594, 27.329764554142013 ], [ -109.329246640509254, 27.333648407057616 ], [ -109.330734974123175, 27.333725699465873 ], [ -109.33833911479941, 27.342411206029062 ], [ -109.346183496476314, 27.349186415212095 ], [ -109.350635433601624, 27.346512805622734 ], [ -109.353336015804686, 27.340692067814114 ], [ -109.360633884626793, 27.336844701067086 ], [ -109.363608301470009, 27.336500616080635 ], [ -109.361613438883481, 27.33426772807719 ], [ -109.358258296705728, 27.332787312518075 ], [ -109.358346328944208, 27.325316960410991 ], [ -109.359823364491774, 27.32306998215935 ], [ -109.358065979942921, 27.318595090122344 ], [ -109.355076129497348, 27.315619142955995 ], [ -109.355177828172216, 27.31097073216014 ], [ -109.352685314758133, 27.308241741292843 ], [ -109.351307429168273, 27.30525925786813 ], [ -109.350147546416338, 27.29596789200011 ], [ -109.360928447946861, 27.29526040371664 ], [ -109.36441904748385, 27.29931317201105 ], [ -109.372621364630263, 27.303512378483621 ], [ -109.374864699774776, 27.305910069360699 ], [ -109.376834507133381, 27.303162816315492 ], [ -109.37780920246891, 27.299755695824782 ], [ -109.374860549046232, 27.280179785450827 ], [ -109.373099418271863, 27.274958064811436 ], [ -109.377184219105928, 27.273944963590363 ], [ -109.385518881095223, 27.280051841194755 ], [ -109.395460619663808, 27.285155300342375 ], [ -109.402054441578656, 27.289857748797417 ], [ -109.40603876302275, 27.293243370729197 ], [ -109.408911207218026, 27.297297819523003 ], [ -109.413267890558629, 27.300681610479696 ], [ -109.417859872687174, 27.301657154507811 ], [ -109.422190118060357, 27.300060652332427 ], [ -109.427747190459826, 27.296134356090985 ], [ -109.430347145101592, 27.295541481600701 ], [ -109.433206860053218, 27.297105443361332 ], [ -109.436177316394293, 27.296261750216416 ], [ -109.437648731538843, 27.293349847937893 ], [ -109.440506192051345, 27.294498657120066 ], [ -109.444368865082339, 27.298049818417596 ], [ -109.44833797772921, 27.298446250889214 ], [ -109.456261622131237, 27.296665733924431 ], [ -109.460216922521326, 27.294654780426445 ], [ -109.462465395408373, 27.297632152195238 ], [ -109.462491696396256, 27.302197244151007 ], [ -109.459838189544612, 27.315075530444435 ], [ -109.465611856080116, 27.327249422751475 ], [ -109.468487342876301, 27.331302755246266 ], [ -109.473595111233237, 27.33534520058819 ], [ -109.475697829702469, 27.334421917396899 ], [ -109.478528390126058, 27.330755901096666 ], [ -109.479492459662126, 27.326019938448532 ], [ -109.478970531861464, 27.321623275895675 ], [ -109.480805319671703, 27.317381033158945 ], [ -109.483393213863124, 27.314712130460997 ], [ -109.48600475423315, 27.316027277019611 ], [ -109.492367890847703, 27.322635960024282 ], [ -109.495464150830458, 27.322039405743098 ], [ -109.499418209622092, 27.319778350144706 ], [ -109.507496856710475, 27.322891492977398 ], [ -109.525620677338424, 27.326117941264904 ], [ -109.538555264660644, 27.332109040721193 ], [ -109.544269640621522, 27.333655595792379 ], [ -109.558159890578935, 27.333829352333563 ], [ -109.559808233600421, 27.339298779291678 ], [ -109.565394868836151, 27.340181141962059 ], [ -109.573075307322668, 27.338893446275243 ], [ -109.599664416253432, 27.328200698881901 ], [ -109.603631289607961, 27.328011746781943 ], [ -109.612365542768913, 27.335597639881421 ], [ -109.626565595556116, 27.344229707551118 ], [ -109.629923157838121, 27.345454811391061 ], [ -109.641229856966646, 27.348209084756036 ], [ -109.650160889199569, 27.348320718914351 ], [ -109.653270804901169, 27.349546792645707 ], [ -109.66112384600703, 27.354727952715827 ], [ -109.664354969124375, 27.355537990170518 ], [ -109.674399180874417, 27.355143109368157 ], [ -109.676767908701862, 27.356705380802989 ], [ -109.682858466129858, 27.35832703408504 ], [ -109.68508279206327, 27.357233750218331 ], [ -109.689682472058664, 27.358532554423643 ], [ -109.702589647046963, 27.359362465373092 ], [ -109.702365807615763, 27.362435328600267 ], [ -109.697228938051992, 27.371765787915251 ], [ -109.697495276419886, 27.374088371964341 ], [ -109.703338345943394, 27.375627765025659 ], [ -109.709297067940994, 27.376087019705462 ], [ -109.710924368271833, 27.37790262179184 ], [ -109.713662314832106, 27.378963819174093 ], [ -109.718857560990898, 27.377020354290057 ], [ -109.722554564746673, 27.373924467912467 ], [ -109.718822852827515, 27.388144101996609 ], [ -109.71650139010184, 27.392642003920741 ], [ -109.710948382949113, 27.4121029735592 ], [ -109.712198622991082, 27.413256950792277 ], [ -109.715143851649557, 27.409087108841163 ], [ -109.716020486637845, 27.410077482672563 ], [ -109.716430637878119, 27.41480640891028 ], [ -109.718287503929176, 27.414213117635317 ], [ -109.718514399897913, 27.411555272470199 ], [ -109.720125674156819, 27.411295615601944 ], [ -109.722749792176089, 27.41351957331814 ], [ -109.724105517042034, 27.412348439624825 ], [ -109.72599990108607, 27.416403419447214 ], [ -109.728368641786574, 27.417715851435862 ], [ -109.730221453409641, 27.416624360190131 ], [ -109.730740138716683, 27.419360271875327 ], [ -109.733112383119433, 27.421087660759891 ], [ -109.735595924419869, 27.421237049372202 ], [ -109.740603272507244, 27.426433102011284 ], [ -109.743213800247219, 27.426913550228711 ], [ -109.748448685312624, 27.429534442371267 ], [ -109.748462440512156, 27.431194582240032 ], [ -109.749712602983891, 27.432265233341973 ], [ -109.752190904577091, 27.431750278627607 ], [ -109.754334884995586, 27.43580321455719 ], [ -109.755822321424489, 27.435544003337782 ], [ -109.759025254303467, 27.432616619502372 ], [ -109.760202945687098, 27.439830562796157 ], [ -109.761566992026573, 27.439655152418354 ], [ -109.764069885375704, 27.442045242580985 ], [ -109.764787396864506, 27.438802817960141 ], [ -109.767521064134286, 27.439115950768144 ], [ -109.76865018268677, 27.440519328989502 ], [ -109.766449450905142, 27.44451915675808 ], [ -109.769432241292648, 27.444913545721349 ], [ -109.770898644867657, 27.442163957807104 ], [ -109.774966770783621, 27.438815121515379 ], [ -109.778058672904081, 27.437465297669792 ], [ -109.781160471031441, 27.437277508408236 ], [ -109.782540148852988, 27.438928057343592 ], [ -109.775622105584077, 27.442878149369296 ], [ -109.773182467909351, 27.447958917420472 ], [ -109.769079018821373, 27.461850447556056 ], [ -109.770705007453444, 27.463250369518807 ], [ -109.770721189955154, 27.465159531623097 ], [ -109.767076980211414, 27.474731137041772 ], [ -109.767243189470079, 27.479710688409114 ], [ -109.779149186560332, 27.477884625225467 ], [ -109.787995639189305, 27.481308944348012 ], [ -109.791354921510219, 27.482032294404057 ], [ -109.794452192361135, 27.481180191334648 ], [ -109.812828368544174, 27.494828507360168 ], [ -109.810865449037337, 27.497582115252442 ], [ -109.810555858107193, 27.504723439670045 ], [ -109.804886375025546, 27.523940081573667 ], [ -109.79944139138891, 27.526386351236461 ], [ -109.789623707371533, 27.526040920328636 ], [ -109.785131517823487, 27.523748222775957 ], [ -109.782371533751444, 27.520613144952044 ], [ -109.773095697754272, 27.525492483880452 ], [ -109.770119851701722, 27.526177188514882 ], [ -109.769142846860731, 27.528176209903947 ], [ -109.774379553718077, 27.530381236119908 ], [ -109.774666787220852, 27.534944858852235 ], [ -109.775933163883977, 27.537758438547531 ], [ -109.777576577541851, 27.541067449918593 ], [ -109.782473292654416, 27.547010074729645 ], [ -109.79516932457723, 27.549494009389438 ], [ -109.800568034298209, 27.555847541720617 ], [ -109.803676774419642, 27.55607439235537 ], [ -109.805303100846729, 27.557307936687689 ], [ -109.798809552818412, 27.567979753845457 ], [ -109.797721363714899, 27.571473966604522 ], [ -109.790927502931865, 27.576336681433897 ], [ -109.787083218839783, 27.577359857128002 ], [ -109.783627359955815, 27.58020644780775 ], [ -109.76948077577272, 27.58296100994253 ], [ -109.769623263084071, 27.585118300298983 ], [ -109.780240679626743, 27.591187516205586 ], [ -109.771211510427932, 27.596562786454435 ], [ -109.771051849724017, 27.607106196866194 ], [ -109.771869249657982, 27.615567601415339 ], [ -109.770274657338433, 27.618151903440666 ], [ -109.768949609062787, 27.623224630749228 ], [ -109.770390050014285, 27.631847760843772 ], [ -109.768994902900573, 27.643395718058276 ], [ -109.769053520090807, 27.650368131280906 ], [ -109.768071816868797, 27.651952049412273 ], [ -109.751050248913188, 27.654142940704482 ], [ -109.74784793021189, 27.657982877240205 ], [ -109.744483660765823, 27.657258325769117 ], [ -109.741006563138527, 27.657945594483454 ], [ -109.739912172610715, 27.661024199255522 ], [ -109.739938514800542, 27.664261361474697 ], [ -109.737650671134688, 27.673573507455238 ], [ -109.741807075244253, 27.679854540626724 ], [ -109.745191699344247, 27.682986294448003 ], [ -109.744216807087327, 27.685483059168931 ], [ -109.745369739847447, 27.689542779127677 ], [ -109.744211704814177, 27.700092575279029 ], [ -109.734576359917497, 27.708789308780524 ], [ -109.733254429979951, 27.714608569980562 ], [ -109.730804989983554, 27.71952212748208 ], [ -109.730127625009388, 27.728159364414889 ], [ -109.730900365275716, 27.731391592588146 ], [ -109.738538105446537, 27.736985810895199 ], [ -109.739711485083888, 27.743535656800688 ], [ -109.741960100559325, 27.744516848773344 ], [ -109.745443349591, 27.744244671788625 ], [ -109.74793962637419, 27.745058103748001 ], [ -109.748203527468377, 27.746882515229832 ], [ -109.745491451029864, 27.750137905981319 ], [ -109.746504929820759, 27.752289357154577 ], [ -109.742311643056098, 27.757131682106639 ], [ -109.741706732703264, 27.759293889513756 ], [ -109.742714812874183, 27.760781341330407 ], [ -109.740989429820345, 27.762950971814284 ], [ -109.736754581360088, 27.762729922776689 ], [ -109.734029730777323, 27.764491005895504 ], [ -109.729370640215905, 27.773486299818604 ], [ -109.723305440897761, 27.778008156916179 ], [ -109.71787150576651, 27.783687748642862 ], [ -109.70845665219403, 27.805910749008092 ], [ -109.705254668359757, 27.810579435335821 ], [ -109.704895212740283, 27.81240784336552 ], [ -109.703034677610475, 27.813415697987178 ], [ -109.703319826225012, 27.818062213414922 ], [ -109.705985874797264, 27.82451976423539 ], [ -109.710152275028335, 27.831631763183481 ], [ -109.710543508407142, 27.833870424315727 ], [ -109.709956930126978, 27.838522479805974 ], [ -109.708092102928077, 27.839032376657997 ], [ -109.709102347456451, 27.840769070825854 ], [ -109.708021830083837, 27.846005288423452 ], [ -109.704904529458318, 27.845693031443208 ], [ -109.702645875949926, 27.843632174530889 ], [ -109.700117641320077, 27.838916810637517 ], [ -109.698242539726905, 27.838098552397913 ], [ -109.69651819846699, 27.840682538687432 ], [ -109.694407929897636, 27.84169181595928 ], [ -109.695187904804882, 27.845920197031901 ], [ -109.697080341406661, 27.848979530405913 ], [ -109.697356967783421, 27.85254701524299 ], [ -109.69173619812139, 27.850756044928612 ], [ -109.688844004138716, 27.847287833448426 ], [ -109.685215172265529, 27.845235208510321 ], [ -109.679190932274224, 27.855979933915979 ], [ -109.676473383599713, 27.859150756584555 ], [ -109.672435941397339, 27.852452051362597 ], [ -109.670181495477394, 27.850888684205792 ], [ -109.658943744732127, 27.847636342871333 ], [ -109.646814807357302, 27.841649260609326 ], [ -109.643322330362579, 27.841088830432358 ], [ -109.633372349749592, 27.843471111593843 ], [ -109.629645403528144, 27.844986775422708 ], [ -109.627423930378143, 27.847987713512275 ], [ -109.623444661286968, 27.849089639529115 ], [ -109.614385264956113, 27.854287473568586 ], [ -109.608703507729487, 27.861540765713546 ], [ -109.607358485535471, 27.865283422227655 ], [ -109.614745406604584, 27.87030489336593 ], [ -109.615521273911483, 27.874367607780702 ], [ -109.614952767115184, 27.882256040097836 ], [ -109.612977635492754, 27.885006279779013 ], [ -109.60997623299923, 27.883529162003061 ], [ -109.606485494587375, 27.883382754105828 ], [ -109.596168790570829, 27.887507227105242 ], [ -109.586092876309351, 27.890467564632146 ], [ -109.575682280922337, 27.891824198195895 ], [ -109.568068392994917, 27.898052337513079 ], [ -109.565588372931458, 27.897830848809893 ], [ -109.564266379091308, 27.900958635964699 ], [ -109.564020210402347, 27.905772161868175 ], [ -109.564904652166874, 27.910112404870429 ], [ -109.56798087439131, 27.911344243427752 ], [ -109.572970903051399, 27.910624553887011 ], [ -109.578043251392728, 27.911568244966173 ], [ -109.578392919185688, 27.912489968905238 ], [ -109.574902581025214, 27.917812988423982 ], [ -109.571294386074072, 27.927786124830003 ], [ -109.569991410142478, 27.935068691498447 ], [ -109.571868246742739, 27.939514080345045 ], [ -109.560847117269759, 27.942674692867431 ], [ -109.564446589954485, 27.947823361695416 ], [ -109.569906306462329, 27.953179586411274 ], [ -109.579048916009683, 27.960445390096051 ], [ -109.581622026492042, 27.966900181671477 ], [ -109.580538428529877, 27.975350889541595 ], [ -109.591486091348727, 27.97027614418533 ], [ -109.594880969119345, 27.97375778000109 ], [ -109.601435992853808, 27.970246763556627 ], [ -109.60399431514783, 27.972380339265001 ], [ -109.604621800829051, 27.977130086323175 ], [ -109.612070043256523, 27.99765016044525 ], [ -109.612946733251576, 28.007390500646604 ], [ -109.614503120845555, 28.00983419977878 ], [ -109.614772658204402, 28.013994419369322 ], [ -109.618206831857037, 28.015980804734347 ], [ -109.620136513227649, 28.018432632462662 ], [ -109.625877212518986, 28.03276611056064 ], [ -109.62942419604228, 28.035253205923414 ], [ -109.633495585503255, 28.036671547276971 ], [ -109.636625491930076, 28.035909000729685 ], [ -109.63991461021169, 28.033737390060963 ], [ -109.642122546737539, 28.035031773108866 ], [ -109.648681229007877, 28.041572048587529 ], [ -109.652693686444053, 28.05046628129325 ], [ -109.655923631279506, 28.060838980067647 ], [ -109.658309750930115, 28.065044973932178 ], [ -109.666109255059496, 28.071860554806808 ], [ -109.673930740618971, 28.082913547247259 ], [ -109.676702291848585, 28.091780328979901 ], [ -109.675296409560715, 28.103465127252274 ], [ -109.673687280342804, 28.108166331083044 ], [ -109.666860988428823, 28.117407684623707 ], [ -109.660486534767898, 28.123418133536994 ], [ -109.659986557347736, 28.128558587444097 ], [ -109.661439559467809, 28.13531993750453 ], [ -109.66125384790071, 28.13780846916497 ], [ -109.658296533324304, 28.141566330880309 ], [ -109.657516661193554, 28.147946968967332 ], [ -109.652715878985319, 28.150667711702404 ], [ -109.651156217256201, 28.153292554853081 ], [ -109.650200589221996, 28.156678267472092 ], [ -109.646944041692194, 28.162423391396 ], [ -109.64016423835271, 28.184625448286308 ], [ -109.635741955399226, 28.192089608305157 ], [ -109.63974097855187, 28.196663432580454 ], [ -109.64173082673021, 28.201858036095778 ], [ -109.644944853499624, 28.20292506344979 ], [ -109.64365692846404, 28.199573648556331 ], [ -109.644999217917288, 28.195697922150956 ], [ -109.654661978728711, 28.193000007203416 ], [ -109.659764700305701, 28.193276815528566 ], [ -109.663037900520138, 28.191935250798071 ], [ -109.665841365713248, 28.189420268965382 ], [ -109.667717811933599, 28.18912848476657 ], [ -109.668193820069035, 28.195120852287996 ], [ -109.665988676842304, 28.20371397572276 ], [ -109.666064271705153, 28.205709634215765 ], [ -109.668016635074451, 28.207413515512254 ], [ -109.668427253181918, 28.21099501183447 ], [ -109.66347270209053, 28.214792850185795 ], [ -109.659696371903394, 28.21628968053043 ], [ -109.658225633862585, 28.220328927850812 ], [ -109.661507370477409, 28.233859646361847 ], [ -109.660824784631188, 28.241322416134388 ], [ -109.659486512692979, 28.245032193869044 ], [ -109.656166511301649, 28.248200470767106 ], [ -109.644380163189652, 28.250852168045501 ], [ -109.640746681656807, 28.24653570756162 ], [ -109.63626253037549, 28.246354754946008 ], [ -109.62930123759935, 28.255507877829736 ], [ -109.625342360276136, 28.259242979187103 ], [ -109.61344991711475, 28.266043808283808 ], [ -109.61261559939004, 28.279401813312006 ], [ -109.608677521688506, 28.287207919031502 ], [ -109.606489250444412, 28.289901385525326 ], [ -109.605539184308952, 28.29295448149249 ], [ -109.605535342325311, 28.303007403882376 ], [ -109.601737268365056, 28.310151696507258 ], [ -109.601301295470051, 28.317536400857442 ], [ -109.603677919997679, 28.32224153619147 ], [ -109.604331871258381, 28.32599468841207 ], [ -109.611572622063093, 28.330807027603665 ], [ -109.614442590124909, 28.335772093103866 ], [ -109.614161273106873, 28.341997075870925 ], [ -109.613443642547267, 28.34571997766551 ], [ -109.609825666044955, 28.350625189856885 ], [ -109.59537248746895, 28.35691138396232 ], [ -109.596397430058119, 28.360409841949551 ], [ -109.594911594350492, 28.367546652641423 ], [ -109.596127053717439, 28.368687994751436 ], [ -109.596030421301933, 28.379785751732879 ], [ -109.598759585871434, 28.384227719067948 ], [ -109.603622870376228, 28.38866866978444 ], [ -109.610259352747462, 28.391610568875056 ], [ -109.620687297486953, 28.390937505934712 ], [ -109.629453385090187, 28.39561662313767 ], [ -109.634391929659657, 28.395709175673659 ], [ -109.637316132412721, 28.39659222385675 ], [ -109.640663347349246, 28.39884985678388 ], [ -109.646762245711329, 28.397865117088642 ], [ -109.647904198509877, 28.391428916766358 ], [ -109.647177128144008, 28.386552099025131 ], [ -109.64942389211906, 28.386141963842444 ], [ -109.652537260759289, 28.387220491824909 ], [ -109.654410214020672, 28.386727133270426 ], [ -109.657289734978718, 28.384169028517739 ], [ -109.663016322086776, 28.386655594919461 ], [ -109.66476241997907, 28.386657781239521 ], [ -109.681395821555668, 28.375438180110756 ], [ -109.718986382190963, 28.361095216452178 ], [ -109.7169973981064, 28.359440669378728 ], [ -109.716267307438855, 28.35456410076576 ], [ -109.715520725320076, 28.354150242498385 ], [ -109.718393662123049, 28.352747758569901 ], [ -109.718530206510408, 28.349524787631758 ], [ -109.721029547966623, 28.347956641213177 ], [ -109.726135101325411, 28.34969625065181 ], [ -109.725269210472106, 28.347794770147562 ], [ -109.722906035274818, 28.346222658308765 ], [ -109.718050051635132, 28.344483144369278 ], [ -109.716685352738693, 28.342663836445492 ], [ -109.717435517084354, 28.342085970037491 ], [ -109.728023404256433, 28.344656464749754 ], [ -109.729021689384282, 28.344409298051563 ], [ -109.728910916534247, 28.340524965284999 ], [ -109.770200914622876, 28.333029483380109 ], [ -109.771949862919968, 28.331873243921656 ], [ -109.775806335918901, 28.334436887734487 ], [ -109.777928724862093, 28.333446014990095 ], [ -109.774196373069941, 28.331047772950296 ], [ -109.775946541513051, 28.32947825580397 ], [ -109.784415272582336, 28.332126133405328 ], [ -109.79187921914108, 28.337417846579111 ], [ -109.793876616238222, 28.336509331207058 ], [ -109.796879328947895, 28.332873757024092 ], [ -109.801500015623077, 28.330064938162788 ], [ -109.801132498944611, 28.327833427107141 ], [ -109.804002000666188, 28.327007595849508 ], [ -109.799270578691392, 28.325105689960917 ], [ -109.799896734294606, 28.324114093556929 ], [ -109.799527102889229, 28.322626386947672 ], [ -109.796791073899911, 28.320476925691441 ], [ -109.798793891192602, 28.317584833901609 ], [ -109.798798226307341, 28.316097215014079 ], [ -109.802784459326162, 28.31692457734286 ], [ -109.804908148698303, 28.315272098812873 ], [ -109.806777798108413, 28.315272454023042 ], [ -109.809651566532267, 28.312793574907154 ], [ -109.812268097624596, 28.313124555724762 ], [ -109.815266321707824, 28.310645569613751 ], [ -109.821006164517954, 28.30824939707356 ], [ -109.821874381973899, 28.309819738508583 ], [ -109.821495338404659, 28.311720572551017 ], [ -109.817747332596767, 28.314943437977938 ], [ -109.818990838819857, 28.316017958449802 ], [ -109.822228705427648, 28.317092623173867 ], [ -109.828834514019107, 28.317258220895553 ], [ -109.83345092897936, 28.315522671040565 ], [ -109.840440623353473, 28.311720664911981 ], [ -109.841319338731836, 28.309241207105483 ], [ -109.850682192208865, 28.30304169949834 ], [ -109.850567377282331, 28.298992016110553 ], [ -109.851944236666256, 28.296512403288453 ], [ -109.868678348356823, 28.281136385209635 ], [ -109.872539481389467, 28.281879079391018 ], [ -109.874287784199325, 28.280142928271534 ], [ -109.875915567883354, 28.276505893966874 ], [ -109.880907163757414, 28.27295027479472 ], [ -109.892752695454362, 28.268565004069369 ], [ -109.894627357890698, 28.265671438805207 ], [ -109.897867474343087, 28.265256622864865 ], [ -109.904457717887212, 28.272030362283378 ], [ -109.908442013432577, 28.27351581008821 ], [ -109.93758946652747, 28.278868195085039 ], [ -109.948055945261927, 28.279107526550479 ], [ -109.952047334607371, 28.276376598197562 ], [ -109.954545113593795, 28.272407171311542 ], [ -109.958038871543152, 28.268850009815036 ], [ -109.960657408232578, 28.267359835327074 ], [ -109.965015152198177, 28.269587141627085 ], [ -109.966380199356237, 28.27371827664302 ], [ -109.96584611183583, 28.300331985171002 ], [ -109.975940826740825, 28.300652253658647 ], [ -109.981810667800346, 28.290479972518188 ], [ -109.984055572739791, 28.28898977228031 ], [ -109.98791743037377, 28.290142483042004 ], [ -109.993396491138412, 28.294020625190853 ], [ -109.99924633927435, 28.301286756465974 ], [ -110.007589810889669, 28.308549456359767 ], [ -110.011078789902527, 28.309619364436003 ], [ -110.015441596108971, 28.309282954368676 ], [ -110.018930049876047, 28.311096518945558 ], [ -110.031017830061828, 28.314881322348914 ], [ -110.031768333970405, 28.311326245851159 ], [ -110.033514557911857, 28.309670659117582 ], [ -110.048593731523681, 28.314441271207986 ], [ -110.055698734702091, 28.314512446830037 ], [ -110.058689422326836, 28.316408482880465 ], [ -110.068657074276231, 28.328045378120333 ], [ -110.074266242746717, 28.330432430869987 ], [ -110.08935057191745, 28.333710908793453 ], [ -110.09807772347726, 28.333611542660186 ], [ -110.101069954123787, 28.33286181723582 ], [ -110.108674818802299, 28.341525076212804 ], [ -110.109298199056752, 28.343755412973177 ], [ -110.114036336671077, 28.346721193689707 ], [ -110.114036407047848, 28.349283400980635 ], [ -110.115657495448119, 28.351428999144737 ], [ -110.116156418681356, 28.354568734106746 ], [ -110.113911939807124, 28.358375353235846 ], [ -110.105182718987948, 28.358971596002274 ], [ -110.103935599399549, 28.360213849181708 ], [ -110.103935464898143, 28.362114833999019 ], [ -110.098697468911126, 28.364687315931342 ], [ -110.098323071768306, 28.366836978278339 ], [ -110.091712829312755, 28.369494488368282 ], [ -110.092335485395836, 28.374535028863768 ], [ -110.086099051937836, 28.376117076649908 ], [ -110.084477846635579, 28.375376206779933 ], [ -110.08110927971542, 28.379101644794503 ], [ -110.078988832235311, 28.379436074059647 ], [ -110.071252081435162, 28.389119872850305 ], [ -110.052906143492109, 28.406176427088006 ], [ -110.057144992037877, 28.411707135814389 ], [ -110.054521136718989, 28.41865397443048 ], [ -110.055891802995518, 28.422040408257516 ], [ -110.056636758805737, 28.428981785807313 ], [ -110.06623512980731, 28.451363993826284 ], [ -110.076218804047429, 28.454652791140997 ], [ -110.078091697087558, 28.452665887475487 ], [ -110.079214220879521, 28.455060740373721 ], [ -110.082209115002215, 28.45728692378826 ], [ -110.076217177959705, 28.4591985338512 ], [ -110.072846199960921, 28.46135330856254 ], [ -110.071224078490772, 28.459951064076911 ], [ -110.070848871858701, 28.461770001692436 ], [ -110.071969865040217, 28.467801495585473 ], [ -110.056085270944877, 28.473953121008918 ], [ -110.04387319787088, 28.475972259595022 ], [ -110.019550689776182, 28.475693383851173 ], [ -110.014318613516295, 28.476948513671555 ], [ -110.00685284010062, 28.480530615525918 ], [ -109.994868279860057, 28.478314222464782 ], [ -109.990385748908494, 28.479898803576543 ], [ -109.987257367804972, 28.477747834815087 ], [ -109.980026928671435, 28.478507592370587 ], [ -109.976293307454128, 28.480256262162371 ], [ -109.972699204814049, 28.485239750461595 ], [ -109.968713107971581, 28.486407969282151 ], [ -109.963596067270316, 28.48575300368551 ], [ -109.954092550049012, 28.48037665136712 ], [ -109.951729359650159, 28.481873569482129 ], [ -109.947883151050092, 28.486524956778617 ], [ -109.94726891152402, 28.488682674817674 ], [ -109.947909274550085, 28.492497489548807 ], [ -109.949539622043119, 28.49448580060254 ], [ -109.947676835091627, 28.496396611200669 ], [ -109.94293764680323, 28.496652746029071 ], [ -109.941824971336416, 28.49897709170596 ], [ -109.939209560255208, 28.49997643951966 ], [ -109.930211680379955, 28.496173759630171 ], [ -109.921732922366616, 28.497098044261293 ], [ -109.917748238539346, 28.498845397818755 ], [ -109.913248330374117, 28.496611626852619 ], [ -109.909381628681984, 28.496699549210138 ], [ -109.906892387455329, 28.498112864914869 ], [ -109.892921647117277, 28.498295548855783 ], [ -109.884572543105833, 28.500627516375737 ], [ -109.881336575550392, 28.502621816200381 ], [ -109.875369407296176, 28.508268670656211 ], [ -109.863669365324313, 28.515828548232413 ], [ -109.858685234363989, 28.517657991871484 ], [ -109.852586935629475, 28.522059641868758 ], [ -109.848984509999298, 28.526707829410956 ], [ -109.834243985053106, 28.521576230179267 ], [ -109.831252214935375, 28.522407819274466 ], [ -109.829510002684543, 28.523819147148082 ], [ -109.828795213859848, 28.534271231740878 ], [ -109.829684853767191, 28.539247584523483 ], [ -109.828948994175633, 28.543229633963143 ], [ -109.827833325666361, 28.54555294544781 ], [ -109.825717606927114, 28.547379196747059 ], [ -109.824728743089878, 28.550365987675086 ], [ -109.824861759615132, 28.552937318343567 ], [ -109.826366090333977, 28.55501007908504 ], [ -109.835498193068631, 28.561390967797273 ], [ -109.837261541537032, 28.566200748276852 ], [ -109.838789700857063, 28.575324024132716 ], [ -109.842187150779367, 28.583367549808621 ], [ -109.843690845002314, 28.585025388308939 ], [ -109.846815067778053, 28.585935406861811 ], [ -109.850329504513795, 28.591407234562116 ], [ -109.856191823942794, 28.589743374957944 ], [ -109.859702216444049, 28.593887791572055 ], [ -109.859724629922709, 28.600274855291367 ], [ -109.8559974422121, 28.605669756858799 ], [ -109.854002960355501, 28.606666820494723 ], [ -109.852635939922649, 28.608575775956385 ], [ -109.852403861452814, 28.613718792079968 ], [ -109.848279184134782, 28.612643776179304 ], [ -109.846283098831947, 28.613225977322266 ], [ -109.8419234178712, 28.616547223527206 ], [ -109.839687901954377, 28.620281540861562 ], [ -109.847678689790754, 28.619694882129942 ], [ -109.849930884579166, 28.620937329743015 ], [ -109.852953276562886, 28.628234361850328 ], [ -109.853601730285689, 28.635201509478218 ], [ -109.850864017037182, 28.638189877214916 ], [ -109.85224454262071, 28.640096578622057 ], [ -109.849881401721987, 28.643084615588236 ], [ -109.854006420210311, 28.643910767845544 ], [ -109.853767995716353, 28.647228900399639 ], [ -109.854891981357284, 28.647145025517457 ], [ -109.853900614553041, 28.649468397949146 ], [ -109.856277858872289, 28.650544756074812 ], [ -109.856033748313777, 28.652203928294096 ], [ -109.85180386776706, 28.657350188164838 ], [ -109.850318517423588, 28.661415832719822 ], [ -109.850079635446193, 28.664650998046621 ], [ -109.848712596750531, 28.666808717843089 ], [ -109.845092888056627, 28.667889806517643 ], [ -109.84500374304956, 28.678590149772798 ], [ -109.84627139238242, 28.683980805116551 ], [ -109.843274226802933, 28.684563667222694 ], [ -109.842776853923979, 28.685310559658273 ], [ -109.844680655259339, 28.694101613101282 ], [ -109.84656750995012, 28.697749900087459 ], [ -109.846197851690619, 28.699326182317932 ], [ -109.845070534080449, 28.698580494598197 ], [ -109.845324649803331, 28.699824519530161 ], [ -109.84382432392627, 28.699659731002004 ], [ -109.84420837993018, 28.702396717676915 ], [ -109.842458051769611, 28.702232096339465 ], [ -109.841338125383189, 28.703725953257802 ], [ -109.841842729643176, 28.705135699093052 ], [ -109.843844458787999, 28.70571488359257 ], [ -109.846961651356509, 28.703472986831645 ], [ -109.847966279859136, 28.704882334227353 ], [ -109.85021408624786, 28.704299971178202 ], [ -109.850968789958799, 28.705709491719155 ], [ -109.847348584506264, 28.707039439026541 ], [ -109.851352767402602, 28.708363514261748 ], [ -109.846852796198419, 28.708284025557873 ], [ -109.845605099820929, 28.708948537823499 ], [ -109.848364976704161, 28.711932570491992 ], [ -109.846366711514932, 28.7124317634111 ], [ -109.846750035020449, 28.714919899402371 ], [ -109.844374775146179, 28.714838711205566 ], [ -109.842242112699978, 28.712517730013104 ], [ -109.841504450658164, 28.716250885328886 ], [ -109.84425805003859, 28.717327216959614 ], [ -109.844511917307855, 28.718488293938787 ], [ -109.841270304765231, 28.721061991675956 ], [ -109.840268891722971, 28.720647960150874 ], [ -109.838522878030275, 28.721893378122875 ], [ -109.838904141705058, 28.723800900031808 ], [ -109.837793389041209, 28.728197855718996 ], [ -109.838801911862632, 28.730768525514154 ], [ -109.837690530255017, 28.734999580115208 ], [ -109.834298331011553, 28.729859124431055 ], [ -109.833297131572564, 28.72952798692825 ], [ -109.834564426558615, 28.73483576587163 ], [ -109.832308970567283, 28.733261231263906 ], [ -109.832186608018304, 28.734090777745344 ], [ -109.833324333488363, 28.737988551025122 ], [ -109.842219530492628, 28.743539982083888 ], [ -109.853012974974888, 28.755476299273802 ], [ -109.849385199631513, 28.755064361428328 ], [ -109.846761425815785, 28.755729899470985 ], [ -109.844764513695395, 28.756892614879664 ], [ -109.84376988151233, 28.758635213824729 ], [ -109.848155838841492, 28.761369253885487 ], [ -109.853538544757583, 28.76294111958827 ], [ -109.856798835518092, 28.765509875463128 ], [ -109.856433883149634, 28.76849626292849 ], [ -109.857702185090346, 28.773637948064525 ], [ -109.862203824091338, 28.773385366903952 ], [ -109.864707825815131, 28.77412974554904 ], [ -109.865088851255962, 28.775788357390294 ], [ -109.8629770714345, 28.779937525974795 ], [ -109.857157819253985, 28.797278230030937 ], [ -109.85478744891887, 28.7991878857149 ], [ -109.853546001360456, 28.802009037521749 ], [ -109.827236287186281, 28.829813701517566 ], [ -109.817850357796331, 28.87087658127923 ], [ -109.824251194951756, 28.875172994251141 ], [ -109.802633446459822, 28.890968709620978 ], [ -109.80147897697664, 28.901000669527917 ], [ -109.804125540594981, 28.904074620216022 ], [ -109.818379445886805, 28.914387010052234 ], [ -109.822540663027226, 28.918624640077521 ], [ -109.824680814407046, 28.92310700478118 ], [ -109.826186685824112, 28.929412546144771 ], [ -109.826679885773288, 28.937125900731406 ], [ -109.825661386088996, 28.942099654273331 ], [ -109.831073168571294, 28.955627510040056 ], [ -109.797188676483557, 28.967417126044449 ], [ -109.806525354580231, 28.975563999834854 ], [ -109.816755309211786, 28.979482729786209 ], [ -109.823707099453003, 28.978999062016513 ], [ -109.828886008129601, 28.98075068308232 ], [ -109.833051230797167, 28.984324609102615 ], [ -109.840730149529406, 29.005485806423863 ], [ -109.845657372510686, 29.007568064115659 ], [ -109.847422231056015, 29.011137187361165 ], [ -109.847416207595771, 29.015449457362411 ], [ -109.856007974326872, 29.019445278818722 ], [ -109.859156912216406, 29.028655806853347 ], [ -109.868005028283534, 29.031075690053669 ], [ -109.870151666235444, 29.033567092303141 ], [ -109.8709077239387, 29.035807406748795 ], [ -109.852411351983235, 29.061068944346815 ], [ -109.854047216131619, 29.067291448106669 ], [ -109.852903943765313, 29.07085531978332 ], [ -109.856691715729355, 29.076169396296784 ], [ -109.856560575788976, 29.079652137726093 ], [ -109.860987398179518, 29.080323256293948 ], [ -109.857312016545734, 29.085375475841104 ], [ -109.859585985041818, 29.087867272741168 ], [ -109.86071946259267, 29.091849769601914 ], [ -109.867551144788862, 29.092193104285684 ], [ -109.870332504649639, 29.093939224655319 ], [ -109.869789735379115, 29.124124039470821 ], [ -109.895417958733674, 29.18876502171916 ], [ -109.895282797728811, 29.197306330836824 ], [ -109.897427896526537, 29.205436388754787 ], [ -109.897417871098952, 29.215636409678098 ], [ -109.900179948001096, 29.241347834915842 ], [ -109.895727723747569, 29.258672882040944 ], [ -109.900923659004761, 29.258514754669807 ], [ -109.903073692746943, 29.263078856668436 ], [ -109.905844895950253, 29.281409618191173 ], [ -109.910152354064593, 29.283903529714188 ], [ -109.918136964355099, 29.285324257976768 ], [ -109.920922833423347, 29.28897674895958 ], [ -109.919652622521838, 29.292209196885086 ], [ -109.915852192917981, 29.289052860422846 ], [ -109.911540472345152, 29.291037148320981 ], [ -109.909131907586215, 29.291033764765274 ], [ -109.903043312504067, 29.295005476913854 ], [ -109.894801213360566, 29.296900484813584 ], [ -109.892617216614951, 29.324013881538374 ], [ -109.895530751469877, 29.326920751529492 ], [ -109.902882062388443, 29.330746341439085 ], [ -109.909984704213329, 29.329678557678402 ], [ -109.914424630977905, 29.328026253431197 ], [ -109.916578152956305, 29.330765774358138 ], [ -109.922530864559249, 29.340559061921493 ], [ -109.924301949126075, 29.346449146062646 ], [ -109.92176635463413, 29.345036050393791 ], [ -109.919987057536943, 29.34951166739404 ], [ -109.92049220923461, 29.35224890043262 ], [ -109.918715661382805, 29.353158686089245 ], [ -109.918207186497071, 29.354484807868047 ], [ -109.918458338384724, 29.357553402963823 ], [ -109.914904202372441, 29.360285069494122 ], [ -109.917309446803756, 29.366176106088698 ], [ -109.919329908842599, 29.377456740816307 ], [ -109.941016814262284, 29.391415974150409 ], [ -109.9407612263565, 29.394318069093675 ], [ -109.939363529766965, 29.397218782157314 ], [ -109.940123566534353, 29.399375769133616 ], [ -109.944307999603367, 29.405019703409675 ], [ -109.947606519714711, 29.407013762873145 ], [ -109.951667731989815, 29.406935457066414 ], [ -109.957760784191649, 29.404122674460655 ], [ -109.962329928621855, 29.403049473704645 ], [ -109.963346556264199, 29.399650558838641 ], [ -109.968930717612679, 29.3984123168505 ], [ -109.969565762753163, 29.396837345699588 ], [ -109.980859856693385, 29.396765072944277 ], [ -109.984031006082873, 29.403484938509539 ], [ -109.984538165414321, 29.405890250270996 ], [ -109.983522117202071, 29.409538118396448 ], [ -109.985679561157582, 29.410203419036836 ], [ -109.985043864511709, 29.415924784658664 ], [ -109.982885711918584, 29.417996038017595 ], [ -109.983138330307824, 29.423718172473066 ], [ -109.980471417975863, 29.429105969503393 ], [ -109.975519227563026, 29.434325699944896 ], [ -109.956729788219974, 29.437291851953873 ], [ -109.957235575561171, 29.441521603898988 ], [ -109.955710121937983, 29.445583280609146 ], [ -109.953805006340161, 29.446990900640838 ], [ -109.953930782251447, 29.449312950345256 ], [ -109.951643965119274, 29.452046914173472 ], [ -109.95545084968775, 29.456363288104338 ], [ -109.958497544887905, 29.457776351380886 ], [ -109.956972640962817, 29.460262449338483 ], [ -109.960781538107398, 29.461261668793902 ], [ -109.961287691406156, 29.465242621732045 ], [ -109.958617268560758, 29.473200571028855 ], [ -109.960266867303574, 29.476104731132228 ], [ -109.964711486259702, 29.476855756095873 ], [ -109.965725497477536, 29.481749393074104 ], [ -109.940064821331873, 29.49042746810564 ], [ -109.935744795294681, 29.492578124694294 ], [ -109.942726709876979, 29.49897194164528 ], [ -109.947169413294105, 29.504367343139865 ], [ -109.954790001590766, 29.507029696500144 ], [ -109.961012147296856, 29.512758338124982 ], [ -109.963043084873973, 29.5167408945515 ], [ -109.962914449842373, 29.520306517715294 ], [ -109.96113397676973, 29.524036216954599 ], [ -109.961387172774167, 29.526026678667566 ], [ -109.95869239048119, 29.533427550485463 ], [ -109.956283438567027, 29.534188386462962 ], [ -109.952819831457603, 29.533450385558254 ], [ -109.949152302181361, 29.533867561840513 ], [ -109.946007043717188, 29.532925972767632 ], [ -109.943022483814119, 29.534259335650535 ], [ -109.941196286107115, 29.533868535125166 ], [ -109.939264289300596, 29.531864591318467 ], [ -109.934376179112547, 29.533922126930225 ], [ -109.934041547887659, 29.535406686878744 ], [ -109.935529969190611, 29.537530120591519 ], [ -109.934294035259526, 29.540369377224202 ], [ -109.929421803777885, 29.541145533295417 ], [ -109.924690107349406, 29.540806959257473 ], [ -109.912896042054442, 29.544568879008164 ], [ -109.908785459765554, 29.545021606875189 ], [ -109.902651624915521, 29.54082341606447 ], [ -109.902215585798217, 29.545200175097584 ], [ -109.899436852250332, 29.545212043700975 ], [ -109.897554006285958, 29.544324037498395 ], [ -109.891474061453778, 29.545664623618023 ], [ -109.887536577430879, 29.54256384550693 ], [ -109.882818147738988, 29.541231915658113 ], [ -109.881362039573858, 29.536752237771761 ], [ -109.880424337937413, 29.536039483022265 ], [ -109.878537440924021, 29.535481836823656 ], [ -109.872337056160049, 29.536406919689817 ], [ -109.867482893391326, 29.535816987479564 ], [ -109.865225594670193, 29.534635129327953 ], [ -109.86394586852191, 29.531190526445698 ], [ -109.859350662323763, 29.530148449254902 ], [ -109.857381907334855, 29.530994952492918 ], [ -109.853072127647721, 29.536858471241402 ], [ -109.846228871436679, 29.538601949609468 ], [ -109.843210216373564, 29.542330006403848 ], [ -109.840358857111198, 29.543042505349085 ], [ -109.834078544723226, 29.540534239159584 ], [ -109.833522238099732, 29.53966006011677 ], [ -109.834209757936506, 29.535575695618437 ], [ -109.833217223459698, 29.534283337121785 ], [ -109.827128735352304, 29.531652882040653 ], [ -109.823909933647499, 29.526987600495655 ], [ -109.820402277018317, 29.52496433948394 ], [ -109.817484116256423, 29.521418274678968 ], [ -109.808176028431674, 29.523380105815683 ], [ -109.805039460693806, 29.521939302603396 ], [ -109.799305060340544, 29.521171594467205 ], [ -109.797742101110529, 29.520079160449203 ], [ -109.795399569733533, 29.520548489898712 ], [ -109.792706301510222, 29.519029782989861 ], [ -109.78828659983003, 29.519061931594788 ], [ -109.784173411400033, 29.515294804380435 ], [ -109.781153096369451, 29.514598775882462 ], [ -109.777461526893674, 29.512282952443726 ], [ -109.769124119729014, 29.512599915579489 ], [ -109.76481191492411, 29.513955190090243 ], [ -109.760668667784017, 29.516717612216627 ], [ -109.754228671286057, 29.516766402069422 ], [ -109.753144242724417, 29.517539032089879 ], [ -109.747989057620615, 29.530314855293362 ], [ -109.740081683860495, 29.540610740761466 ], [ -109.737429804980081, 29.540732768929406 ], [ -109.731834392670066, 29.542874866695449 ], [ -109.725945267712419, 29.546997614596624 ], [ -109.704254350005769, 29.54051568514457 ], [ -109.693902478760592, 29.540839412889536 ], [ -109.694505154109748, 29.542173305038862 ], [ -109.698372998290722, 29.544223634802627 ], [ -109.69947327627554, 29.545896762439895 ], [ -109.694920702875578, 29.546399911688134 ], [ -109.691466514681039, 29.548658802706761 ], [ -109.68779491277634, 29.549259189459317 ], [ -109.683417358969891, 29.547448204787564 ], [ -109.679341047378813, 29.549282630164047 ], [ -109.677236902911673, 29.553301363538697 ], [ -109.674792915671645, 29.555494089343188 ], [ -109.669214878398805, 29.556723688541545 ], [ -109.663059146484471, 29.555461118783327 ], [ -109.652847885771763, 29.555039364207801 ], [ -109.648785364638286, 29.550336786466161 ], [ -109.64823314242804, 29.546686897583992 ], [ -109.642940382437175, 29.540556598509742 ], [ -109.641156951362191, 29.541353457507412 ], [ -109.640492423422771, 29.542914097974993 ], [ -109.640342232637678, 29.549861498472133 ], [ -109.638275939084778, 29.5520600107576 ], [ -109.63678287133942, 29.556915927264104 ], [ -109.639403003765068, 29.558284651244367 ], [ -109.640253739432907, 29.559788503265025 ], [ -109.640073934215479, 29.562267551151084 ], [ -109.633799327868942, 29.560670638861936 ], [ -109.60557389013664, 29.570359453998964 ], [ -109.599109458003539, 29.571653396450643 ], [ -109.596979550843983, 29.570954336503295 ], [ -109.590418121867998, 29.570922369968766 ], [ -109.582266408231831, 29.568628258022493 ], [ -109.578522604627139, 29.566742228279374 ], [ -109.560781162883728, 29.547564924191271 ], [ -109.557197982259012, 29.549817988120786 ], [ -109.550628256732992, 29.555823696927618 ], [ -109.547914406792557, 29.558671129134023 ], [ -109.545406011836405, 29.563590577886345 ], [ -109.541676205474459, 29.561124616388486 ], [ -109.537527006828583, 29.560471243207665 ], [ -109.534217637675113, 29.561735733806184 ], [ -109.530747950571737, 29.558943188290524 ], [ -109.529313572966714, 29.560985832512632 ], [ -109.524142317723786, 29.555349508409847 ], [ -109.5221028983362, 29.56567622728701 ], [ -109.525772894919569, 29.569032038539998 ], [ -109.528927851517693, 29.580523010620748 ], [ -109.525487760402498, 29.586015145299307 ], [ -109.522563108282071, 29.58713306897215 ], [ -109.520104169563439, 29.586851963152505 ], [ -109.519386460691607, 29.588206198069493 ], [ -109.515452550940665, 29.589227686808368 ], [ -109.508994410371272, 29.593810598465858 ], [ -109.50339690306177, 29.596049058909411 ], [ -109.501661965653682, 29.597761318092534 ], [ -109.502721323542914, 29.606041824604446 ], [ -109.507838654651238, 29.609789801991475 ], [ -109.511447349321031, 29.616823587108986 ], [ -109.512234462514058, 29.6225791748132 ], [ -109.513868913860904, 29.626817003210558 ], [ -109.520490161015786, 29.631411467823362 ], [ -109.519314467380767, 29.633668778419541 ], [ -109.515084052591874, 29.63716602970181 ], [ -109.514682533621837, 29.638483167308756 ], [ -109.516611600000871, 29.644006185413204 ], [ -109.516130791197327, 29.646272850414153 ], [ -109.521233322834178, 29.658534178235904 ], [ -109.520176029065254, 29.661247710707119 ], [ -109.515460508296556, 29.663457154460247 ], [ -109.513177553056096, 29.667600589428059 ], [ -109.505556838125571, 29.669604955333671 ], [ -109.500008306239565, 29.672422443669291 ], [ -109.496875446965674, 29.670767778898178 ], [ -109.490595849356126, 29.664606276671172 ], [ -109.486023250039793, 29.662146335649648 ], [ -109.480786016972601, 29.661578250620025 ], [ -109.477354274867892, 29.658968426559934 ], [ -109.474824831539891, 29.659016113029214 ], [ -109.476610392188519, 29.661768575513079 ], [ -109.476612738128523, 29.665281642884466 ], [ -109.478195239893452, 29.668816544099034 ], [ -109.478458334245076, 29.671878583066253 ], [ -109.477574348291668, 29.675462061363689 ], [ -109.473344375186656, 29.682388261064364 ], [ -109.467683538208362, 29.687930553346053 ], [ -109.46714393002199, 29.689865544624951 ], [ -109.465534599954623, 29.691496346880037 ], [ -109.461655759870595, 29.692723538573592 ], [ -109.459604467038602, 29.694306772582319 ], [ -109.458622828587266, 29.696194222768479 ], [ -109.454702357783603, 29.699776399770073 ], [ -109.455688670977693, 29.704832389564363 ], [ -109.45363196884017, 29.710300404894891 ], [ -109.455120489719079, 29.711974420651927 ], [ -109.455159827343635, 29.716934491745373 ], [ -109.454248369820561, 29.718409586136982 ], [ -109.444444507103256, 29.71839591540785 ], [ -109.444614809023179, 29.715918559253772 ], [ -109.447954790573633, 29.713031153949519 ], [ -109.44593815495702, 29.709035193327825 ], [ -109.444758970084294, 29.704183076087073 ], [ -109.439240356187597, 29.70154288441184 ], [ -109.43740735343394, 29.697921355074183 ], [ -109.43480408216756, 29.694950175832737 ], [ -109.432886867717272, 29.696080259816121 ], [ -109.432725153314578, 29.698061772931847 ], [ -109.429081764617862, 29.696687589250413 ], [ -109.425566174955833, 29.698786774147308 ], [ -109.423624414187898, 29.701280231651896 ], [ -109.421823796771449, 29.71001635907459 ], [ -109.424387891653808, 29.715177670430798 ], [ -109.423572177790689, 29.71834839678824 ], [ -109.407351642855005, 29.724472560938406 ], [ -109.409730702612691, 29.71965061771299 ], [ -109.409307924831793, 29.715278018321847 ], [ -109.40684021167651, 29.712338301244408 ], [ -109.409622892633251, 29.706932464835933 ], [ -109.411244872202687, 29.701126926997421 ], [ -109.41121948540669, 29.698139434210812 ] ] ] } }
]
}
