{
"type": "FeatureCollection",
"name": "ENTIDAD",
"crs": { "type": "name", "properties": { "name": "urn:ogc:def:crs:OGC:1.3:CRS84" } },
"features": [
{ "type": "Feature", "properties": { "ID": 23.0, "ENTIDAD": 26, "NOMBRE": "SONORA", "CIRCUNSCRI": 1, "CRC": 0, "CONTROL": 0.0, "GEOMETRY1_": null }, "geometry": { "type": "MultiPolygon", "coordinates": [ [ [ [ -112.375437040648322, 29.212381933472102 ], [ -112.360266225458034, 29.221363481665165 ], [ -112.339629772202443, 29.221472965032859 ], [ -112.32987809302152, 29.218372447589406 ], [ -112.322587695212619, 29.218799556245756 ], [ -112.310083134180573, 29.222854957394102 ], [ -112.29601596100872, 29.224279634024978 ], [ -112.287035596606188, 29.234911756632464 ], [ -112.281424527920436, 29.237633593916271 ], [ -112.276714850305396, 29.241420152642558 ], [ -112.273457393254645, 29.242207015557575 ], [ -112.272687958308055, 29.241471580537443 ], [ -112.272773835837896, 29.239400339433217 ], [ -112.273766146205901, 29.238642425056216 ], [ -112.282749281546259, 29.234552790915483 ], [ -112.284856257797372, 29.23286962692708 ], [ -112.287550442911197, 29.2290259280858 ], [ -112.291507465024466, 29.2254143165868 ], [ -112.291304239135684, 29.221442260563968 ], [ -112.293062420950037, 29.221253971273477 ], [ -112.292402693688501, 29.219689173698551 ], [ -112.285308934539998, 29.217296316418942 ], [ -112.282444189224236, 29.21882359416043 ], [ -112.281474594030499, 29.220740562478571 ], [ -112.280351883366492, 29.221251784576118 ], [ -112.279201914321419, 29.220355645057506 ], [ -112.280490393462202, 29.208911914729221 ], [ -112.276480186973657, 29.20324959474722 ], [ -112.271478492467352, 29.198345033887627 ], [ -112.269890925032215, 29.194307736829835 ], [ -112.263485782468933, 29.188344225567356 ], [ -112.269927321347296, 29.183128400244918 ], [ -112.270248849637937, 29.180226079129085 ], [ -112.267505919473422, 29.174961336681793 ], [ -112.272338761946486, 29.171173545827219 ], [ -112.274185173607009, 29.169079841591003 ], [ -112.274893379157518, 29.166669414076321 ], [ -112.272502319864472, 29.160075363721575 ], [ -112.272389125359268, 29.154197522879009 ], [ -112.274903118066334, 29.141081987290814 ], [ -112.274764329492356, 29.133879548748975 ], [ -112.270367673391561, 29.127559397882646 ], [ -112.251340207178643, 29.112149436814867 ], [ -112.247934047316036, 29.104905145396138 ], [ -112.241609842009694, 29.096206714648616 ], [ -112.233454928243063, 29.090346214364658 ], [ -112.234638152811314, 29.086439510221783 ], [ -112.234096532030449, 29.084376045417084 ], [ -112.231909034355041, 29.081670570959442 ], [ -112.225658929308111, 29.070072094173657 ], [ -112.222339822260253, 29.060590143803193 ], [ -112.218326435608262, 29.054263375966428 ], [ -112.21712018233211, 29.050220598666868 ], [ -112.217187080355203, 29.047073039056961 ], [ -112.2097602914654, 29.03954582176657 ], [ -112.206264704851833, 29.03395758491742 ], [ -112.206062341454526, 29.029819599076855 ], [ -112.204363758854825, 29.026279552525146 ], [ -112.194530637125254, 29.017538643808408 ], [ -112.198178585309606, 29.011035182910188 ], [ -112.196365725647453, 29.00807607291981 ], [ -112.197018304375149, 29.002602708618429 ], [ -112.201152400781609, 29.002055551313351 ], [ -112.20884953417216, 29.004031799226631 ], [ -112.212433034129575, 28.994133560243796 ], [ -112.214990856681723, 28.989878877805367 ], [ -112.218040023248648, 28.964832869925988 ], [ -112.220316606540194, 28.95900815734732 ], [ -112.218172309692264, 28.958454884180373 ], [ -112.206825582082033, 28.969359287833147 ], [ -112.208832260094312, 28.969251942954525 ], [ -112.208856817391705, 28.970576600596523 ], [ -112.206143006610631, 28.973176882097743 ], [ -112.20042113261718, 28.976062189624429 ], [ -112.196292635831753, 28.976857670824739 ], [ -112.194751310281887, 28.974971746847352 ], [ -112.196715405412917, 28.972546417392042 ], [ -112.209236070517534, 28.963947167613917 ], [ -112.212927456449449, 28.959927072195637 ], [ -112.216826418126473, 28.953585648328804 ], [ -112.217899500992658, 28.943800874437667 ], [ -112.227250558398794, 28.920333117404375 ], [ -112.233555041118876, 28.901871158535876 ], [ -112.242039924406114, 28.892739303586463 ], [ -112.242873434524199, 28.883702579902589 ], [ -112.240268805768181, 28.878600792207262 ], [ -112.23983816497379, 28.875707785629551 ], [ -112.240906073419069, 28.872464875755995 ], [ -112.243223156958692, 28.86895795037638 ], [ -112.251502324770769, 28.862395212700857 ], [ -112.25592048649591, 28.857288326349565 ], [ -112.257739957296778, 28.854035842007161 ], [ -112.259529308505904, 28.842585463681221 ], [ -112.26169307500291, 28.837672378099562 ], [ -112.268439298910621, 28.829802978533262 ], [ -112.274523092714389, 28.820119829064865 ], [ -112.276438236605017, 28.815375290671319 ], [ -112.276144898764286, 28.813143128930356 ], [ -112.279029140406621, 28.806647209490013 ], [ -112.278004477064215, 28.805500895905737 ], [ -112.27884842949949, 28.803751131551373 ], [ -112.27703715569119, 28.800792978342894 ], [ -112.276163627988296, 28.794427638556549 ], [ -112.273164986666956, 28.788337683612887 ], [ -112.274465861969034, 28.784263438262517 ], [ -112.273408351120182, 28.781378464005616 ], [ -112.269845282501734, 28.778525209148949 ], [ -112.253776805343563, 28.770363629169168 ], [ -112.258225570170481, 28.767078145289005 ], [ -112.260027870962759, 28.769622641144824 ], [ -112.261025336983778, 28.769361654654986 ], [ -112.26359168937303, 28.765934056380576 ], [ -112.266446104114792, 28.764490248922986 ], [ -112.269087667502774, 28.765036548187265 ], [ -112.273428656347974, 28.769287768279742 ], [ -112.282915868371035, 28.767428108048577 ], [ -112.290130470805806, 28.764685979125328 ], [ -112.295579888245598, 28.761386473802556 ], [ -112.298366684064717, 28.756464805640956 ], [ -112.306909778423289, 28.751220375949778 ], [ -112.310842208849422, 28.747277380523339 ], [ -112.314800076151258, 28.744658919302356 ], [ -112.316441048310836, 28.745300094740546 ], [ -112.315033083986279, 28.750204225646428 ], [ -112.317597576088218, 28.753234904367602 ], [ -112.321733992842994, 28.753346674233846 ], [ -112.323628870921254, 28.754150069739808 ], [ -112.328150224989386, 28.761129898112635 ], [ -112.33433654777582, 28.763533132947909 ], [ -112.337333015550186, 28.762996895422134 ], [ -112.339494987159185, 28.764624651795497 ], [ -112.349268565501475, 28.764661221547822 ], [ -112.355492172963991, 28.762591233847512 ], [ -112.3586551757042, 28.757828998581882 ], [ -112.359785727526102, 28.757979568152251 ], [ -112.362351675798735, 28.7610093446878 ], [ -112.362148911425336, 28.763413538836982 ], [ -112.364771123426706, 28.76925804923123 ], [ -112.367090266849488, 28.77245663827722 ], [ -112.370996740758329, 28.773563674078378 ], [ -112.378374352521121, 28.772802114528407 ], [ -112.385673207316714, 28.774359883908588 ], [ -112.392058645271717, 28.780318537057639 ], [ -112.39451250576515, 28.783928847047036 ], [ -112.400608184782413, 28.787903582075213 ], [ -112.400265886382869, 28.789564427101794 ], [ -112.402063567110531, 28.791692960452199 ], [ -112.415240648252492, 28.79871698945929 ], [ -112.426833764357269, 28.795658954110117 ], [ -112.438351538487851, 28.801130243329105 ], [ -112.440220756884528, 28.800607384809304 ], [ -112.444369289297953, 28.801212034412494 ], [ -112.449238747621365, 28.800315926669875 ], [ -112.452778019875183, 28.801756918263063 ], [ -112.462018994798981, 28.800136552641444 ], [ -112.46531128589767, 28.801746305293356 ], [ -112.468961208175074, 28.814447150503902 ], [ -112.471042558984522, 28.818061243282134 ], [ -112.473601017405571, 28.820509233242966 ], [ -112.481656337390788, 28.822050973581753 ], [ -112.491306032249824, 28.821913286648428 ], [ -112.494343534872741, 28.823277523584018 ], [ -112.497220046390083, 28.82886715650098 ], [ -112.498725743070978, 28.828928348845849 ], [ -112.500181749817472, 28.832550934691895 ], [ -112.503374958216511, 28.835320433968803 ], [ -112.521341256339241, 28.842927192151368 ], [ -112.524148618204393, 28.845204944159118 ], [ -112.526913356338895, 28.84549590582716 ], [ -112.530469431342439, 28.847596994854971 ], [ -112.534503816842275, 28.848614510137413 ], [ -112.540617361779582, 28.852996447774824 ], [ -112.548069005135716, 28.855453853965031 ], [ -112.556736905152448, 28.867663895754919 ], [ -112.558646388582503, 28.868960508901118 ], [ -112.561161074780486, 28.869254453883869 ], [ -112.576169301258545, 28.867374901339822 ], [ -112.578358917729631, 28.86999192311815 ], [ -112.584073777818958, 28.87321849903298 ], [ -112.584491954240534, 28.875116735705806 ], [ -112.581537652407931, 28.87764518624153 ], [ -112.570046120676253, 28.879804230617005 ], [ -112.56840694929636, 28.88512817016203 ], [ -112.566338803250048, 28.888057126297351 ], [ -112.561568354832531, 28.887879589355453 ], [ -112.553489834327976, 28.891311443047076 ], [ -112.54492892495621, 28.895660782072131 ], [ -112.543103538668262, 28.898254602392306 ], [ -112.540876696035738, 28.899695021641694 ], [ -112.532325281535606, 28.904540275227717 ], [ -112.527466139204662, 28.906101759749223 ], [ -112.526053864575118, 28.910428246942146 ], [ -112.524091632890475, 28.912526982949096 ], [ -112.521860655421364, 28.913801546729641 ], [ -112.519468613727909, 28.913422303428341 ], [ -112.517355878514735, 28.91436385303448 ], [ -112.516163753104777, 28.91727935171237 ], [ -112.509749269040952, 28.922423415871357 ], [ -112.505503876830005, 28.929274817028258 ], [ -112.502699805164482, 28.939003521232401 ], [ -112.500181773878552, 28.938625763517592 ], [ -112.499066746466539, 28.939304255070443 ], [ -112.498501170917692, 28.942210589197142 ], [ -112.493130828160744, 28.943447004965055 ], [ -112.491411223976115, 28.945210579994455 ], [ -112.491267542781927, 28.950263787944507 ], [ -112.487796390959417, 28.952300826269397 ], [ -112.488681756991113, 28.952619380431361 ], [ -112.487078633406952, 28.953967207011214 ], [ -112.48662585710899, 28.956292241350368 ], [ -112.487419131953075, 28.958185427539419 ], [ -112.489066241226382, 28.95890710773633 ], [ -112.490638883970831, 28.962031196061066 ], [ -112.493318164326013, 28.964062916070208 ], [ -112.495007700603125, 28.966771241886047 ], [ -112.491524979826124, 28.974190902540112 ], [ -112.491354928985388, 28.978002388845351 ], [ -112.493850592127387, 28.983183317991706 ], [ -112.502741083717623, 28.993820038639466 ], [ -112.503991253345831, 28.999432734324706 ], [ -112.50279965625684, 29.002430907914434 ], [ -112.504606784815323, 29.004723358575667 ], [ -112.506377135887007, 29.011156551905895 ], [ -112.502084259646679, 29.02769668086183 ], [ -112.504964580365069, 29.044878423453039 ], [ -112.502221398784457, 29.051708001986889 ], [ -112.506243276661976, 29.063490891949449 ], [ -112.505557105754363, 29.066647373743219 ], [ -112.49805740653629, 29.068494513416869 ], [ -112.496082909130848, 29.07017902937968 ], [ -112.491549221781341, 29.087384676136121 ], [ -112.494844121989928, 29.0945412653052 ], [ -112.493732643949429, 29.101347177868092 ], [ -112.489465276162377, 29.107535972663818 ], [ -112.488898733103426, 29.110442239020433 ], [ -112.491404847407424, 29.115954117664444 ], [ -112.491742826482081, 29.120006646512373 ], [ -112.489398797139685, 29.127989469416839 ], [ -112.48363057817123, 29.134613640674452 ], [ -112.477764934130292, 29.148525689833598 ], [ -112.477222502767901, 29.152590809034901 ], [ -112.479786521353304, 29.16671359941936 ], [ -112.470262526987966, 29.174301681191846 ], [ -112.464684585189701, 29.184151705094909 ], [ -112.458930956874937, 29.191685492328315 ], [ -112.455842507793562, 29.194378839071767 ], [ -112.448877425580832, 29.19820314667442 ], [ -112.445490099542511, 29.198664767327411 ], [ -112.442445421408294, 29.197465426181768 ], [ -112.436590908529467, 29.200279888715759 ], [ -112.435050451543646, 29.198810938296727 ], [ -112.431482022521095, 29.190580323566536 ], [ -112.429948676001175, 29.189442424858761 ], [ -112.42702676746849, 29.188075404378942 ], [ -112.422633510010456, 29.188550421064011 ], [ -112.417406838406094, 29.185227827209562 ], [ -112.410364053174064, 29.185325029298916 ], [ -112.402629556106405, 29.188495116684425 ], [ -112.388243005957392, 29.198628255351181 ], [ -112.375437040648322, 29.212381933472102 ] ] ], [ [ [ -114.809598718716302, 32.493460700022823 ], [ -113.812831022713681, 32.190806837429136 ], [ -113.674399082071176, 32.148075288173843 ], [ -113.513494748058363, 32.095517358799242 ], [ -112.812020769827043, 31.880398847580899 ], [ -112.124633297754187, 31.665403845714064 ], [ -111.35787888037585, 31.422836164467032 ], [ -111.07694164418325, 31.332699964381121 ], [ -110.722986991576931, 31.333341525429542 ], [ -110.332023431590429, 31.332221648227879 ], [ -110.196402241679593, 31.333274137542979 ], [ -109.939036421565248, 31.333758119880866 ], [ -109.243772761295133, 31.333434270481259 ], [ -108.826623197096026, 31.332120407008347 ], [ -108.808699632165769, 31.332880880644161 ], [ -108.807545398600283, 31.328226815759937 ], [ -108.80029673353917, 31.324396959211388 ], [ -108.793699457507373, 31.326138870528091 ], [ -108.784517564955536, 31.326143933872576 ], [ -108.776757249422758, 31.328661220223758 ], [ -108.752411860671955, 31.321323040381156 ], [ -108.743255096098153, 31.317403227506347 ], [ -108.752524425103886, 31.284162341032154 ], [ -108.810737077804333, 31.247669953417578 ], [ -108.801334160573518, 31.1960997337899 ], [ -108.807331072683667, 31.19708453147992 ], [ -108.815340189838835, 31.200241746127404 ], [ -108.824556498690441, 31.19994506015323 ], [ -108.832401160471335, 31.197400724760698 ], [ -108.843496814563665, 31.19960376900984 ], [ -108.856327080036436, 31.20546109031352 ], [ -108.859224195648082, 31.208387323108269 ], [ -108.864426815082624, 31.211176631860027 ], [ -108.867944805006729, 31.215349102387155 ], [ -108.899497839230108, 31.227293879277362 ], [ -108.913189005349153, 31.235964060600253 ], [ -108.923867987357283, 31.240798225271917 ], [ -108.929112525584117, 31.241025274601164 ], [ -108.931725111045182, 31.246093914776043 ], [ -108.936530938138503, 31.250031997231439 ], [ -108.939394029387685, 31.255516375249933 ], [ -108.947804150202558, 31.258174767246167 ], [ -108.949859440541573, 31.257703135945135 ], [ -108.949498497330836, 31.256129753011926 ], [ -108.950433285956052, 31.253497770823834 ], [ -108.947906193939303, 31.251238494293521 ], [ -108.946568794790338, 31.246432774724667 ], [ -108.946109890589042, 31.233957224727384 ], [ -108.941332532604832, 31.228284748166516 ], [ -108.939967672082929, 31.225378190534535 ], [ -108.941934412515607, 31.213508338093927 ], [ -108.92126758592967, 31.209301283955298 ], [ -108.943236758936209, 31.177184207615998 ], [ -108.939291614913131, 31.175816771651135 ], [ -108.938688699179892, 31.17333204644552 ], [ -108.934495344940061, 31.171466034294646 ], [ -108.93401434947036, 31.169395665361193 ], [ -108.935826625556629, 31.167930272759353 ], [ -108.933769939327235, 31.159977604850319 ], [ -108.931256625306403, 31.156974920441598 ], [ -108.927058000911188, 31.155521574504256 ], [ -108.923420124270109, 31.150771137010846 ], [ -108.920627042859209, 31.149416745996096 ], [ -108.919891968593717, 31.147260740804015 ], [ -108.921750762462082, 31.142657690199055 ], [ -108.917180504564982, 31.140456354817978 ], [ -108.916074404531372, 31.137470045743449 ], [ -108.91110492716102, 31.136337435628214 ], [ -108.905566064594694, 31.130572864219022 ], [ -108.907883458839024, 31.126047918266693 ], [ -108.910099367622536, 31.123551824739195 ], [ -108.91037640569256, 31.119005064783899 ], [ -108.912927583248376, 31.118158912221698 ], [ -108.913500927428629, 31.111130973569779 ], [ -108.909963170808439, 31.109092764025934 ], [ -108.908610098245447, 31.101253465375262 ], [ -108.90984472085303, 31.096492702183475 ], [ -108.907871747954516, 31.090723912528315 ], [ -108.902736031931298, 31.088697778047539 ], [ -108.895392632882761, 31.089993510532864 ], [ -108.89055798679442, 31.085898796861386 ], [ -108.884783306372867, 31.083876745884922 ], [ -108.88251492591138, 31.080588593863332 ], [ -108.875783326593805, 31.078779878112758 ], [ -108.872914855137978, 31.079834186404167 ], [ -108.867122421375882, 31.075745605418586 ], [ -108.861266521765899, 31.064426812969366 ], [ -108.861255565384781, 31.063187399579029 ], [ -108.886462776780647, 31.057628646954342 ], [ -108.921715801674566, 30.990030538516478 ], [ -108.916190179422628, 30.975038646725732 ], [ -108.914296784273262, 30.972713235232401 ], [ -108.903591376839657, 30.968017170975497 ], [ -108.901722210385216, 30.963791655288102 ], [ -108.900113773214969, 30.948993390763121 ], [ -108.891137360803668, 30.93951622476105 ], [ -108.887630266003512, 30.933214331768987 ], [ -108.886906040774576, 30.919578407309906 ], [ -108.887876520182886, 30.913719359418039 ], [ -108.889705711067236, 30.91084006571122 ], [ -108.890248823029083, 30.888042447815216 ], [ -108.878858255510792, 30.887718633981642 ], [ -108.87589911387758, 30.88885531139497 ], [ -108.869955269434797, 30.893110981352795 ], [ -108.865473338990441, 30.893163106032009 ], [ -108.855901435596309, 30.890784336607595 ], [ -108.853623825774321, 30.888703317468703 ], [ -108.84216274081821, 30.883997366242326 ], [ -108.829148235175225, 30.88068381958929 ], [ -108.831413621173056, 30.873925740588085 ], [ -108.847211597716665, 30.761352952304001 ], [ -108.796792868841735, 30.75829557759447 ], [ -108.800564015985174, 30.751452822566069 ], [ -108.802108905897953, 30.745244589395835 ], [ -108.802679942707755, 30.736770223603983 ], [ -108.800071336616071, 30.72914331136683 ], [ -108.793989045758593, 30.725464556315181 ], [ -108.792341999701847, 30.718450901104958 ], [ -108.796035732394813, 30.701691988893632 ], [ -108.796925964082035, 30.693215494488992 ], [ -108.796142861095845, 30.674213266389511 ], [ -108.798330530446037, 30.668827304018592 ], [ -108.802765898924051, 30.665905764484979 ], [ -108.818316840858088, 30.659397929020908 ], [ -108.823056385392476, 30.654820950412276 ], [ -108.83320561069884, 30.650000540373604 ], [ -108.851635131416487, 30.64574197312113 ], [ -108.865248597572929, 30.636763318945796 ], [ -108.867760313324752, 30.632613789689341 ], [ -108.865768017290279, 30.622711437830237 ], [ -108.864140765421439, 30.61838444033744 ], [ -108.835402482028769, 30.606393696180351 ], [ -108.829046757159404, 30.607469659756671 ], [ -108.824237925566095, 30.602956793797443 ], [ -108.824189130082544, 30.596759147987974 ], [ -108.822260673037491, 30.594292844117188 ], [ -108.815874971458356, 30.591442901542482 ], [ -108.81106278976371, 30.586309647150983 ], [ -108.764503230134252, 30.571318662268709 ], [ -108.758451896879791, 30.570323055238372 ], [ -108.746382945418404, 30.5730828484939 ], [ -108.73013923203527, 30.570287869549606 ], [ -108.721520886697121, 30.565999876533507 ], [ -108.713892087634306, 30.566870950179613 ], [ -108.709137046551461, 30.56937795054024 ], [ -108.692911937122489, 30.569264147676588 ], [ -108.688128238691149, 30.567431527780247 ], [ -108.680781479524811, 30.562720271652026 ], [ -108.667403352108337, 30.559901200796066 ], [ -108.624067070778452, 30.547112481473977 ], [ -108.632278838470526, 30.53715193900922 ], [ -108.638886871332502, 30.525133046771465 ], [ -108.637590705886623, 30.521007166289206 ], [ -108.634380894298644, 30.5158580044323 ], [ -108.630228352973191, 30.512573268015096 ], [ -108.619075592074196, 30.508290694639541 ], [ -108.613645220943354, 30.503771982823743 ], [ -108.607587524316074, 30.500702564411082 ], [ -108.605028293062389, 30.497822284706277 ], [ -108.602453404011598, 30.492049093813694 ], [ -108.601140207720846, 30.484409923648197 ], [ -108.601389529708541, 30.471803783540082 ], [ -108.604529401535444, 30.464762743845363 ], [ -108.612105154806542, 30.455426770506502 ], [ -108.617828392187292, 30.456018234775403 ], [ -108.621634619069638, 30.454759364867442 ], [ -108.63499598094171, 30.457377828825482 ], [ -108.652761302824246, 30.452326432675292 ], [ -108.666084669711168, 30.444988766109443 ], [ -108.622988294534792, 30.370401564061471 ], [ -108.616585236897919, 30.36711839421309 ], [ -108.607575695993901, 30.36593262192148 ], [ -108.603610843718826, 30.366510506384625 ], [ -108.597932144176553, 30.369122046081976 ], [ -108.592932215442474, 30.370257159338301 ], [ -108.570321661668928, 30.36811379049999 ], [ -108.561372606725882, 30.364855707021491 ], [ -108.556242580804337, 30.361680074370341 ], [ -108.550406912054939, 30.360890590233264 ], [ -108.542095626172468, 30.3576451090997 ], [ -108.52769632124253, 30.349213815019286 ], [ -108.520990283895415, 30.347741408144412 ], [ -108.516404128383442, 30.347806081339407 ], [ -108.50969036680587, 30.342274928615431 ], [ -108.506648538796298, 30.341793644234549 ], [ -108.504071862913619, 30.342813274210339 ], [ -108.499885110865165, 30.346612934336214 ], [ -108.497705521449021, 30.346931781573335 ], [ -108.496089579516862, 30.34025175524997 ], [ -108.493227186293282, 30.33531807911023 ], [ -108.495162930329627, 30.328193807395035 ], [ -108.494722238194072, 30.323817506431389 ], [ -108.495315715845692, 30.320754497502339 ], [ -108.494148972821463, 30.319029131814482 ], [ -108.494361425360708, 30.315969442267374 ], [ -108.498136794682054, 30.313374552226794 ], [ -108.498346875874049, 30.310149596096654 ], [ -108.496118141079947, 30.305045091898879 ], [ -108.501042357954674, 30.293597216083885 ], [ -108.505986661913184, 30.292975396460111 ], [ -108.516064047966324, 30.287018867761873 ], [ -108.517554628865909, 30.284609010881859 ], [ -108.521598126345253, 30.283168186108757 ], [ -108.522945539981791, 30.279602550923556 ], [ -108.522634448414465, 30.275473167334543 ], [ -108.526544566414117, 30.264446831246683 ], [ -108.525451239972355, 30.25883684941115 ], [ -108.531409019191997, 30.258205170280494 ], [ -108.533678820069056, 30.257110485723235 ], [ -108.535802051498564, 30.254612159590966 ], [ -108.547274439883282, 30.24897163649138 ], [ -108.548010386283892, 30.247146844442586 ], [ -108.548096645565948, 30.244253598362931 ], [ -108.546276973153212, 30.241212330925379 ], [ -108.543077669169676, 30.23934047622393 ], [ -108.539767732174653, 30.238626523073094 ], [ -108.536350657077762, 30.231566963301905 ], [ -108.533907870897565, 30.229272747003016 ], [ -108.535913145485011, 30.218673418880456 ], [ -108.537676776600449, 30.217831738185669 ], [ -108.542365363294095, 30.217543899792446 ], [ -108.544796157068149, 30.219011327835634 ], [ -108.554570450058151, 30.219588983140078 ], [ -108.560686326027721, 30.221520373564157 ], [ -108.561727255580294, 30.223330172139804 ], [ -108.567627193147203, 30.227825936496174 ], [ -108.572700148701642, 30.227781650299626 ], [ -108.575094044490498, 30.226685943462151 ], [ -108.577588011098428, 30.223770529140346 ], [ -108.571546625196788, 30.218284392209394 ], [ -108.57125557819171, 30.215724081804016 ], [ -108.57266614733814, 30.208105880942291 ], [ -108.57176045886257, 30.206873698177837 ], [ -108.571492566541636, 30.197203321722853 ], [ -108.577576989773831, 30.197067465173525 ], [ -108.580729590641113, 30.195882385413082 ], [ -108.584657381911057, 30.195682467064213 ], [ -108.584614818773431, 30.192789320565375 ], [ -108.5831862585962, 30.190487084894873 ], [ -108.583076992462182, 30.183047547405973 ], [ -108.578961215747952, 30.179032732018953 ], [ -108.575670331245149, 30.170711574254216 ], [ -108.56914603510161, 30.166634710384315 ], [ -108.562917561810281, 30.165448505956459 ], [ -108.565262229590175, 30.152283158113338 ], [ -108.564922729361015, 30.14633358655858 ], [ -108.569447486885949, 30.143731581137381 ], [ -108.57367412140529, 30.138073118420049 ], [ -108.587139069408892, 30.140270225226153 ], [ -108.595165646049736, 30.143175567295302 ], [ -108.598790175430551, 30.13975386727671 ], [ -108.599881619185979, 30.136437299820557 ], [ -108.607466717498568, 30.126697109525594 ], [ -108.610982020489075, 30.124516183040868 ], [ -108.614776443929145, 30.124068751307394 ], [ -108.610037029809348, 30.111287695248361 ], [ -108.618454159048667, 30.102158073525938 ], [ -108.617994712558016, 30.099292832553846 ], [ -108.612058883155981, 30.089707679744148 ], [ -108.611097272471511, 30.086498977502259 ], [ -108.612563671104922, 30.082483889288007 ], [ -108.615428644772152, 30.078404489208239 ], [ -108.615346104834273, 30.075796811905338 ], [ -108.614360085077081, 30.074017160103015 ], [ -108.605846974586228, 30.074064561278579 ], [ -108.600229242276015, 30.075666179370192 ], [ -108.597765681026502, 30.071174762120471 ], [ -108.593480642672944, 30.06917966359298 ], [ -108.591743212984895, 30.066800542687631 ], [ -108.593573609841727, 30.063799852972696 ], [ -108.593631698490825, 30.06043746898148 ], [ -108.591516321005017, 30.05788478096024 ], [ -108.582220937875789, 30.05186573522402 ], [ -108.581510167147385, 30.048912703275693 ], [ -108.578243732393574, 30.046847729404355 ], [ -108.56227823418368, 30.044682759272817 ], [ -108.561284593511786, 30.043407118593375 ], [ -108.560980535710954, 30.039030563203159 ], [ -108.562195626379335, 30.034928332712383 ], [ -108.565666401635127, 30.032540419969823 ], [ -108.567821805378657, 30.032739829852879 ], [ -108.569771806703685, 30.030161595378843 ], [ -108.572186962471349, 30.030028371496133 ], [ -108.573764727800167, 30.026940208365396 ], [ -108.575338878951129, 30.009474248606615 ], [ -108.57434391770397, 30.008282769851878 ], [ -108.569830850427067, 30.012253410873647 ], [ -108.565598932445198, 30.007399562367663 ], [ -108.558828964658375, 30.002508696350663 ], [ -108.556014674936392, 30.010740717161035 ], [ -108.553468484812896, 30.009687459002301 ], [ -108.549810302783726, 30.010545054640225 ], [ -108.54610776640672, 30.008261232783617 ], [ -108.538086238132138, 30.006227213906808 ], [ -108.540245154377317, 30.00367934237552 ], [ -108.540438751341142, 29.996420198846266 ], [ -108.543570894973755, 29.994520614082894 ], [ -108.546024454254379, 29.989932760197316 ], [ -108.545560442837925, 29.981229258753732 ], [ -108.548375707725256, 29.979332988368217 ], [ -108.550456071075729, 29.971431580486644 ], [ -108.544984268624034, 29.96589189940072 ], [ -108.54423948917966, 29.959264809650577 ], [ -108.538497910469076, 29.956423161605716 ], [ -108.538104836624612, 29.951865720305349 ], [ -108.533069403537397, 29.953370575607391 ], [ -108.526397075389397, 29.951574944073464 ], [ -108.512585615571226, 29.938864064944866 ], [ -108.510609499279852, 29.934115582920093 ], [ -108.511809050214154, 29.930163428848754 ], [ -108.516699279877173, 29.919952252403842 ], [ -108.519475673101141, 29.915776227949685 ], [ -108.525069236634565, 29.909911810613703 ], [ -108.536049525167627, 29.904819710329161 ], [ -108.544250327898553, 29.903695956248246 ], [ -108.55342018422327, 29.903805399645631 ], [ -108.565715404220114, 29.901807033697587 ], [ -108.590670271014233, 29.900705707651305 ], [ -108.596650183382181, 29.899188464355717 ], [ -108.60039592332943, 29.896451669071237 ], [ -108.604475557653899, 29.894747767482254 ], [ -108.602163910198414, 29.907213681013104 ], [ -108.607878641893237, 29.908601571573328 ], [ -108.614919717719417, 29.913499087663322 ], [ -108.623163694094089, 29.914857954405711 ], [ -108.627886758526003, 29.913768065872848 ], [ -108.636812634333978, 29.896975122454162 ], [ -108.638181725276226, 29.891963142411175 ], [ -108.644132006882529, 29.889032202056359 ], [ -108.626115931367721, 29.874269984591372 ], [ -108.626173376943655, 29.872782612351756 ], [ -108.621723146248783, 29.872729544927203 ], [ -108.620510094703135, 29.87120338074941 ], [ -108.620456543057898, 29.86929897732691 ], [ -108.621568813283915, 29.866851069057976 ], [ -108.623592707195442, 29.863851866758107 ], [ -108.626597733761386, 29.861792570963431 ], [ -108.625947696188703, 29.855568053896 ], [ -108.621381482428546, 29.851954100032426 ], [ -108.621200868860356, 29.850045813412375 ], [ -108.622351179377688, 29.846606297108561 ], [ -108.619640423811489, 29.841063403593861 ], [ -108.613521206178447, 29.841455487379179 ], [ -108.603554898495631, 29.845948559184365 ], [ -108.601681659376951, 29.845063817959698 ], [ -108.60176829717264, 29.842832795002138 ], [ -108.600885590787669, 29.842640256593999 ], [ -108.596470610911965, 29.844986584975583 ], [ -108.594304842080518, 29.845085499984982 ], [ -108.5910329706944, 29.840931198732552 ], [ -108.588290171637098, 29.83952315187981 ], [ -108.580247685145991, 29.843577263249394 ], [ -108.57761585641623, 29.842586060652316 ], [ -108.576859142130928, 29.839170841307336 ], [ -108.577317655114229, 29.837199508780632 ], [ -108.573134131468123, 29.830369336910856 ], [ -108.571083188205975, 29.821040380120937 ], [ -108.571134896951278, 29.819718321935255 ], [ -108.574135242062951, 29.814516375497739 ], [ -108.574140637866051, 29.81112466772684 ], [ -108.575418958715204, 29.807689527482054 ], [ -108.570436114793765, 29.801827351394916 ], [ -108.56573768535452, 29.798455655466647 ], [ -108.568106057517866, 29.793151543159578 ], [ -108.563874609642156, 29.794096115661162 ], [ -108.560108149127515, 29.79290401447453 ], [ -108.559534932856309, 29.791314413128244 ], [ -108.560354904541839, 29.789850701914904 ], [ -108.562818663230459, 29.788603340280666 ], [ -108.564442268460368, 29.786089004437475 ], [ -108.565566871504203, 29.78008460183862 ], [ -108.564996858106156, 29.778412391880916 ], [ -108.558968870775772, 29.776571182491313 ], [ -108.557246921787026, 29.775111431472833 ], [ -108.556410262753403, 29.773761836965448 ], [ -108.5566440835469, 29.771039040029905 ], [ -108.557063715169932, 29.77005930380081 ], [ -108.559113878492212, 29.769626464004382 ], [ -108.559894110429013, 29.765927839405226 ], [ -108.559031589620474, 29.76523929038196 ], [ -108.555598403363106, 29.765298340698163 ], [ -108.554400540805787, 29.763441162297934 ], [ -108.554364352693128, 29.761123636069133 ], [ -108.555786270649207, 29.760505899219332 ], [ -108.555952043180781, 29.759518293579525 ], [ -108.555216509833443, 29.758833658045923 ], [ -108.55510521567227, 29.755190140930345 ], [ -108.558139783795298, 29.74907953539336 ], [ -108.558945713682547, 29.744719868957173 ], [ -108.558850434053838, 29.740663197059835 ], [ -108.556096494052113, 29.73313225393337 ], [ -108.55767648519749, 29.728465658673951 ], [ -108.554777278779667, 29.724652997068741 ], [ -108.554864654239154, 29.722422020592063 ], [ -108.54976381017066, 29.719699189575429 ], [ -108.548332275151623, 29.717338336012045 ], [ -108.547922093142503, 29.71484372912234 ], [ -108.542399096568786, 29.713182992746759 ], [ -108.542817333664217, 29.699297525853112 ], [ -108.540449223495514, 29.691695544825915 ], [ -108.540530342852094, 29.689629840585898 ], [ -108.541402549241639, 29.678893702182684 ], [ -108.546732836521102, 29.674341576078774 ], [ -108.5456253396747, 29.664607659767302 ], [ -108.537104549615407, 29.664281993901398 ], [ -108.539819409262464, 29.656788979115316 ], [ -108.545446908376007, 29.653827219574904 ], [ -108.545330329907401, 29.646778460720046 ], [ -108.544302302684159, 29.641812753875548 ], [ -108.544490877964137, 29.634138730210932 ], [ -108.541013032846095, 29.633552973625108 ], [ -108.54212704935405, 29.624625163165938 ], [ -108.545573782035987, 29.623345061869941 ], [ -108.541014236606074, 29.614476430843411 ], [ -108.54063769149991, 29.610747980297152 ], [ -108.543622045620154, 29.600556564592438 ], [ -108.553452314804346, 29.585109676623674 ], [ -108.553688539539877, 29.580338088846784 ], [ -108.549079425989049, 29.568359819527398 ], [ -108.53940064721759, 29.569553991457784 ], [ -108.53728469728992, 29.558816015551876 ], [ -108.535241620477663, 29.555939648006508 ], [ -108.536315349053993, 29.547948204701356 ], [ -108.538081311307195, 29.544942084176629 ], [ -108.541305394108392, 29.543553109478086 ], [ -108.540616658216138, 29.541711646252026 ], [ -108.538593758250755, 29.541566063590487 ], [ -108.53186892295291, 29.538461337890116 ], [ -108.525001523062258, 29.532539008074998 ], [ -108.519099100893158, 29.531113898590664 ], [ -108.516079890251532, 29.527296744386703 ], [ -108.505711600218845, 29.520188540820051 ], [ -108.503898214143973, 29.511527820405046 ], [ -108.497534709881919, 29.502558922684514 ], [ -108.493150912940877, 29.49803661767168 ], [ -108.492736049287799, 29.49570715071874 ], [ -108.495636146606088, 29.486449729474842 ], [ -108.495334760694092, 29.484454749101467 ], [ -108.49236343277272, 29.479480379941634 ], [ -108.529771088669037, 29.478747281750575 ], [ -108.533780910900774, 29.47341179572561 ], [ -108.5383843004619, 29.46908738506281 ], [ -108.542356950138455, 29.461433981021052 ], [ -108.542826750291241, 29.459132080864716 ], [ -108.544834182183777, 29.456381478532286 ], [ -108.557070808636425, 29.454443869949724 ], [ -108.56073540305691, 29.451413306832322 ], [ -108.564904228820694, 29.445171650091925 ], [ -108.615464705772851, 29.444653733713217 ], [ -108.59369280276961, 29.414618369874223 ], [ -108.596034350015586, 29.403107458594821 ], [ -108.590650050362399, 29.398307554401768 ], [ -108.596427765336387, 29.386427033484285 ], [ -108.594665206261766, 29.375041509258057 ], [ -108.597736636929, 29.370654418823978 ], [ -108.606799899726781, 29.348578402870995 ], [ -108.607355556736152, 29.344218099756279 ], [ -108.60693353170322, 29.337794768128088 ], [ -108.601189168178195, 29.313803400249025 ], [ -108.670733070590771, 29.300811695954401 ], [ -108.67385674041175, 29.299740096098329 ], [ -108.675666071886994, 29.295365700188537 ], [ -108.677262048477957, 29.296799209273825 ], [ -108.682617093882726, 29.297568451559293 ], [ -108.68718803424683, 29.289430751438964 ], [ -108.70120317692151, 29.282429880522109 ], [ -108.699119736401443, 29.277155178143708 ], [ -108.70822238563693, 29.270739041530131 ], [ -108.715443987381136, 29.252825564130436 ], [ -108.715234875954707, 29.241009838726576 ], [ -108.712594987061323, 29.233783273951566 ], [ -108.710835193836985, 29.223021864947654 ], [ -108.707254527072266, 29.21580583964672 ], [ -108.707966651052899, 29.202735482949095 ], [ -108.710995784850567, 29.196480905356712 ], [ -108.71238986068353, 29.186512846512002 ], [ -108.708822712805144, 29.162087526508483 ], [ -108.700387390739408, 29.146217763931517 ], [ -108.700318784306745, 29.142279076055576 ], [ -108.689802442515472, 29.132859382542101 ], [ -108.684965393445012, 29.125241676356843 ], [ -108.681725579419833, 29.1010185080154 ], [ -108.678891266818127, 29.094617585341577 ], [ -108.684566382799247, 29.093816914579044 ], [ -108.68747040089589, 29.088158179661949 ], [ -108.689792364947891, 29.085718387922991 ], [ -108.692946718998542, 29.08519973591611 ], [ -108.697419947377483, 29.082138832092323 ], [ -108.700586244838703, 29.075987865096035 ], [ -108.702439447666322, 29.066995286888634 ], [ -108.705388471161399, 29.06456728584142 ], [ -108.708051903651551, 29.063541812613966 ], [ -108.70921842194852, 29.062073340070615 ], [ -108.70586534511888, 29.050164194886097 ], [ -108.707544060321823, 29.048291449475101 ], [ -108.714623790763582, 29.0464396481267 ], [ -108.714556548020525, 29.044036299439771 ], [ -108.711639810414411, 29.040004456050809 ], [ -108.704950845638251, 29.036148419216499 ], [ -108.70254090151991, 29.031960499184695 ], [ -108.697893861472792, 29.031953638976908 ], [ -108.696806498616084, 29.030193215915993 ], [ -108.698539622551863, 29.026085233302702 ], [ -108.70034559437633, 29.024132191036585 ], [ -108.699474738751931, 29.018648644313078 ], [ -108.697676800663629, 29.015135096031404 ], [ -108.692186335970533, 29.01370367636428 ], [ -108.687931215552155, 29.007988873668879 ], [ -108.683536308411249, 29.007986441997875 ], [ -108.680196378033415, 29.005933656265288 ], [ -108.678899278279502, 29.00251244665975 ], [ -108.67644219745462, 29.000311084967137 ], [ -108.675620769182402, 28.997975882708747 ], [ -108.683792836457201, 28.992419544323475 ], [ -108.680038889101681, 28.98679707978124 ], [ -108.680184711500758, 28.985971621998605 ], [ -108.683099278712035, 28.984868620781715 ], [ -108.685487509340618, 28.984749299699601 ], [ -108.683800201666699, 28.976764949766618 ], [ -108.686874411160034, 28.974256850434617 ], [ -108.690883389738687, 28.9745829714882 ], [ -108.690189284317825, 28.972167480477413 ], [ -108.685945952457004, 28.96603873271652 ], [ -108.687775333978877, 28.963092313788199 ], [ -108.691765631575379, 28.959028053391958 ], [ -108.695834626419511, 28.95687026888595 ], [ -108.698361781983209, 28.956173565930769 ], [ -108.705091812420577, 28.958125468060906 ], [ -108.706621367722136, 28.957160922291003 ], [ -108.703654149602485, 28.950146103831287 ], [ -108.703364586120458, 28.945654501457692 ], [ -108.704744631858091, 28.944745078442253 ], [ -108.708756767524278, 28.944336979848494 ], [ -108.712015218541325, 28.945336467952732 ], [ -108.712899135450613, 28.939205148659781 ], [ -108.716290701745024, 28.932331694770888 ], [ -108.718799414026535, 28.930595039012129 ], [ -108.722685703593314, 28.930103432447094 ], [ -108.722060982014568, 28.927947799895986 ], [ -108.718555473961473, 28.923633244831699 ], [ -108.716429999885847, 28.918243292352827 ], [ -108.714050741304433, 28.916167903573356 ], [ -108.711419211796112, 28.915749577537923 ], [ -108.708911112179536, 28.91715461705617 ], [ -108.709030662142396, 28.922624478394834 ], [ -108.707775142708641, 28.924611518002852 ], [ -108.705646336858536, 28.922784991317997 ], [ -108.704521939381223, 28.919468285142717 ], [ -108.704775880746368, 28.916485227592212 ], [ -108.705910500416792, 28.910354330808882 ], [ -108.706915662635595, 28.907952541660691 ], [ -108.708546319765659, 28.906546187966466 ], [ -108.706671224418685, 28.902150986085687 ], [ -108.706551655967118, 28.896763989532786 ], [ -108.707683697564747, 28.892704894309741 ], [ -108.709439906271342, 28.890801459529317 ], [ -108.707060683934955, 28.88938897455068 ], [ -108.707689261648454, 28.887400954678004 ], [ -108.701935931954708, 28.878027289520272 ], [ -108.707454418174919, 28.872317474681083 ], [ -108.707960065696739, 28.867925897535184 ], [ -108.705080192667722, 28.866595518835759 ], [ -108.698812101392022, 28.870646584913651 ], [ -108.696808070717907, 28.870311902210791 ], [ -108.695309831633352, 28.865917183806765 ], [ -108.700824796581074, 28.863108207839264 ], [ -108.702831739197492, 28.860625102747033 ], [ -108.703210634938898, 28.85772508667706 ], [ -108.696952299027018, 28.853571576800388 ], [ -108.694201747120829, 28.849174857785453 ], [ -108.690573632440831, 28.845688278220216 ], [ -108.690576372458054, 28.843367811938602 ], [ -108.691830730735504, 28.841712369597694 ], [ -108.693333807124631, 28.841549047158122 ], [ -108.698463906649096, 28.845866663822022 ], [ -108.699217930160685, 28.843547366091357 ], [ -108.696343204507357, 28.838321757213318 ], [ -108.695594401195549, 28.836000089702555 ], [ -108.695972520963196, 28.833845958058347 ], [ -108.70211009586113, 28.832695299544643 ], [ -108.702112470384222, 28.830457688900506 ], [ -108.705246149589257, 28.827561852741589 ], [ -108.714388643486757, 28.82641511763979 ], [ -108.720774768627734, 28.826755689911099 ], [ -108.722779287558325, 28.825681092652022 ], [ -108.724284346047938, 28.822865391281965 ], [ -108.72003917590844, 28.808853544496117 ], [ -108.712151247839458, 28.809008077144401 ], [ -108.706024408880893, 28.800960162836201 ], [ -108.704150573536396, 28.796979349926588 ], [ -108.702030531042155, 28.789103015568561 ], [ -108.696910818229995, 28.777409792931863 ], [ -108.695411733442043, 28.774755466314964 ], [ -108.691160195078751, 28.771268036272705 ], [ -108.691042477330441, 28.764637862740109 ], [ -108.689545580238388, 28.760325991294565 ], [ -108.68691911411409, 28.758995784637911 ], [ -108.685420326331666, 28.756507118920243 ], [ -108.682552819735704, 28.74755197636296 ], [ -108.673803514372409, 28.739995791552332 ], [ -108.652817955444405, 28.740957627352081 ], [ -108.644656134596872, 28.738763005725207 ], [ -108.634559086655869, 28.73285566246059 ], [ -108.623263556643337, 28.730070327065317 ], [ -108.617220148858635, 28.723497317945235 ], [ -108.616455335818301, 28.714795988744427 ], [ -108.61479015000991, 28.708384904759349 ], [ -108.611264226258385, 28.702822352965303 ], [ -108.566602790897463, 28.703895678836378 ], [ -108.561552961673996, 28.70062782698049 ], [ -108.558046062648231, 28.696100308015922 ], [ -108.554899335367011, 28.682523865031104 ], [ -108.57025849913974, 28.662252002370998 ], [ -108.559033864829516, 28.658096824995805 ], [ -108.559547712760391, 28.654737813666689 ], [ -108.555056419837726, 28.649440157709208 ], [ -108.555478336716803, 28.647380705167915 ], [ -108.56020407836499, 28.645095019444145 ], [ -108.560659005547009, 28.643299891761913 ], [ -108.559218526321175, 28.641854705570058 ], [ -108.562740015618346, 28.632685618037574 ], [ -108.562546565888411, 28.630014908757524 ], [ -108.560737176257476, 28.626758055241869 ], [ -108.562768631800282, 28.622977496550721 ], [ -108.559929677939479, 28.619643452163601 ], [ -108.557002942213032, 28.618803027261112 ], [ -108.555072914509381, 28.61674333748719 ], [ -108.553090853942535, 28.606680087904493 ], [ -108.55675235951206, 28.60302098787384 ], [ -108.55761252458673, 28.598518211029067 ], [ -108.559436902916858, 28.596445548030044 ], [ -108.566048722713219, 28.595631071080081 ], [ -108.567409888645273, 28.593997261092223 ], [ -108.568288626538106, 28.574516508335336 ], [ -108.567564149633071, 28.57064295825975 ], [ -108.569819732409002, 28.566915880283332 ], [ -108.570639011485241, 28.563674113732159 ], [ -108.572064778499765, 28.561751567424349 ], [ -108.577738888480795, 28.557576895625832 ], [ -108.58365244228402, 28.555054739835679 ], [ -108.586999040384455, 28.550991201389074 ], [ -108.58051333297955, 28.537930471554592 ], [ -108.565262866555841, 28.529431893819439 ], [ -108.569003161032342, 28.524068015741648 ], [ -108.563053071652035, 28.507493037109779 ], [ -108.564236773690254, 28.50486888469295 ], [ -108.568884024878258, 28.50077959435281 ], [ -108.571986178754955, 28.494945222652166 ], [ -108.578061645236644, 28.487031081336617 ], [ -108.581868343273854, 28.485372949808333 ], [ -108.587390044084557, 28.48517476995459 ], [ -108.588960270887867, 28.484059254497588 ], [ -108.590478434268746, 28.47988602068785 ], [ -108.588910895062668, 28.477249982986894 ], [ -108.568047877498557, 28.466850559640157 ], [ -108.561772865391987, 28.457012922392725 ], [ -108.555001910604645, 28.455095846869881 ], [ -108.550104013049364, 28.455195992775039 ], [ -108.549799073242667, 28.453014435377252 ], [ -108.544171531682565, 28.446852148433511 ], [ -108.542372513071456, 28.440956074839075 ], [ -108.542023042840981, 28.436991825840796 ], [ -108.540395968227813, 28.435837951148919 ], [ -108.536518665981347, 28.435690900002072 ], [ -108.532422012053445, 28.436765379551563 ], [ -108.530938938403864, 28.432423737565191 ], [ -108.519406548288956, 28.426131922934008 ], [ -108.518368625639823, 28.424382897371167 ], [ -108.518273276714964, 28.421606547317488 ], [ -108.521185915648317, 28.417097171704466 ], [ -108.521322084123355, 28.413585382314416 ], [ -108.520160746860029, 28.411041349863225 ], [ -108.520272872980883, 28.400357212770516 ], [ -108.504802227468872, 28.381013329227791 ], [ -108.504375777454868, 28.378915643951135 ], [ -108.505402277911031, 28.376030650545967 ], [ -108.507101610497131, 28.374042979703603 ], [ -108.507290683314608, 28.370541160716201 ], [ -108.505076341113721, 28.366817169961521 ], [ -108.501666772711118, 28.365279079543907 ], [ -108.497867435168175, 28.351196423185751 ], [ -108.515310672322443, 28.355572953382882 ], [ -108.517893999094056, 28.348423570913166 ], [ -108.525272194651365, 28.34647133188523 ], [ -108.52689062078008, 28.344968415053241 ], [ -108.532207828648012, 28.334733074331929 ], [ -108.539435647941573, 28.3292971108547 ], [ -108.542947704271839, 28.330022115648557 ], [ -108.545978864827788, 28.333653286128705 ], [ -108.550878679963546, 28.335779653983373 ], [ -108.565637324779175, 28.332700942151362 ], [ -108.56718514318483, 28.338995330303614 ], [ -108.57221853768651, 28.342198366463847 ], [ -108.606676577022412, 28.343633227251811 ], [ -108.606019874936663, 28.339573170443682 ], [ -108.607759097647644, 28.337653858490096 ], [ -108.610347557380962, 28.332079218356238 ], [ -108.619339152370273, 28.328618337543578 ], [ -108.627628343632892, 28.331631442411581 ], [ -108.631009181035338, 28.331525548136863 ], [ -108.635503656749506, 28.329670114065031 ], [ -108.6369685321079, 28.324766330179202 ], [ -108.644427868045966, 28.31774775215785 ], [ -108.647897626058509, 28.313078910727089 ], [ -108.648630040777007, 28.310668454927193 ], [ -108.650744957540383, 28.30891198406395 ], [ -108.655363969148141, 28.307138081087242 ], [ -108.656094216886032, 28.304478784047106 ], [ -108.655179780845273, 28.299674382093222 ], [ -108.656159741000934, 28.296930406502401 ], [ -108.656110607368745, 28.290709929182004 ], [ -108.660587119465205, 28.286863310576326 ], [ -108.662922083118147, 28.281372691553514 ], [ -108.664658049001474, 28.279286942963779 ], [ -108.666779391371179, 28.278442628274966 ], [ -108.670509321763262, 28.275264540047729 ], [ -108.671744377407038, 28.273182248295942 ], [ -108.672087277243591, 28.269115603207016 ], [ -108.673203076491561, 28.267780636516868 ], [ -108.690745008163347, 28.270060999537712 ], [ -108.690385833929938, 28.272054193467259 ], [ -108.693027202239989, 28.273611077230431 ], [ -108.690424583783482, 28.276781616581196 ], [ -108.690440227741718, 28.278689172448455 ], [ -108.685952351787563, 28.280960831095687 ], [ -108.683360835219275, 28.28554120963112 ], [ -108.679861185889081, 28.286229722311724 ], [ -108.678997692540804, 28.287811783131886 ], [ -108.680147228313231, 28.290623647572918 ], [ -108.679167271579132, 28.293284797158265 ], [ -108.682430287977112, 28.294256823945826 ], [ -108.684601873904299, 28.299549592315905 ], [ -108.683021706914772, 28.305366877148934 ], [ -108.683653819652434, 28.306108829538349 ], [ -108.686655300517188, 28.305672574886255 ], [ -108.686434135086486, 28.309240675139453 ], [ -108.692249122729436, 28.315917017899501 ], [ -108.695773692110663, 28.318130879444023 ], [ -108.696414929320326, 28.319950928296496 ], [ -108.696062006922048, 28.322690558326656 ], [ -108.697194519766612, 28.323345848619688 ], [ -108.699557137914056, 28.321338041406239 ], [ -108.703551652469088, 28.319815903666967 ], [ -108.708510764483989, 28.313890713760482 ], [ -108.710138489969509, 28.313878730816917 ], [ -108.712784015217579, 28.315766839768159 ], [ -108.712667920525405, 28.316845920954684 ], [ -108.712053071567354, 28.318177507260533 ], [ -108.707944718681418, 28.321027765546027 ], [ -108.713332598202058, 28.32140271892488 ], [ -108.715188415342467, 28.323407167347476 ], [ -108.719606209175808, 28.322849081800797 ], [ -108.72111379529332, 28.323418427475559 ], [ -108.723219800704911, 28.320748644367018 ], [ -108.726472562916513, 28.320392551846016 ], [ -108.725085235880371, 28.319241788630375 ], [ -108.724428610897832, 28.315680303057064 ], [ -108.725910498176333, 28.313263976735684 ], [ -108.724403043035053, 28.312694672432364 ], [ -108.718277782275806, 28.313901459180364 ], [ -108.717272589836156, 28.313494221744239 ], [ -108.717489186671372, 28.309511495279001 ], [ -108.71055894705259, 28.304337478168886 ], [ -108.707394889849695, 28.300296642199754 ], [ -108.70675223990861, 28.298310775976447 ], [ -108.707691197801324, 28.290839218517196 ], [ -108.701270989714246, 28.286573187822029 ], [ -108.702992409688548, 28.282828290309457 ], [ -108.701212416634803, 28.279523600977154 ], [ -108.702042438251368, 28.273960491297601 ], [ -108.704280882304062, 28.272202420705035 ], [ -108.717759682900038, 28.267541763006189 ], [ -108.747446848974334, 28.270305037476646 ], [ -108.747421525050584, 28.267402388400434 ], [ -108.748524708007338, 28.264739970477482 ], [ -108.751259795614089, 28.26264567682534 ], [ -108.752386095942185, 28.262637080659331 ], [ -108.753278112138659, 28.264454901616798 ], [ -108.752921586669757, 28.266614014294767 ], [ -108.755807307905414, 28.267421304429739 ], [ -108.758807232577581, 28.266983587952215 ], [ -108.760451036132807, 28.268878503506528 ], [ -108.764202604976774, 28.268517813445087 ], [ -108.767215802966376, 28.269572675125232 ], [ -108.765421936559804, 28.278958455376873 ], [ -108.769604958041612, 28.284814498053628 ], [ -108.769765775387498, 28.288794206075845 ], [ -108.773816078713352, 28.293738792758361 ], [ -108.776837579143134, 28.295622663647787 ], [ -108.779219002055214, 28.295935708963814 ], [ -108.779981357301224, 28.297173752192744 ], [ -108.780802447459692, 28.304880317102281 ], [ -108.781544546268137, 28.303879239133167 ], [ -108.781012162513534, 28.300400134019039 ], [ -108.782980431653016, 28.296569574557246 ], [ -108.782195455480164, 28.292843656783383 ], [ -108.783284359417294, 28.288688286895205 ], [ -108.782000300779131, 28.285132165071982 ], [ -108.781975488525319, 28.282395477431695 ], [ -108.78294670646612, 28.279070398280432 ], [ -108.778165921949082, 28.276371066395665 ], [ -108.773999971990889, 28.272422700281663 ], [ -108.774858907027237, 28.270508457058089 ], [ -108.780220156627848, 28.268227217321201 ], [ -108.78734448948201, 28.267175910927506 ], [ -108.789827735419465, 28.264999956581857 ], [ -108.792954779209012, 28.264809305198924 ], [ -108.79431691111769, 28.263222720162574 ], [ -108.79656790636227, 28.263038947995607 ], [ -108.796927337940815, 28.261294450815118 ], [ -108.799037891698632, 28.259453062223589 ], [ -108.803071308343092, 28.262572345718176 ], [ -108.80796554363539, 28.264025878905194 ], [ -108.81128795278552, 28.271380231464629 ], [ -108.818598692267415, 28.27687753197478 ], [ -108.819680331309158, 28.281760980296319 ], [ -108.828122447395458, 28.275161598339466 ], [ -108.832895599141366, 28.272568757225745 ], [ -108.838720043540093, 28.26569468595147 ], [ -108.839157144194459, 28.260664694472378 ], [ -108.847502408251984, 28.251587064635871 ], [ -108.849514130126266, 28.250286566023536 ], [ -108.855133147783107, 28.249764548612191 ], [ -108.858741565788691, 28.250460448388377 ], [ -108.861244876967106, 28.249742339536223 ], [ -108.860825117813476, 28.253452124155196 ], [ -108.86229229270171, 28.255859986013352 ], [ -108.861114066389135, 28.260387615205271 ], [ -108.85984553228343, 28.262108269799494 ], [ -108.861825890484525, 28.263365759262637 ], [ -108.862800379966643, 28.265273577101649 ], [ -108.871107004302687, 28.266233125820587 ], [ -108.882254903452861, 28.265711270825246 ], [ -108.889697945334675, 28.269167093519297 ], [ -108.891248770030671, 28.270213429483576 ], [ -108.892190796259243, 28.276756602555086 ], [ -108.895351279233537, 28.279880414895327 ], [ -108.895532702316601, 28.285435012239777 ], [ -108.897063998312049, 28.288324145979672 ], [ -108.90583850100569, 28.289574181263891 ], [ -108.909588094441858, 28.289043623977555 ], [ -108.914752846297986, 28.292232145360511 ], [ -108.91751406318609, 28.292954007583376 ], [ -108.920796611469228, 28.295661398767667 ], [ -108.926044761379799, 28.294785325878433 ], [ -108.931704793008208, 28.297388224777336 ], [ -108.932942492707681, 28.296050297161145 ], [ -108.939313435443992, 28.294831921502304 ], [ -108.939884076095325, 28.289602501182767 ], [ -108.940874786871916, 28.288598448178607 ], [ -108.943897737662326, 28.290395419003946 ], [ -108.944670632762239, 28.292461521191068 ], [ -108.96455134776717, 28.290538291073144 ], [ -108.964888335989286, 28.286969492528524 ], [ -108.963488503448218, 28.284826385870304 ], [ -108.958827037061852, 28.281966894192522 ], [ -108.958436505442975, 28.280560773514782 ], [ -108.95952452433113, 28.27698508602623 ], [ -108.962973038145051, 28.271812174462138 ], [ -108.967374906855966, 28.273844722353672 ], [ -108.968013990810562, 28.275082669796287 ], [ -108.969775703890377, 28.275978547847078 ], [ -108.97378264860896, 28.276190215173628 ], [ -108.980344080198321, 28.269661283629141 ], [ -108.981255505661466, 28.261443502290476 ], [ -108.982989901219014, 28.2598518151798 ], [ -108.990017116153268, 28.261693281960998 ], [ -108.991746809162578, 28.259686931983772 ], [ -108.99598867262624, 28.258569053330547 ], [ -108.997675136687647, 28.252665762084945 ], [ -108.999164437014315, 28.251573738989322 ], [ -109.000545132684579, 28.251975303431436 ], [ -109.001464034947602, 28.255863891937771 ], [ -109.002859521895743, 28.257592016789935 ], [ -109.007394790441907, 28.260368274749137 ], [ -109.010842301979764, 28.266554454335555 ], [ -109.01738472588967, 28.26972575612762 ], [ -109.02130930455175, 28.27375110750825 ], [ -109.025891811072398, 28.280589202570251 ], [ -109.025619380782913, 28.286092677103273 ], [ -109.037138337898483, 28.279153402086216 ], [ -109.044518940986208, 28.278915465016972 ], [ -109.05157717798852, 28.272461532647966 ], [ -109.05243283183394, 28.270711852633546 ], [ -109.053233701601897, 28.264236444842531 ], [ -109.051197454578812, 28.261271465795691 ], [ -109.051884807429531, 28.255792180071918 ], [ -109.053108933306575, 28.253458464565895 ], [ -109.057494008949334, 28.253995674718077 ], [ -109.058928682477401, 28.248260259622075 ], [ -109.058640961060505, 28.245029349748563 ], [ -109.063475795014313, 28.241250305865194 ], [ -109.066095697098007, 28.240643923542923 ], [ -109.071355801057138, 28.241172045786044 ], [ -109.071970499728948, 28.240253848280499 ], [ -109.070568424660763, 28.23802908254088 ], [ -109.06641770635683, 28.236080337777029 ], [ -109.066023143303312, 28.234425926198554 ], [ -109.062880912729582, 28.233130382440855 ], [ -109.060562275011577, 28.22734912884567 ], [ -109.059195216884589, 28.228108864784222 ], [ -109.058303435505962, 28.226708067767913 ], [ -109.054925751191632, 28.226658385470717 ], [ -109.054034993408919, 28.225340461068988 ], [ -109.056473952375271, 28.219926882549075 ], [ -109.055305386624298, 28.2162070952661 ], [ -109.05577401596689, 28.213466226087348 ], [ -109.05471437589128, 28.208335759271787 ], [ -109.063560390999257, 28.208053821188638 ], [ -109.063777987832381, 28.202691132767271 ], [ -109.060591691045488, 28.197498781700332 ], [ -109.059754367271523, 28.189961570824284 ], [ -109.057977316668826, 28.187657346807349 ], [ -109.068989195178347, 28.177681758050927 ], [ -109.060390349308946, 28.169226041408695 ], [ -109.058355119280989, 28.166178064315858 ], [ -109.057303741641917, 28.161710820690171 ], [ -109.051307120783051, 28.151072967539829 ], [ -109.039834862927648, 28.142394764688547 ], [ -109.032420781642926, 28.138817601730434 ], [ -109.038137356087077, 28.135943437843775 ], [ -109.053849114878417, 28.13288918256907 ], [ -109.058566994384691, 28.130189797658257 ], [ -109.067165632696984, 28.128115514166385 ], [ -109.068408408841918, 28.127522872608768 ], [ -109.068891922200152, 28.126108526858918 ], [ -109.064692437625439, 28.11951641205518 ], [ -109.064143152411773, 28.115210095461283 ], [ -109.06146540528411, 28.11051000270313 ], [ -109.060553904343251, 28.107285119458854 ], [ -109.056258266876867, 28.103098176527858 ], [ -109.053450648400414, 28.097901613343399 ], [ -109.049436479661523, 28.096447973021714 ], [ -109.041235176652634, 28.078118988838295 ], [ -109.044577424737199, 28.075433461477331 ], [ -109.045186939940265, 28.07410089221332 ], [ -109.044636101585724, 28.069545640151734 ], [ -109.045746981822973, 28.068374088254735 ], [ -109.04422138978336, 28.065984102059399 ], [ -109.040708067566698, 28.064525264045322 ], [ -109.037123575473245, 28.056682185067416 ], [ -109.036156185235896, 28.048316509909593 ], [ -109.03684345807811, 28.042754322824955 ], [ -109.035953806894369, 28.041353162176105 ], [ -109.034089328426845, 28.042117192333151 ], [ -109.035661691949358, 28.037541623296253 ], [ -109.034523337487443, 28.036225734607505 ], [ -109.031535311601928, 28.037000405611721 ], [ -109.031644542465187, 28.035589723045341 ], [ -109.029775534496423, 28.035939128835807 ], [ -109.029601185486413, 28.031463073093644 ], [ -109.027959040789113, 28.029737282655027 ], [ -109.02305205453743, 28.026300920574045 ], [ -109.019262506862361, 28.022273416033922 ], [ -109.018113643258744, 28.019962395871218 ], [ -109.011091682062272, 28.017125794079362 ], [ -109.008546634189813, 28.012671701037576 ], [ -109.00940240787024, 28.011005295614968 ], [ -109.012886528855162, 28.009977765436222 ], [ -109.009009195419111, 28.009056782264 ], [ -109.008986233532156, 28.007241345635702 ], [ -109.008032448487441, 28.005886947685511 ], [ -109.006051409936745, 28.005585424354628 ], [ -109.001706475298832, 28.001233713351287 ], [ -108.999601260611172, 28.000928816686539 ], [ -108.997316131669905, 27.998376052449945 ], [ -108.997736720472588, 27.994114129195552 ], [ -108.993335053360298, 27.991003488538187 ], [ -108.989453077028529, 27.989795179455449 ], [ -108.986670618701282, 27.986337780424229 ], [ -108.987399163703529, 27.984423884194715 ], [ -108.991512865898514, 27.983971678261799 ], [ -108.994599906304387, 27.980875223368923 ], [ -108.995298216412849, 27.976142180528367 ], [ -108.996398239236242, 27.973976077756301 ], [ -109.000114959386593, 27.971454218114648 ], [ -109.000971514539955, 27.969870793054117 ], [ -109.000567026977336, 27.967055130187003 ], [ -109.001527014084871, 27.963480598407678 ], [ -109.000144841391545, 27.96258116174857 ], [ -109.000105852208847, 27.958932897555162 ], [ -108.999216595433424, 27.957448449451174 ], [ -108.993829924448178, 27.95542472678391 ], [ -108.993063779458922, 27.953773254147453 ], [ -108.994253214950149, 27.948289414000708 ], [ -108.993096183619272, 27.945065954555073 ], [ -108.99332193909072, 27.942824948790975 ], [ -108.992068363998541, 27.942255919452091 ], [ -108.984229618208232, 27.944234446259589 ], [ -108.982605310693543, 27.944000385728451 ], [ -108.982591377851179, 27.942673717444908 ], [ -108.980065222030703, 27.939711263531972 ], [ -108.978199307919027, 27.940225649808507 ], [ -108.974450132373065, 27.93959600179835 ], [ -108.967518702206405, 27.944882454221606 ], [ -108.965629456386523, 27.943157893378139 ], [ -108.965359383129865, 27.941170082644561 ], [ -108.966570786607122, 27.937676381760092 ], [ -108.970521153843549, 27.933660621248674 ], [ -108.976476423403071, 27.93053893053531 ], [ -108.979057640876647, 27.926866985135163 ], [ -108.982941147182785, 27.916549258844984 ], [ -108.982781718045786, 27.913233703704066 ], [ -108.982026520228359, 27.912577119045508 ], [ -108.978540698514593, 27.913188995475014 ], [ -108.971354706730708, 27.917814363852049 ], [ -108.956062733880486, 27.922677160858161 ], [ -108.946651779988301, 27.929477150191904 ], [ -108.927389042544149, 27.936776744504083 ], [ -108.925473263755251, 27.932315133842369 ], [ -108.920551705092194, 27.926635381397517 ], [ -108.919383980516272, 27.922084287753119 ], [ -108.914498334344742, 27.91996991003753 ], [ -108.91346057656331, 27.915915202710849 ], [ -108.906375089314395, 27.911233560040312 ], [ -108.90810436214646, 27.903943911639594 ], [ -108.904828520874347, 27.902358745773217 ], [ -108.899997625588711, 27.898161044006073 ], [ -108.892941513090619, 27.900124271603001 ], [ -108.892238762151891, 27.891213511120458 ], [ -108.88927841200227, 27.887059574965225 ], [ -108.890738479737323, 27.885542088829386 ], [ -108.88647114307139, 27.884142036606935 ], [ -108.889483614473065, 27.879700320880421 ], [ -108.890624608615681, 27.875131669877547 ], [ -108.886902771096345, 27.870332119338759 ], [ -108.887576086223575, 27.867095323207337 ], [ -108.893480286140885, 27.863580437885506 ], [ -108.898666781846146, 27.859142487912106 ], [ -108.901654573565281, 27.854411395734296 ], [ -108.907152203447666, 27.841382652732747 ], [ -108.913283697069147, 27.831527161952597 ], [ -108.906688096479641, 27.804557103443699 ], [ -108.902278708827083, 27.802251166498444 ], [ -108.896521613182685, 27.795427438276779 ], [ -108.896240735543088, 27.794028293728221 ], [ -108.889002696721448, 27.793184707481711 ], [ -108.886857761091434, 27.791906256696834 ], [ -108.885178565989762, 27.789213352500717 ], [ -108.87455401510492, 27.787198392924886 ], [ -108.871272966197111, 27.785198977483017 ], [ -108.869057530017798, 27.780781217434384 ], [ -108.868682025181045, 27.77516910888902 ], [ -108.865971278227789, 27.770843953457405 ], [ -108.866552246352256, 27.769014036107162 ], [ -108.873561622091344, 27.765318242316564 ], [ -108.878260830474943, 27.758528707729106 ], [ -108.888484307057468, 27.748486067420984 ], [ -108.890815111713096, 27.747033589589318 ], [ -108.89132050690354, 27.741899476266319 ], [ -108.889602767328995, 27.737471865543238 ], [ -108.89015800008778, 27.736673279503371 ], [ -108.881555364589175, 27.728862591857304 ], [ -108.877975303693276, 27.722292052890218 ], [ -108.864320119162215, 27.718781136485951 ], [ -108.855729130591769, 27.723421465985886 ], [ -108.849514410156047, 27.723909937376796 ], [ -108.849180376996259, 27.713853682847994 ], [ -108.848443236227041, 27.711691731181148 ], [ -108.84570152265951, 27.713847882862826 ], [ -108.843447932056748, 27.718248630993156 ], [ -108.842825384905666, 27.718579991136956 ], [ -108.84183496844264, 27.717664149628131 ], [ -108.840590521874887, 27.718160644133352 ], [ -108.837099361641748, 27.721229463702048 ], [ -108.832630603888504, 27.72014123505738 ], [ -108.831507341180796, 27.721385796975369 ], [ -108.82849301581922, 27.729358366402977 ], [ -108.827742730878128, 27.730520460034271 ], [ -108.825752163419835, 27.731098553666044 ], [ -108.822395361691505, 27.731507879200596 ], [ -108.82179214594828, 27.727102261345319 ], [ -108.819057438880279, 27.727346460221607 ], [ -108.816691009502023, 27.728671648757469 ], [ -108.814713260676712, 27.72617477988431 ], [ -108.809004135000464, 27.724584795863645 ], [ -108.805791186203166, 27.720423336118223 ], [ -108.803680365379492, 27.720086745828652 ], [ -108.802306511526666, 27.721746068815069 ], [ -108.794854375111527, 27.721066160130714 ], [ -108.792737052155957, 27.722225236711942 ], [ -108.79000646205057, 27.721554745822989 ], [ -108.78518911734426, 27.715145735325347 ], [ -108.783594295375877, 27.710571723491157 ], [ -108.776680101530687, 27.701000106601491 ], [ -108.774824229229793, 27.699334021905184 ], [ -108.764528271828695, 27.696153281533149 ], [ -108.755130138660206, 27.687073704414267 ], [ -108.748932748849967, 27.68431684619777 ], [ -108.746954177932551, 27.68248393167919 ], [ -108.746114457172752, 27.676249355557449 ], [ -108.737454183485951, 27.669331108820966 ], [ -108.7368404908473, 27.667833796997186 ], [ -108.737365751687165, 27.661934922011969 ], [ -108.729219284736473, 27.651859670141864 ], [ -108.730117291428826, 27.645961755804763 ], [ -108.728408367639531, 27.639974259382122 ], [ -108.721241717466839, 27.633058898363398 ], [ -108.719753317231095, 27.632977727133504 ], [ -108.725938267830443, 27.625129908696703 ], [ -108.726622675012962, 27.621732078333746 ], [ -108.729525966272007, 27.617645127401477 ], [ -108.731064610509677, 27.613492593687141 ], [ -108.731135079375875, 27.610433114624961 ], [ -108.737143517471651, 27.59969391346565 ], [ -108.715003537262362, 27.580626787454658 ], [ -108.7129687473155, 27.577593361628221 ], [ -108.70454438030238, 27.570422774678278 ], [ -108.693891683711911, 27.563278861020152 ], [ -108.689362441904478, 27.559200819286517 ], [ -108.686147879152017, 27.559570675624986 ], [ -108.680401569010385, 27.556747140791881 ], [ -108.668083176331066, 27.55350663190481 ], [ -108.66444157766378, 27.550574337485791 ], [ -108.661909219447864, 27.54729795119459 ], [ -108.657917204736847, 27.545609703167724 ], [ -108.655068844551025, 27.545643750502332 ], [ -108.652419926708191, 27.542781899067855 ], [ -108.647543469869703, 27.540029145790466 ], [ -108.640971894648359, 27.539611062645712 ], [ -108.637767163205766, 27.540558343395709 ], [ -108.634468546107456, 27.543325434742599 ], [ -108.628133553709631, 27.542242589119788 ], [ -108.629389703644861, 27.535779423631443 ], [ -108.629393891633669, 27.528504245688858 ], [ -108.630112372356919, 27.527007711226911 ], [ -108.632567068554494, 27.525656102029338 ], [ -108.640389711705438, 27.526886586284455 ], [ -108.646330437269256, 27.526650882148044 ], [ -108.648797253019552, 27.526042895472209 ], [ -108.651602485594196, 27.523446745882275 ], [ -108.652626037785211, 27.517978305602956 ], [ -108.65592208709775, 27.515128237791018 ], [ -108.656931616003945, 27.508833249520809 ], [ -108.660976558762613, 27.498947195263192 ], [ -108.659748040021938, 27.492100236084653 ], [ -108.653628018464275, 27.481425948501006 ], [ -108.648849465666061, 27.476935738588317 ], [ -108.645723901368143, 27.475071285330447 ], [ -108.636184516917936, 27.474605021436705 ], [ -108.621140366435313, 27.478170597242162 ], [ -108.615080970040154, 27.478571728738263 ], [ -108.614147445838114, 27.474448889670992 ], [ -108.61094208392295, 27.467624104070513 ], [ -108.611891970547106, 27.465132907998285 ], [ -108.611843752008411, 27.462157215948324 ], [ -108.610442319058421, 27.459693207930798 ], [ -108.602447641234505, 27.455155600002669 ], [ -108.597232998202756, 27.454140670293526 ], [ -108.594148609585972, 27.454754693990907 ], [ -108.58828533654787, 27.45961677042602 ], [ -108.583312780148646, 27.458267863934523 ], [ -108.580936596570567, 27.448952486031661 ], [ -108.571122209454899, 27.430957253986012 ], [ -108.576037101606886, 27.428752293521711 ], [ -108.590713537471515, 27.425692277870798 ], [ -108.593561631013372, 27.425825167070627 ], [ -108.599896291580166, 27.427323577203374 ], [ -108.615838933002038, 27.433753938910616 ], [ -108.623771864840677, 27.434571299292834 ], [ -108.633155706403286, 27.433304415225528 ], [ -108.634194773967025, 27.428745270303555 ], [ -108.616610500200835, 27.389679900277496 ], [ -108.616507706483759, 27.383315191820436 ], [ -108.617561940647349, 27.379665368289754 ], [ -108.623236079196687, 27.37108436037737 ], [ -108.625744298986945, 27.365598841502457 ], [ -108.603472952518075, 27.372634599714004 ], [ -108.605640422791623, 27.368972099769074 ], [ -108.610756662362448, 27.364118297890258 ], [ -108.612927734986386, 27.360703697663098 ], [ -108.612748320562901, 27.34954470707223 ], [ -108.610575543915175, 27.34588275889104 ], [ -108.608447148850033, 27.339631732613437 ], [ -108.595470258849346, 27.324642652242083 ], [ -108.603798059205985, 27.319333230014966 ], [ -108.60505760806393, 27.313448132693278 ], [ -108.607672602959255, 27.310214175006518 ], [ -108.614131120897397, 27.307226076571418 ], [ -108.61488024062028, 27.305650882165175 ], [ -108.614274242063814, 27.301258877037196 ], [ -108.611441877688407, 27.295128023364537 ], [ -108.613060045530489, 27.293220728695129 ], [ -108.61381418176957, 27.290070888353977 ], [ -108.611966860066303, 27.286176981991218 ], [ -108.612098912482494, 27.283690590600106 ], [ -108.614710154647724, 27.281368221440623 ], [ -108.623031035374524, 27.27696966538927 ], [ -108.629134856270483, 27.267682812782372 ], [ -108.655116679371105, 27.242548872366182 ], [ -108.657575825303212, 27.238241878682015 ], [ -108.654505958950182, 27.197217265935798 ], [ -108.643995900497558, 27.190513633485772 ], [ -108.634713300289235, 27.187786194449473 ], [ -108.634624332718261, 27.182165907336405 ], [ -108.630802938450032, 27.180077172217423 ], [ -108.631351099608239, 27.17018972044929 ], [ -108.627681402848268, 27.16303219035159 ], [ -108.629815743951497, 27.156972077820917 ], [ -108.629496741944394, 27.147414462665978 ], [ -108.630742590071421, 27.145589877815858 ], [ -108.623860555158743, 27.146207501307035 ], [ -108.619383468831742, 27.144060654439723 ], [ -108.617210889038944, 27.139744319195934 ], [ -108.613661546249077, 27.126561860616249 ], [ -108.614468808302732, 27.11543918090296 ], [ -108.622336774097789, 27.103388008271377 ], [ -108.62823527870529, 27.10067298644762 ], [ -108.631166822450439, 27.098191484308664 ], [ -108.632700008021516, 27.090504361733831 ], [ -108.636479999407783, 27.085221987583953 ], [ -108.642559292993994, 27.071528878678428 ], [ -108.640244467395647, 27.067707394733869 ], [ -108.638570626800629, 27.066403487416927 ], [ -108.636657594973073, 27.061763261382332 ], [ -108.622252285469472, 27.052129296132758 ], [ -108.615465265531313, 27.046160797361345 ], [ -108.608570115949391, 27.046096101124594 ], [ -108.607126657945599, 27.04521560112326 ], [ -108.605878120278447, 27.042511063284749 ], [ -108.60087541689812, 27.038182708273752 ], [ -108.601906464297429, 27.033890553000948 ], [ -108.600174699174929, 27.03408200064974 ], [ -108.599110262014122, 27.032964535760229 ], [ -108.600535165268482, 27.031181849288068 ], [ -108.59999215537016, 27.029333040509279 ], [ -108.598875417610785, 27.029545137297823 ], [ -108.599168511743912, 27.025228196748607 ], [ -108.598482932645553, 27.023873836896158 ], [ -108.594416035528354, 27.020824836876724 ], [ -108.589808440935357, 27.025246181748209 ], [ -108.579202141349327, 27.025637527478423 ], [ -108.570487869309318, 27.028005804057248 ], [ -108.566556655705995, 27.030868281105349 ], [ -108.563558744109628, 27.031931699728222 ], [ -108.544462781673644, 27.035194516349264 ], [ -108.557627397056095, 27.006311854301149 ], [ -108.538587935333766, 27.004239606221024 ], [ -108.530539352284435, 27.00631088818675 ], [ -108.521263560199188, 27.006060698996119 ], [ -108.509991343888998, 27.009705020706956 ], [ -108.507024092481871, 27.009372624672093 ], [ -108.505556820591224, 27.00555938328414 ], [ -108.505939789796756, 27.002907120355978 ], [ -108.503979786957203, 26.998679257141202 ], [ -108.504859758668459, 26.995529834412306 ], [ -108.476850642135759, 26.981426810577101 ], [ -108.452692833005486, 26.985883326634063 ], [ -108.482706261861154, 26.940112391474898 ], [ -108.487802353477548, 26.91515987507788 ], [ -108.526967948117687, 26.89458227919053 ], [ -108.531029557604882, 26.893589775321121 ], [ -108.535086701053132, 26.895323670782648 ], [ -108.540142422462836, 26.887968779832349 ], [ -108.544449806400081, 26.886893220487345 ], [ -108.5458050327249, 26.885570793872262 ], [ -108.546547526136024, 26.882678792430461 ], [ -108.549747879708647, 26.881355639816537 ], [ -108.551842510562409, 26.879041430418077 ], [ -108.550494807598213, 26.875406667382141 ], [ -108.548036047849465, 26.874498783944276 ], [ -108.546193740294413, 26.872681803018125 ], [ -108.547670541530735, 26.872185539000206 ], [ -108.55111327931553, 26.873093048749137 ], [ -108.551729891979974, 26.872018737401625 ], [ -108.551239971376333, 26.870614382891461 ], [ -108.548167817599804, 26.868715282348152 ], [ -108.547555590951191, 26.866897849759848 ], [ -108.548421848665498, 26.863427458105871 ], [ -108.550271112373125, 26.86053504174652 ], [ -108.550156244037879, 26.855164737525428 ], [ -108.551757401509334, 26.853594338803187 ], [ -108.550781670808533, 26.848224360154855 ], [ -108.553251737726711, 26.84120066694171 ], [ -108.553505003559934, 26.836325949990115 ], [ -108.551912255469531, 26.832525988953719 ], [ -108.549762175628388, 26.831411375784409 ], [ -108.548597084381029, 26.829470182539705 ], [ -108.553066892365806, 26.827801538688163 ], [ -108.558529785032079, 26.823326821035824 ], [ -108.560596245105373, 26.814576634784903 ], [ -108.563537621831898, 26.811680566476777 ], [ -108.562033653252911, 26.809299893865234 ], [ -108.554713450131331, 26.804808618360028 ], [ -108.544220083176029, 26.802872014556154 ], [ -108.542238854811202, 26.800142120400078 ], [ -108.542337619139644, 26.797649229843191 ], [ -108.546673985847036, 26.790557227781623 ], [ -108.548696789945254, 26.789128053440106 ], [ -108.552162689357417, 26.788496607198116 ], [ -108.552531682100309, 26.782268469149169 ], [ -108.552262023280306, 26.779763082123598 ], [ -108.550443071532683, 26.776040297390303 ], [ -108.547748844313958, 26.772703869056194 ], [ -108.543340196038315, 26.769226032654238 ], [ -108.543901712537632, 26.768166373289194 ], [ -108.560134571502346, 26.760725443101137 ], [ -108.625640700902039, 26.747963637348139 ], [ -108.627484708077475, 26.746805496688939 ], [ -108.631058257834212, 26.735318874378326 ], [ -108.626515105737383, 26.733091982577257 ], [ -108.629348016671898, 26.725241124427416 ], [ -108.628614998978463, 26.721110907084768 ], [ -108.629482884656227, 26.712765949987141 ], [ -108.627397442527894, 26.71020651256455 ], [ -108.627153200876549, 26.708802224461749 ], [ -108.627525353884991, 26.705084184082782 ], [ -108.631835811572472, 26.692688263363657 ], [ -108.631961103626978, 26.690127053781257 ], [ -108.628899550598447, 26.681785212161142 ], [ -108.62595475306648, 26.679722053167776 ], [ -108.626331159374629, 26.675598530833042 ], [ -108.627432952444934, 26.675094383456379 ], [ -108.630870346257907, 26.675587418684287 ], [ -108.637010686166391, 26.674260589927716 ], [ -108.646341355457125, 26.674913462898438 ], [ -108.651499106928796, 26.673669518842033 ], [ -108.655427014342976, 26.674905027237351 ], [ -108.66574285087404, 26.671342336933275 ], [ -108.689189213289652, 26.677760004501017 ], [ -108.691643352328541, 26.680813683251934 ], [ -108.727500531494002, 26.646564959344527 ], [ -108.73444899931431, 26.63827826139412 ], [ -108.735799655478175, 26.625257579373777 ], [ -108.73800217502712, 26.618921699428178 ], [ -108.736231845133588, 26.6072973439687 ], [ -108.736863092813834, 26.603573220200609 ], [ -108.736161342889872, 26.592898950175154 ], [ -108.736314879583389, 26.58882642961575 ], [ -108.737916412587794, 26.582138105254646 ], [ -108.794992246634962, 26.587892718893855 ], [ -108.802694791115528, 26.572079044659322 ], [ -108.795500057469937, 26.561030249210138 ], [ -108.792087676053598, 26.543944620391667 ], [ -108.787664326666246, 26.538973059372811 ], [ -108.790755520159621, 26.536530063025968 ], [ -108.796524194173529, 26.536179743212575 ], [ -108.808635409600569, 26.539446959922056 ], [ -108.822239987581469, 26.540582658082077 ], [ -108.834467604375263, 26.544591696356527 ], [ -108.845021406010716, 26.531820288865163 ], [ -108.858891798587763, 26.517193923154753 ], [ -108.874064941711808, 26.511697510979054 ], [ -108.887352935707398, 26.51944910059315 ], [ -108.893633909308946, 26.527391068523514 ], [ -108.903676851046356, 26.528017590853189 ], [ -108.914295086323577, 26.440296769638383 ], [ -108.915322104046453, 26.438997317639256 ], [ -108.918229799641452, 26.436508241667905 ], [ -108.923098542839966, 26.433997003506025 ], [ -108.932752006101978, 26.431301561030381 ], [ -108.93887678961741, 26.427913391119777 ], [ -108.949758782371575, 26.426123485539662 ], [ -108.956941517714171, 26.423424265595099 ], [ -108.964239110668444, 26.417547011135365 ], [ -109.008121886644147, 26.40219153178354 ], [ -109.010845738036409, 26.400938003220915 ], [ -109.016415558710563, 26.396360288750547 ], [ -109.018273239050984, 26.396352301597108 ], [ -109.020377566205852, 26.395018443373651 ], [ -109.021617199651317, 26.396503461052635 ], [ -109.024837533741703, 26.396903477954808 ], [ -109.030903461979761, 26.393978976943409 ], [ -109.033997672872047, 26.391895355997583 ], [ -109.039069173306444, 26.385580079281777 ], [ -109.046744161969031, 26.382813261530842 ], [ -109.049091177902568, 26.377255035088083 ], [ -109.050823608366798, 26.376170769334106 ], [ -109.052309605663055, 26.376246809402055 ], [ -109.057135019684935, 26.37282992345655 ], [ -109.061391492406585, 26.371929152195833 ], [ -109.064559766268516, 26.368904001592291 ], [ -109.071108034465027, 26.357529652405518 ], [ -109.07753680699264, 26.350461172267547 ], [ -109.081980641175335, 26.34083498364966 ], [ -109.088530523463163, 26.333020097366543 ], [ -109.09223055670563, 26.32372828003064 ], [ -109.099395804017774, 26.314750542379151 ], [ -109.102611337183021, 26.313244242862051 ], [ -109.115114000757956, 26.314838031183481 ], [ -109.118696740060187, 26.311011002097182 ], [ -109.116465753990468, 26.309034961521608 ], [ -109.117081911891901, 26.307458581683743 ], [ -109.121282682155666, 26.303379935659645 ], [ -109.126242913651467, 26.30915098774809 ], [ -109.14468058496648, 26.307813595228254 ], [ -109.150260377748026, 26.31324942813249 ], [ -109.151762300385343, 26.321770447914663 ], [ -109.153505103431471, 26.326812362429859 ], [ -109.153261139032722, 26.328635367033325 ], [ -109.152274471508761, 26.33046229095142 ], [ -109.150542165362467, 26.330802640913216 ], [ -109.148683189086043, 26.329653144328795 ], [ -109.146083310523892, 26.329418359500355 ], [ -109.143362787925909, 26.330840253142426 ], [ -109.140266849244952, 26.330111119505606 ], [ -109.137794115532643, 26.331697224565765 ], [ -109.136809300965623, 26.334683278612903 ], [ -109.138307059189714, 26.341382697089784 ], [ -109.139918515047668, 26.342533614788156 ], [ -109.147465549516582, 26.340175757120441 ], [ -109.150808106199719, 26.340241015381334 ], [ -109.158106725511274, 26.337635465898533 ], [ -109.159842468835791, 26.338951118806936 ], [ -109.160222561684662, 26.343254973459633 ], [ -109.158504202644707, 26.350633779585621 ], [ -109.157639062674349, 26.351383616936147 ], [ -109.158129143405148, 26.348814056487427 ], [ -109.155899721049451, 26.348329042204782 ], [ -109.15330443703678, 26.350661294225322 ], [ -109.153061205278249, 26.35289831035951 ], [ -109.154431056081435, 26.356948527649426 ], [ -109.158153644863489, 26.361069085188504 ], [ -109.162726377752278, 26.35690450386052 ], [ -109.162971127731765, 26.355495507359404 ], [ -109.161479199447371, 26.352439669017436 ], [ -109.166303697805404, 26.350509348666154 ], [ -109.168286816028839, 26.351575169669886 ], [ -109.168171820868764, 26.355798871255335 ], [ -109.166569491125856, 26.359285302908447 ], [ -109.164604941340642, 26.367327936772909 ], [ -109.167347707990473, 26.376339032642726 ], [ -109.173551241997814, 26.381936428662666 ], [ -109.182719829875353, 26.383956776698835 ], [ -109.183476903321548, 26.390328686320242 ], [ -109.186829272595304, 26.394119398724055 ], [ -109.187945235104266, 26.394692913464219 ], [ -109.191411795542436, 26.394094185225146 ], [ -109.19909816001875, 26.39728101170768 ], [ -109.201586563253954, 26.402069900181537 ], [ -109.206550709518396, 26.406099608512314 ], [ -109.208663998852629, 26.409234370939615 ], [ -109.210023756191262, 26.408067414173455 ], [ -109.210639282254576, 26.406490613403623 ], [ -109.209146695713827, 26.403932027510223 ], [ -109.205923087565736, 26.402625259128563 ], [ -109.205549528942967, 26.401799290989668 ], [ -109.205414815374752, 26.397245686348292 ], [ -109.204292046247701, 26.393856916847106 ], [ -109.202306109358631, 26.392046297670422 ], [ -109.195611329175946, 26.389102574935006 ], [ -109.184064700646189, 26.376082862787701 ], [ -109.188017669759219, 26.371755243800408 ], [ -109.188876620640059, 26.368272651150413 ], [ -109.191965233404645, 26.365191753722112 ], [ -109.190343514424214, 26.359901115568984 ], [ -109.190834625637592, 26.358076658801846 ], [ -109.193555284506459, 26.356653871263784 ], [ -109.197648252721692, 26.359694938588891 ], [ -109.20062960702532, 26.363818615063298 ], [ -109.205714597935966, 26.367267953686 ], [ -109.208581629988586, 26.37511844544051 ], [ -109.216516003672254, 26.378716935553115 ], [ -109.218874099590309, 26.380773655290362 ], [ -109.22261029891483, 26.389032989700073 ], [ -109.225093828176355, 26.391585746900773 ], [ -109.230177106918759, 26.393626593669545 ], [ -109.236868060714798, 26.394664202635834 ], [ -109.23722961425689, 26.398953955783366 ], [ -109.239481432188029, 26.399286173535021 ], [ -109.241593968217458, 26.401840843941386 ], [ -109.23987097669071, 26.405991334297877 ], [ -109.242491396866811, 26.413097460194944 ], [ -109.242004586887631, 26.41632982162028 ], [ -109.24411724414523, 26.418801660689343 ], [ -109.243514607376042, 26.425015787721602 ], [ -109.245269692448801, 26.432623799349372 ], [ -109.245533195511712, 26.438418794336357 ], [ -109.239988202191071, 26.449961499772012 ], [ -109.239255680226663, 26.454106135526828 ], [ -109.236529038111925, 26.453956374191161 ], [ -109.236657736638051, 26.455777385322364 ], [ -109.243482462733297, 26.459132711673444 ], [ -109.251822503672543, 26.472581322292939 ], [ -109.254427286713252, 26.47331119222034 ], [ -109.258391509019361, 26.472625203253639 ], [ -109.259246046718033, 26.467982873802839 ], [ -109.256869776107493, 26.46029587549712 ], [ -109.255879060325498, 26.460550184644404 ], [ -109.250287633194063, 26.455200770867279 ], [ -109.251274667954377, 26.453621595686357 ], [ -109.254123418725158, 26.453107889108956 ], [ -109.255603277348882, 26.450532060932712 ], [ -109.254727341432726, 26.447473365979004 ], [ -109.252625872315591, 26.449307597093419 ], [ -109.252123814116302, 26.446991947416532 ], [ -109.253476733327332, 26.443340384636052 ], [ -109.251854496475843, 26.439209595165799 ], [ -109.253957166321285, 26.437872204696809 ], [ -109.253568653519324, 26.431829518952963 ], [ -109.251822658521107, 26.427699466066183 ], [ -109.252538172657552, 26.417675434259738 ], [ -109.250651792514518, 26.40750120386182 ], [ -109.251862148749709, 26.39730859393848 ], [ -109.251352665173812, 26.392260303059075 ], [ -109.252784642444865, 26.372874567613898 ], [ -109.252521188302239, 26.367245139584185 ], [ -109.255103736602081, 26.360936247831006 ], [ -109.257530698734641, 26.343614595662945 ], [ -109.257645256354252, 26.340384344826422 ], [ -109.256644705608366, 26.336829551730222 ], [ -109.25947096675084, 26.329525326985305 ], [ -109.258099560566606, 26.326138394492471 ], [ -109.258218342778306, 26.32439867986 ], [ -109.25944778421659, 26.321492939062885 ], [ -109.263399240803594, 26.31823948038905 ], [ -109.264392108793317, 26.319144370395616 ], [ -109.266640585847497, 26.326086746987272 ], [ -109.262232512428056, 26.34267538082068 ], [ -109.261514144013404, 26.351126275728717 ], [ -109.257962228618254, 26.364645535656113 ], [ -109.256152035035456, 26.381300969226327 ], [ -109.25667881686654, 26.392394193509404 ], [ -109.255112948227193, 26.408137165327179 ], [ -109.255506419351462, 26.4159188132389 ], [ -109.25895879930367, 26.45399003066316 ], [ -109.262719036388489, 26.468955839692072 ], [ -109.267248814638577, 26.492611796711039 ], [ -109.275866631438532, 26.51450399015874 ], [ -109.292816440798404, 26.542969372055357 ], [ -109.300534511016153, 26.552196214722198 ], [ -109.307250430317964, 26.557950991944782 ], [ -109.311489958212405, 26.564880377491516 ], [ -109.315721631807364, 26.569242628523615 ], [ -109.321938436151981, 26.573592182854341 ], [ -109.333260866702716, 26.583457019161173 ], [ -109.360244911217308, 26.600505746372864 ], [ -109.365482767482661, 26.607675575730301 ], [ -109.367609374272277, 26.612298834721546 ], [ -109.378208969313476, 26.625891738095778 ], [ -109.380465526623254, 26.631838937269002 ], [ -109.382585583443813, 26.634474596756103 ], [ -109.38943452943559, 26.640225006549532 ], [ -109.391680678468035, 26.643273745257094 ], [ -109.399897077594659, 26.649262819928694 ], [ -109.40513227607218, 26.654609552850296 ], [ -109.419071934109098, 26.663208006558982 ], [ -109.421938035894954, 26.665755116307718 ], [ -109.424421473690572, 26.665820502370533 ], [ -109.451521119476055, 26.673329130923779 ], [ -109.475996746692203, 26.67646302738752 ], [ -109.481478243899232, 26.680314701508003 ], [ -109.487820012997105, 26.682172222820892 ], [ -109.489070735980775, 26.6840676068189 ], [ -109.482494748031158, 26.685275990860386 ], [ -109.474917227141532, 26.684752363850262 ], [ -109.471311182199614, 26.68370232914495 ], [ -109.465458122931935, 26.680018616159764 ], [ -109.462349006403059, 26.678964732234171 ], [ -109.459739949141763, 26.678652467458537 ], [ -109.454904627979346, 26.680343790778409 ], [ -109.445945596577431, 26.676102057405092 ], [ -109.433643992105502, 26.674036640085212 ], [ -109.431548200823613, 26.677612400194114 ], [ -109.431192071555316, 26.6815070867844 ], [ -109.431841522377212, 26.688293085806702 ], [ -109.432966124465125, 26.689941374130807 ], [ -109.433603816011058, 26.693911839602944 ], [ -109.440931840817115, 26.694108221530161 ], [ -109.441943463888535, 26.69832443363822 ], [ -109.438112594274926, 26.702823567795711 ], [ -109.437026129925371, 26.71020155254805 ], [ -109.437909989577136, 26.713590570438896 ], [ -109.445001589863239, 26.71627285047542 ], [ -109.4518389582596, 26.717548810233129 ], [ -109.467237175183158, 26.716526229034329 ], [ -109.473325809454821, 26.716978501391019 ], [ -109.475194297831791, 26.718124146187314 ], [ -109.477439273280126, 26.720095125105821 ], [ -109.480566476908308, 26.724792391588046 ], [ -109.482079757098859, 26.72966718395854 ], [ -109.482234657975582, 26.736291105251333 ], [ -109.483872759989822, 26.741247771398545 ], [ -109.486745713103588, 26.744538986748907 ], [ -109.494553408977268, 26.740340074982772 ], [ -109.498897013327465, 26.739313721129836 ], [ -109.50851347799555, 26.724003263557886 ], [ -109.510123910233318, 26.723080067957806 ], [ -109.514147800079911, 26.758328349112592 ], [ -109.520108123453568, 26.757454676427241 ], [ -109.525464466179884, 26.760063612759165 ], [ -109.528820348379796, 26.760203373236934 ], [ -109.531918092511006, 26.758440312561021 ], [ -109.532153209359009, 26.75578841651615 ], [ -109.534993010647511, 26.752205347099729 ], [ -109.53683356862652, 26.747636208292555 ], [ -109.550440730443, 26.736018281639204 ], [ -109.556603972241703, 26.726776984291888 ], [ -109.558430926544062, 26.719888741671774 ], [ -109.555540244501373, 26.713534838686876 ], [ -109.554040983691024, 26.711890395129135 ], [ -109.545818194503568, 26.707151949832017 ], [ -109.537233262157741, 26.704320644918077 ], [ -109.536619461942749, 26.705733298873067 ], [ -109.538495674978279, 26.708285940047453 ], [ -109.536270142548148, 26.710290878945319 ], [ -109.529557930244266, 26.709349252653908 ], [ -109.530437850661585, 26.711412816323399 ], [ -109.529570903156639, 26.71191642651355 ], [ -109.525581675685586, 26.709048741361308 ], [ -109.524701030212569, 26.706819527321603 ], [ -109.515624898837686, 26.707183139299492 ], [ -109.514912358608512, 26.702608423062802 ], [ -109.517667853312815, 26.700190477690125 ], [ -109.523672175050336, 26.699788170183922 ], [ -109.525173327078093, 26.701929785262475 ], [ -109.531001392801784, 26.700062735199818 ], [ -109.535471182598229, 26.699779525882075 ], [ -109.551762178707889, 26.703709626729299 ], [ -109.553744156019661, 26.702700148096106 ], [ -109.553489215416235, 26.701459923506523 ], [ -109.549518335755124, 26.702153843474751 ], [ -109.550506720297321, 26.701152246919133 ], [ -109.548390599590562, 26.700257968303909 ], [ -109.546782078366618, 26.701430064919311 ], [ -109.536208731748388, 26.698283094125248 ], [ -109.536574530801275, 26.696955189622937 ], [ -109.544637186289719, 26.694987287226962 ], [ -109.543632069443362, 26.692759151792753 ], [ -109.520496332086552, 26.685568407692138 ], [ -109.519113880474535, 26.68226642740883 ], [ -109.51700001167714, 26.681702951083441 ], [ -109.513635440713614, 26.679327082215181 ], [ -109.50169928105619, 26.676188094825527 ], [ -109.494131279438633, 26.677570177807052 ], [ -109.49436779444693, 26.675083967744609 ], [ -109.496340626562571, 26.672170620857266 ], [ -109.499319779720722, 26.67198252941397 ], [ -109.511250960889228, 26.674210765973466 ], [ -109.527548261906617, 26.680296597771466 ], [ -109.55640289579938, 26.688765906041631 ], [ -109.58970994976319, 26.693052333352032 ], [ -109.612694823932713, 26.694518865864467 ], [ -109.625486701929304, 26.694411611582346 ], [ -109.629093705297777, 26.695292168180291 ], [ -109.627114430835476, 26.696633990168458 ], [ -109.620407872366911, 26.69669043637003 ], [ -109.621407260515653, 26.697675868774439 ], [ -109.6252607719492, 26.698223179970487 ], [ -109.629357810143247, 26.697940140422372 ], [ -109.64733969691035, 26.693397519522545 ], [ -109.658271742024425, 26.693800176634664 ], [ -109.663896581606579, 26.699548754430989 ], [ -109.664900516098143, 26.701196419823326 ], [ -109.664668124483327, 26.703765863675596 ], [ -109.660315320395782, 26.70289265610295 ], [ -109.650874345936387, 26.702725751829131 ], [ -109.647279515409352, 26.703916112615879 ], [ -109.646295945300068, 26.705580935513211 ], [ -109.648289295300003, 26.706557668407886 ], [ -109.662210794971202, 26.708093861558083 ], [ -109.666544138023369, 26.705820028096078 ], [ -109.66751549542083, 26.702250295107554 ], [ -109.667368995247926, 26.698690306417483 ], [ -109.66311168202175, 26.693178435127429 ], [ -109.672419373374709, 26.692020531550142 ], [ -109.67538634308913, 26.689841172221605 ], [ -109.675998890298118, 26.688510661731591 ], [ -109.67536483129706, 26.686445718195849 ], [ -109.673389889318869, 26.688367924521494 ], [ -109.67127608338869, 26.687972343936533 ], [ -109.668304933336813, 26.689489090651882 ], [ -109.661482766572419, 26.6908736281529 ], [ -109.66035991508825, 26.69005517502762 ], [ -109.664694660833291, 26.688112631121154 ], [ -109.667782735142282, 26.685435454742791 ], [ -109.668967872992241, 26.67639767492912 ], [ -109.669826156281516, 26.674650937124898 ], [ -109.67404489922292, 26.674117036182256 ], [ -109.682741235785116, 26.674702984669636 ], [ -109.695300580627702, 26.677324496964474 ], [ -109.708615508205526, 26.68142890119378 ], [ -109.72780083595454, 26.690282173686256 ], [ -109.746979994682874, 26.697807868878449 ], [ -109.760816669646161, 26.704801522849266 ], [ -109.766932997917053, 26.70896801379655 ], [ -109.779514501925703, 26.713818348770712 ], [ -109.781761257162998, 26.715287796400144 ], [ -109.785894951837889, 26.719969327787428 ], [ -109.798624814746319, 26.7277982992142 ], [ -109.79838369743284, 26.7287945113181 ], [ -109.795779026510615, 26.729399350783737 ], [ -109.796669464604264, 26.732206799625398 ], [ -109.799894775542541, 26.731513138170648 ], [ -109.802259615647984, 26.732070079726185 ], [ -109.809988527970248, 26.735473823194848 ], [ -109.817242835736266, 26.741780656133599 ], [ -109.829773245774106, 26.755406683698833 ], [ -109.839150234176472, 26.762685466173512 ], [ -109.842933822472617, 26.769770870389472 ], [ -109.847582713134983, 26.776184966949629 ], [ -109.848223582729887, 26.77866333031195 ], [ -109.853868808481423, 26.785232957980003 ], [ -109.861829707891474, 26.801552481657417 ], [ -109.864512813917869, 26.810636245764602 ], [ -109.864680615501186, 26.81610101216533 ], [ -109.868642719010595, 26.829561549260703 ], [ -109.869562124009718, 26.835681317719061 ], [ -109.869702362247367, 26.837667700974368 ], [ -109.868704208964999, 26.83726365207211 ], [ -109.865147826644858, 26.827940282870923 ], [ -109.863973448833008, 26.820994807721856 ], [ -109.861574277895173, 26.816380734854064 ], [ -109.860828938635422, 26.816471047219466 ], [ -109.860092772637358, 26.817720812333778 ], [ -109.861359734572062, 26.820689787180175 ], [ -109.861120243557366, 26.821851741268077 ], [ -109.85911904667455, 26.820380978182286 ], [ -109.85738617017185, 26.821392244845608 ], [ -109.859517593270724, 26.823607149168666 ], [ -109.85880229696474, 26.827507087047852 ], [ -109.859316691841499, 26.829655373170883 ], [ -109.862576641724189, 26.833018464330536 ], [ -109.861607420109593, 26.836258366394063 ], [ -109.862495627761291, 26.838485713141651 ], [ -109.862262010969985, 26.840393028531064 ], [ -109.860394664514644, 26.84016329849117 ], [ -109.858418653371103, 26.841922422690207 ], [ -109.861163758696691, 26.843054444516454 ], [ -109.866261269598738, 26.84283754646037 ], [ -109.866518564695212, 26.843911677224582 ], [ -109.865415763853733, 26.845993400302092 ], [ -109.867914289151386, 26.847376253254783 ], [ -109.86928165990544, 26.847279636311008 ], [ -109.869675929290622, 26.849926051696098 ], [ -109.871784241072575, 26.849159332208739 ], [ -109.871393238681648, 26.846927012011452 ], [ -109.864862354982179, 26.838958864391319 ], [ -109.864341897833285, 26.836065232804692 ], [ -109.865202497312396, 26.834814199203525 ], [ -109.874014899038585, 26.848142866484224 ], [ -109.875106982402798, 26.860224245396271 ], [ -109.878560064930426, 26.871950365751974 ], [ -109.879349180285004, 26.877243143927902 ], [ -109.883556336352697, 26.889789746877355 ], [ -109.886072850648688, 26.893242756382502 ], [ -109.887743492742032, 26.899768876852139 ], [ -109.891021109942386, 26.904953362154199 ], [ -109.893812121508333, 26.911467961775269 ], [ -109.893995528243437, 26.918671839041192 ], [ -109.88984410036511, 26.919601644328484 ], [ -109.891037403123761, 26.924109917016327 ], [ -109.918385231595707, 26.962148147711179 ], [ -109.92217253966642, 26.966627598823276 ], [ -109.932949408171595, 26.975447671955816 ], [ -109.938547098125781, 26.983218626826908 ], [ -109.947051520665127, 26.992543322869974 ], [ -109.947742634870494, 27.003018531822672 ], [ -109.944358360938907, 27.003529527499861 ], [ -109.941327194151171, 27.00172858007355 ], [ -109.939948921252949, 26.998475979001078 ], [ -109.936847019265755, 26.995355152410067 ], [ -109.933584855664463, 26.9869545286139 ], [ -109.92618786479602, 26.977252713829159 ], [ -109.923069097527019, 26.971573956529621 ], [ -109.920526019720327, 26.968945294319408 ], [ -109.918679261625158, 26.969036177900716 ], [ -109.917358736654805, 26.965081802986724 ], [ -109.911738367016767, 26.96263188488658 ], [ -109.911471108700141, 26.959580315920192 ], [ -109.909182760154863, 26.958105421982431 ], [ -109.906752180580412, 26.953825882227882 ], [ -109.902358641720824, 26.950586331671786 ], [ -109.900840209315149, 26.944570015666265 ], [ -109.898742010351754, 26.94383668951124 ], [ -109.898304376370362, 26.942848527480137 ], [ -109.898226093541169, 26.940373658460896 ], [ -109.89902109688822, 26.939586346147564 ], [ -109.896965641790871, 26.936047566843765 ], [ -109.894271444469794, 26.938204538934642 ], [ -109.892421584793411, 26.937758813804962 ], [ -109.891169943241366, 26.934711497761803 ], [ -109.891691633354355, 26.929882568592522 ], [ -109.890629170540819, 26.927494481484366 ], [ -109.889088098918805, 26.927171137713724 ], [ -109.889534967789729, 26.929561904947146 ], [ -109.887701491022653, 26.931550007249559 ], [ -109.887865023639591, 26.937613558706005 ], [ -109.883865801746865, 26.937960806568849 ], [ -109.884655134976597, 26.936307280693693 ], [ -109.884094534335105, 26.935319607321393 ], [ -109.881949522022964, 26.936772670150937 ], [ -109.880564959385495, 26.94152272102901 ], [ -109.88264688143822, 26.939822434039723 ], [ -109.885795281170644, 26.941129024463404 ], [ -109.888685396177777, 26.940621513337309 ], [ -109.890358321488904, 26.942223152369653 ], [ -109.893070126053132, 26.942665154926235 ], [ -109.896573656778173, 26.941824781153436 ], [ -109.895914525079505, 26.944509145144224 ], [ -109.893945861668996, 26.944724011968496 ], [ -109.893296059452069, 26.94881093640776 ], [ -109.890835337781525, 26.949110405878347 ], [ -109.890676287454212, 26.952947661646959 ], [ -109.889940495522424, 26.953404636807797 ], [ -109.88821107218898, 26.952587047582647 ], [ -109.887804268612541, 26.95621909760267 ], [ -109.892916264179206, 26.956444472040122 ], [ -109.893666459503109, 26.958132595896334 ], [ -109.895832840375618, 26.959814534732438 ], [ -109.899530809015246, 26.960334621592505 ], [ -109.900519323499566, 26.960825314293903 ], [ -109.900587878829867, 26.961856349019211 ], [ -109.898937934096125, 26.963720008508378 ], [ -109.894810225302578, 26.963408044482605 ], [ -109.892204216468684, 26.960449145035 ], [ -109.890048347804367, 26.960334733463451 ], [ -109.889990823451498, 26.963691762941014 ], [ -109.891648520521883, 26.966264278081496 ], [ -109.895528173277896, 26.968385472908576 ], [ -109.897750401373315, 26.96780982385928 ], [ -109.896946363510295, 26.968554081175739 ], [ -109.899719393381034, 26.969471251910683 ], [ -109.897186305722002, 26.970875053047614 ], [ -109.894533942122905, 26.970869697279479 ], [ -109.894654743724885, 26.971740125133849 ], [ -109.892692789226018, 26.967716717728926 ], [ -109.892315942120462, 26.969994997844228 ], [ -109.891456826252622, 26.968501497807914 ], [ -109.890834578598245, 26.970323459864531 ], [ -109.889664718004482, 26.969616618251717 ], [ -109.88959993759741, 26.970652415408356 ], [ -109.888675816570455, 26.970277570374893 ], [ -109.88651368058396, 26.97135044513179 ], [ -109.885211431883121, 26.97362676755667 ], [ -109.889104366313887, 26.971355824650512 ], [ -109.891937354541255, 26.972853393634505 ], [ -109.893418993842772, 26.972442047034228 ], [ -109.893785912464381, 26.97352016270117 ], [ -109.891747990959743, 26.974303308991797 ], [ -109.891863722821014, 26.976872654031492 ], [ -109.888088662000285, 26.980925710264405 ], [ -109.886489652473117, 26.97930633163736 ], [ -109.886055208463631, 26.980175603854249 ], [ -109.886729519066265, 26.981585875105154 ], [ -109.88536747014227, 26.983199073891072 ], [ -109.889254402241804, 26.983041421770764 ], [ -109.892778813810793, 26.980313815170152 ], [ -109.897153566458215, 26.982063051350192 ], [ -109.899437867767631, 26.981446071814464 ], [ -109.899565460688578, 26.979996021869624 ], [ -109.898396653540473, 26.978874878679722 ], [ -109.898277026198386, 26.977590083429842 ], [ -109.900626396811333, 26.975771529854274 ], [ -109.901732552837487, 26.977224029321377 ], [ -109.902500807010526, 26.988910864053732 ], [ -109.900159368539263, 26.987911722762583 ], [ -109.898059653076899, 26.98865339228119 ], [ -109.897692892124752, 26.987492413342299 ], [ -109.896828840025691, 26.987614985227275 ], [ -109.89571716425462, 26.988027111023495 ], [ -109.896576232551922, 26.989603461140632 ], [ -109.895216418939967, 26.990470890021665 ], [ -109.896695239832624, 26.991095440186282 ], [ -109.897924027573666, 26.992838277110163 ], [ -109.900393508520494, 26.992263098334764 ], [ -109.902240758359838, 26.993509883705006 ], [ -109.90483208204428, 26.993473552447242 ], [ -109.909331631961109, 26.994974047906048 ], [ -109.9153782150415, 26.99486127383198 ], [ -109.91759757181805, 26.995487004256958 ], [ -109.917655505147536, 26.996854545930741 ], [ -109.916345080141127, 27.002197504819677 ], [ -109.913008167287799, 27.004014426963028 ], [ -109.91226775231786, 27.004013013948654 ], [ -109.910797770781528, 27.000156531159252 ], [ -109.905750054381016, 26.996085897058386 ], [ -109.902541822336531, 26.996079587320597 ], [ -109.902416634404219, 26.996700897845137 ], [ -109.899399153208904, 26.994747345643177 ], [ -109.894580502359801, 26.996892356558345 ], [ -109.892548197955207, 26.995645093093152 ], [ -109.892603979238672, 26.99763418871656 ], [ -109.890008962723314, 26.998871959716208 ], [ -109.890745124822146, 27.000282340575897 ], [ -109.89296566753724, 27.000494089349136 ], [ -109.894820801350093, 26.999089013031575 ], [ -109.898338330283906, 26.998847499721286 ], [ -109.901481818365568, 26.999931145700113 ], [ -109.907095590304195, 27.000232246876628 ], [ -109.908819762070877, 27.001437273374982 ], [ -109.907700921155978, 27.004335710319229 ], [ -109.909483815915493, 27.00661821209529 ], [ -109.907320567318976, 27.007898570553319 ], [ -109.908981038045837, 27.009849342799299 ], [ -109.905213509174473, 27.011085114011298 ], [ -109.901070130428934, 27.014226140217968 ], [ -109.901189692331457, 27.015552365517351 ], [ -109.903158823931989, 27.017462382281739 ], [ -109.904206197295224, 27.018044570743911 ], [ -109.90550730903729, 27.016223896633623 ], [ -109.909327793818662, 27.018137450511958 ], [ -109.91080109271779, 27.020875147318748 ], [ -109.91019421978497, 27.039064864891163 ], [ -109.911655515475559, 27.046153418531528 ], [ -109.910604677410717, 27.046690072040853 ], [ -109.908262455962188, 27.045525288401699 ], [ -109.905437584679973, 27.040505877948977 ], [ -109.901186439203272, 27.037886916737296 ], [ -109.899280052220604, 27.035521188401511 ], [ -109.897737706448112, 27.035310893402691 ], [ -109.895388981607439, 27.036466358227663 ], [ -109.893108234915815, 27.035508640815593 ], [ -109.89291837960954, 27.037082852227083 ], [ -109.90284241768434, 27.041495232268229 ], [ -109.906714014058991, 27.047386924462096 ], [ -109.911587004219655, 27.048556633474746 ], [ -109.912622453172034, 27.053489628445281 ], [ -109.914158806278621, 27.055937353957461 ], [ -109.917096491338782, 27.065059074637393 ], [ -109.922082143492844, 27.070496665651664 ], [ -109.928373063606088, 27.07287012292003 ], [ -109.934659899097056, 27.076900781327424 ], [ -109.940387645854457, 27.082421938451482 ], [ -109.951174427633944, 27.089898883831513 ], [ -109.956780243717631, 27.095377763505997 ], [ -109.963685532244256, 27.099988292967613 ], [ -109.964481065699161, 27.103055894038551 ], [ -109.970532903520379, 27.10318953875958 ], [ -109.970773012940171, 27.106173387689587 ], [ -109.972496513552585, 27.10866223316895 ], [ -109.975215824162746, 27.107837561827228 ], [ -109.977125668788887, 27.109912257496219 ], [ -109.979164317761033, 27.109666626618779 ], [ -109.982805970670242, 27.110666396087883 ], [ -109.985825001753227, 27.113985686855091 ], [ -109.988231233646417, 27.115149316668081 ], [ -109.987609909379401, 27.116847379341415 ], [ -109.988656226498733, 27.118547775227604 ], [ -109.992870522130488, 27.111223177562053 ], [ -109.994045222703477, 27.111342509857298 ], [ -109.996385507897998, 27.109227103947383 ], [ -109.998238226535705, 27.108889453051571 ], [ -110.001675526400746, 27.102887476187153 ], [ -110.003403394161737, 27.102261147948628 ], [ -110.006248159071546, 27.10278674903104 ], [ -110.006013247786186, 27.105885164460094 ], [ -110.004787886782651, 27.108574514889231 ], [ -110.003926434011618, 27.109527823920757 ], [ -110.005142189115347, 27.104401836839074 ], [ -110.002299661980146, 27.104454399312473 ], [ -110.000575796117914, 27.106113188541709 ], [ -110.001144445111962, 27.109291021463715 ], [ -110.00263641918194, 27.111515313342405 ], [ -110.00764858106767, 27.113064802172513 ], [ -110.008025967930521, 27.114715285017311 ], [ -110.01006069101021, 27.113509459515853 ], [ -110.012723187777581, 27.114737764155127 ], [ -110.009818099381349, 27.114666823196579 ], [ -110.007607787896674, 27.118351325417187 ], [ -110.005075728912729, 27.118856991249309 ], [ -110.005203420382045, 27.119888975605242 ], [ -110.002744483345936, 27.123285279734418 ], [ -110.005215007259721, 27.122821203470696 ], [ -110.006130185201727, 27.119802695377732 ], [ -110.00761189051191, 27.119383800903247 ], [ -110.010070759149286, 27.116028702453313 ], [ -110.016676261083504, 27.114143606204422 ], [ -110.019525103134924, 27.115577528560774 ], [ -110.017119611351816, 27.116784996449873 ], [ -110.015838595101329, 27.120961460595382 ], [ -110.011274484108768, 27.123375225763514 ], [ -110.011589813994149, 27.124943348836091 ], [ -110.010548142065929, 27.127219006333554 ], [ -110.011905151964143, 27.126511471092371 ], [ -110.012957413348445, 27.126878940152885 ], [ -110.015975913792829, 27.124347484440165 ], [ -110.018940545891923, 27.123798567177008 ], [ -110.019676013045483, 27.122267483300156 ], [ -110.021837756222666, 27.121886968055154 ], [ -110.019611004292898, 27.121483051875362 ], [ -110.019853175584714, 27.120243071839493 ], [ -110.018740154107917, 27.120123701080939 ], [ -110.01810949240388, 27.117028778601554 ], [ -110.020210684281651, 27.116978929710566 ], [ -110.021623728578504, 27.114908170306052 ], [ -110.02754727315785, 27.112571040994098 ], [ -110.032287345921418, 27.108090986037571 ], [ -110.033398703455717, 27.107838553129831 ], [ -110.032394365982725, 27.11886983653001 ], [ -110.032149739099978, 27.119490353794721 ], [ -110.030172629262523, 27.119663765327459 ], [ -110.031474019078317, 27.120484361988758 ], [ -110.029745496103061, 27.120987133032138 ], [ -110.028273285092965, 27.123677717314283 ], [ -110.028898760162704, 27.125451026517585 ], [ -110.030878044406762, 27.125773225986443 ], [ -110.030330892606514, 27.127964389303056 ], [ -110.031075039917496, 27.128539501048458 ], [ -110.034589583212764, 27.126459873974433 ], [ -110.035448477098242, 27.124928186541965 ], [ -110.033879097826969, 27.119194048383317 ], [ -110.034857547998598, 27.116711962789559 ], [ -110.037096689247363, 27.12004788491506 ], [ -110.039312236963482, 27.117808370268939 ], [ -110.040306230921374, 27.119001881409275 ], [ -110.042717730129937, 27.119239487700309 ], [ -110.040856666907374, 27.117636656487399 ], [ -110.04178304019797, 27.117467541093216 ], [ -110.041410090286206, 27.11697351726658 ], [ -110.038011343760729, 27.1171117431157 ], [ -110.035038955450474, 27.115761304314066 ], [ -110.035095009713331, 27.114398169665769 ], [ -110.03669945256587, 27.113813248932097 ], [ -110.043439548536469, 27.114610818395903 ], [ -110.048158470660326, 27.119629337589124 ], [ -110.050287751289346, 27.126021740169801 ], [ -110.050087230183721, 27.122553389782965 ], [ -110.051559812221981, 27.120069059303425 ], [ -110.054464550800958, 27.120015242888222 ], [ -110.055956278746194, 27.121908601206744 ], [ -110.057690365754695, 27.122685787092944 ], [ -110.058366602835108, 27.121856845112848 ], [ -110.056380379780961, 27.119965654653274 ], [ -110.049074449131666, 27.117064810412138 ], [ -110.045160264691631, 27.112332001163086 ], [ -110.034648457117541, 27.111096035609741 ], [ -110.037041920188315, 27.107121203103219 ], [ -110.037585672550534, 27.104186612647549 ], [ -110.038820400539421, 27.103892316428798 ], [ -110.046191821012471, 27.107908490970473 ], [ -110.045505250961028, 27.106342010128099 ], [ -110.040983322165303, 27.103883189062081 ], [ -110.040729426524649, 27.102314856903323 ], [ -110.045661236915137, 27.099526813409685 ], [ -110.045039899484607, 27.098744756230772 ], [ -110.0461491754983, 27.098037924810281 ], [ -110.048681140872958, 27.097655398367063 ], [ -110.046391532552008, 27.09692178435165 ], [ -110.04650422395089, 27.094401988243568 ], [ -110.052116331975, 27.091858595560854 ], [ -110.049459126798681, 27.091828722961477 ], [ -110.048104379903521, 27.092908337321994 ], [ -110.044888356411562, 27.092261265226963 ], [ -110.054208342612043, 27.08982584550624 ], [ -110.059202716423599, 27.087408728496754 ], [ -110.061335121495517, 27.080626132669394 ], [ -110.058978480674611, 27.0786540089384 ], [ -110.062938581000338, 27.079958294135835 ], [ -110.069520541994478, 27.08715684348266 ], [ -110.091160573879918, 27.103083886661992 ], [ -110.102361025993901, 27.106101390014015 ], [ -110.104720470626276, 27.108171418592622 ], [ -110.112397467415903, 27.111138065456714 ], [ -110.126995584128281, 27.114496347808288 ], [ -110.132428197914095, 27.113979011990708 ], [ -110.137497431328711, 27.114626259727643 ], [ -110.153582532116559, 27.118475262258137 ], [ -110.153219339530779, 27.11964010040834 ], [ -110.145179459155472, 27.118172893494499 ], [ -110.141599319456034, 27.118601095895166 ], [ -110.135441830356896, 27.121780785885246 ], [ -110.134335597953267, 27.122698825284854 ], [ -110.134222911509411, 27.124444499517988 ], [ -110.132126688592294, 27.125116624526001 ], [ -110.127648637648321, 27.120228611117518 ], [ -110.124554398608851, 27.119324974149457 ], [ -110.121472399822792, 27.120415833348673 ], [ -110.109982706874518, 27.120454186264435 ], [ -110.108390072541368, 27.122703350484461 ], [ -110.110001182268419, 27.123529130815424 ], [ -110.118527035630152, 27.123666983377724 ], [ -110.126338220841674, 27.128128403816568 ], [ -110.12843863545568, 27.128121222087447 ], [ -110.127932632418336, 27.126211458250467 ], [ -110.128793902271298, 27.125626746890447 ], [ -110.130286800609923, 27.127283790868379 ], [ -110.132515396893851, 27.128024084514763 ], [ -110.13892770230558, 27.126007168126844 ], [ -110.145234621800213, 27.126899138377613 ], [ -110.145717268203768, 27.125069029398357 ], [ -110.143104368185334, 27.122169470485773 ], [ -110.14371319354025, 27.120754466464163 ], [ -110.154591643173916, 27.121712875432817 ], [ -110.156925691752818, 27.119626689415419 ], [ -110.160879136241633, 27.119612276522581 ], [ -110.174368543596188, 27.123052861895403 ], [ -110.179229323980309, 27.125495755079431 ], [ -110.208869106372447, 27.131247953614093 ], [ -110.22346827796585, 27.135985127083948 ], [ -110.219135159486015, 27.136573305767762 ], [ -110.216265121493038, 27.13809987298708 ], [ -110.211884043754253, 27.134869453281347 ], [ -110.209408916621598, 27.135157961136251 ], [ -110.204986951928532, 27.134001355094519 ], [ -110.20569949959679, 27.13542471880643 ], [ -110.211352533712983, 27.136768893252487 ], [ -110.214132319927629, 27.139805286722421 ], [ -110.210961011574184, 27.144065125639248 ], [ -110.209354679335618, 27.144119909652176 ], [ -110.202559356924709, 27.138108111361884 ], [ -110.194075789781309, 27.136298637199726 ], [ -110.193623491429307, 27.134215897115794 ], [ -110.197457967963402, 27.133868675987827 ], [ -110.194533836680947, 27.13190827003638 ], [ -110.190447596616281, 27.132499925376443 ], [ -110.190049119784817, 27.133903699366741 ], [ -110.192573105253572, 27.137350939010297 ], [ -110.195500650884185, 27.139145465553494 ], [ -110.203861023229649, 27.140952685203523 ], [ -110.204822117504605, 27.142297437533426 ], [ -110.204555461846354, 27.143288622224635 ], [ -110.202825703211289, 27.143341159283295 ], [ -110.203778557529262, 27.145100721983656 ], [ -110.205004698712131, 27.145537251104848 ], [ -110.205183990914193, 27.148942984591322 ], [ -110.20750964039361, 27.149979760973839 ], [ -110.208271705032871, 27.148914288374161 ], [ -110.208069271278944, 27.146670008233119 ], [ -110.210789891442488, 27.146468825004447 ], [ -110.212740291785693, 27.14774789636181 ], [ -110.212885319255193, 27.152895802474461 ], [ -110.21874033506117, 27.156566933250058 ], [ -110.225732979509019, 27.158929839506634 ], [ -110.230664644290755, 27.159347761841413 ], [ -110.23499859357679, 27.158759246268794 ], [ -110.231676350352956, 27.164427743099985 ], [ -110.232140868848674, 27.165929640650685 ], [ -110.239624938841928, 27.162159174124309 ], [ -110.241150246880139, 27.159944908280522 ], [ -110.243521845709253, 27.158658173470865 ], [ -110.254509363291135, 27.158848065700379 ], [ -110.262269662136148, 27.153504339904423 ], [ -110.263504162822016, 27.153525552973452 ], [ -110.263343780780787, 27.155431562902617 ], [ -110.260120779059761, 27.162430281248692 ], [ -110.255361612326098, 27.165833892377695 ], [ -110.256339651149872, 27.166348685754169 ], [ -110.262182637534067, 27.164374500014976 ], [ -110.263723595157813, 27.161330359922836 ], [ -110.266806857949163, 27.161549268954733 ], [ -110.265487313846052, 27.159534871481522 ], [ -110.268498341573675, 27.157096831025488 ], [ -110.270051831065999, 27.153388913904486 ], [ -110.26860086343936, 27.151787241090179 ], [ -110.266753947635507, 27.151506598219051 ], [ -110.266410860975341, 27.150089884527162 ], [ -110.259546122891749, 27.147482233673298 ], [ -110.260681225053062, 27.146256912889704 ], [ -110.273597933825926, 27.148802190745709 ], [ -110.282498747653108, 27.148290256023909 ], [ -110.277716291708131, 27.146548866129081 ], [ -110.281419585531054, 27.146612060861543 ], [ -110.287419092821523, 27.149286919149478 ], [ -110.28838127071144, 27.150631119403684 ], [ -110.293806654163589, 27.151055214956145 ], [ -110.304000917665505, 27.153966436835756 ], [ -110.304838306655, 27.15539140593258 ], [ -110.302992806190005, 27.155028274018303 ], [ -110.300725229164343, 27.163869848171966 ], [ -110.298722963706851, 27.165246793292368 ], [ -110.295258050470991, 27.165603044188995 ], [ -110.291601670158826, 27.163051317967842 ], [ -110.291191648188985, 27.165119099024306 ], [ -110.28692125057556, 27.16239084282347 ], [ -110.28482877858346, 27.16202327034414 ], [ -110.283456395310523, 27.162746803372851 ], [ -110.281126565406836, 27.161877193154961 ], [ -110.279757348741043, 27.162434764478888 ], [ -110.280352343242114, 27.163606772081167 ], [ -110.279942112546323, 27.165674516021909 ], [ -110.28240025226772, 27.166297363611413 ], [ -110.283489159090578, 27.167477775115007 ], [ -110.28438364473466, 27.165916207349753 ], [ -110.287348384960723, 27.165883677369738 ], [ -110.291921167178387, 27.172185609060836 ], [ -110.298390899246456, 27.176195808408217 ], [ -110.299524303377225, 27.175053138623824 ], [ -110.299547998152235, 27.173808695123125 ], [ -110.296163509057621, 27.169933856019423 ], [ -110.298001325931054, 27.170711895790603 ], [ -110.298169050991291, 27.168391024665496 ], [ -110.302444248457547, 27.164396851581341 ], [ -110.303620049103458, 27.161014139024264 ], [ -110.305736190289608, 27.160136983807764 ], [ -110.309169465553296, 27.161439736224811 ], [ -110.307773642907577, 27.163407959258151 ], [ -110.309834789502915, 27.16543445693889 ], [ -110.313037036301154, 27.165903323879704 ], [ -110.313254151793629, 27.167483782014127 ], [ -110.311370727007258, 27.169111875758823 ], [ -110.309518690453189, 27.169080678701214 ], [ -110.30756049553446, 27.16813478001119 ], [ -110.305996354125, 27.165950658708361 ], [ -110.304263110577494, 27.166170366284074 ], [ -110.303103040021185, 27.168723450567324 ], [ -110.304447010269996, 27.169493060603312 ], [ -110.304241586094037, 27.173805054242635 ], [ -110.305718549887558, 27.174078959907224 ], [ -110.308979211115485, 27.171478287833995 ], [ -110.310451442649622, 27.172001032961315 ], [ -110.312692783294736, 27.171042893603747 ], [ -110.313541390792025, 27.171887068883727 ], [ -110.314310460176728, 27.170406190149254 ], [ -110.315631014741726, 27.172420144490971 ], [ -110.316071615379471, 27.175249197852384 ], [ -110.316961016762704, 27.173936306663315 ], [ -110.317397229781832, 27.170458066940732 ], [ -110.320115155014477, 27.170420698908512 ], [ -110.3194383364294, 27.173562951265737 ], [ -110.325065098282252, 27.176478907545025 ], [ -110.323927249592074, 27.177870678490383 ], [ -110.317881471877342, 27.177520320407918 ], [ -110.318319014574541, 27.180515292679754 ], [ -110.322246995388653, 27.181826027246871 ], [ -110.323821043508758, 27.183512192018799 ], [ -110.325745110797541, 27.179726885090556 ], [ -110.32696588918003, 27.180494216850903 ], [ -110.33030458472463, 27.180301054803522 ], [ -110.333363654835594, 27.181845930581414 ], [ -110.334082798159812, 27.183019779268122 ], [ -110.338129892956644, 27.184581023770836 ], [ -110.335601900426724, 27.181053353860293 ], [ -110.328527154112663, 27.176287852605121 ], [ -110.325876174736351, 27.172757948106138 ], [ -110.323922457809331, 27.171563383882784 ], [ -110.324063105825005, 27.170652852731457 ], [ -110.321267043324625, 27.168282285270983 ], [ -110.318499275493494, 27.164418320699045 ], [ -110.311615124743142, 27.162725780200898 ], [ -110.310351316361491, 27.157725108002918 ], [ -110.314772240259188, 27.159044357376057 ], [ -110.328950150726314, 27.166917086154825 ], [ -110.337221821915151, 27.173694262674132 ], [ -110.349994024359475, 27.190919255087149 ], [ -110.363498088904151, 27.202179866851253 ], [ -110.381221659809967, 27.219317418306609 ], [ -110.415182812501627, 27.254640616016538 ], [ -110.422726219246599, 27.261317953434368 ], [ -110.432983411610806, 27.26837019797669 ], [ -110.449286109919228, 27.276181564248915 ], [ -110.473027573388492, 27.282946046805314 ], [ -110.497940456468854, 27.286488111655942 ], [ -110.520921216965107, 27.28742346902072 ], [ -110.522886174935309, 27.288200494501112 ], [ -110.525839102578558, 27.296295581908328 ], [ -110.521710098180009, 27.299136909855029 ], [ -110.517622110146291, 27.299572089009079 ], [ -110.514670882766865, 27.298613843991046 ], [ -110.490703274411132, 27.297413151922388 ], [ -110.474455631483153, 27.293176005195487 ], [ -110.471964474839581, 27.294215786185049 ], [ -110.470681743418737, 27.296851277726002 ], [ -110.467357246075991, 27.296052148269567 ], [ -110.464796391293859, 27.294020138816595 ], [ -110.453166553738953, 27.294417491703889 ], [ -110.452766323698796, 27.296070923230772 ], [ -110.448528089620609, 27.297995493167438 ], [ -110.448264653268538, 27.298904186068718 ], [ -110.442077880237875, 27.299137876303149 ], [ -110.443009216947104, 27.30238922738998 ], [ -110.440015685241747, 27.303835391593118 ], [ -110.442290631913792, 27.308020998322895 ], [ -110.445054704648328, 27.305575283608306 ], [ -110.453926317526069, 27.307375677536918 ], [ -110.453393602685324, 27.309524940743394 ], [ -110.454359136323134, 27.310868025777335 ], [ -110.455848578184401, 27.310559623657976 ], [ -110.455863255458837, 27.309729974417934 ], [ -110.4577074366115, 27.31034002842792 ], [ -110.458299201991778, 27.31184315884612 ], [ -110.465119428275273, 27.310788841146831 ], [ -110.473152555922141, 27.311081026722974 ], [ -110.475094327914761, 27.313186166839561 ], [ -110.47372271666697, 27.313828573632431 ], [ -110.475037638877922, 27.316421812553571 ], [ -110.474880564734789, 27.318328075771966 ], [ -110.466125517908765, 27.316862802402678 ], [ -110.46486868220434, 27.318004855918318 ], [ -110.471009859400326, 27.320425056675365 ], [ -110.465764316780039, 27.323330183192784 ], [ -110.461735955072925, 27.327333147733025 ], [ -110.460739437545939, 27.327732374815405 ], [ -110.458526938434602, 27.32695057273742 ], [ -110.459706279006781, 27.330205714114154 ], [ -110.461556674925276, 27.330483861677102 ], [ -110.468939714760936, 27.325620786682816 ], [ -110.474732260649347, 27.326790523733916 ], [ -110.476602979375627, 27.325906959846066 ], [ -110.476792172198529, 27.329229437978977 ], [ -110.478370618449745, 27.330913898636211 ], [ -110.478524751789891, 27.329173564676509 ], [ -110.480542330086294, 27.326964439344078 ], [ -110.482582096356239, 27.330564783192173 ], [ -110.480931110639503, 27.333028629391119 ], [ -110.480382831491681, 27.336090609841978 ], [ -110.475960155154596, 27.334361656210504 ], [ -110.474445718381318, 27.336080673116509 ], [ -110.478250130416924, 27.337800002560616 ], [ -110.477844295148188, 27.339785358923429 ], [ -110.47548160039014, 27.340495256513474 ], [ -110.476697902530631, 27.34167613326742 ], [ -110.475567463938788, 27.342654282751109 ], [ -110.476265862440485, 27.345154852431445 ], [ -110.475218334850879, 27.348457951810296 ], [ -110.471804857057791, 27.352636800708623 ], [ -110.469680456956311, 27.35384826392292 ], [ -110.469220755110868, 27.351849340087419 ], [ -110.466739916167057, 27.352225282451339 ], [ -110.463290127990518, 27.351424094033682 ], [ -110.459179490945246, 27.353019033814753 ], [ -110.462493906445317, 27.354482091305638 ], [ -110.472244214361922, 27.355797222738609 ], [ -110.472516338026949, 27.354390702665295 ], [ -110.475276563887505, 27.352193307721009 ], [ -110.477099758734639, 27.354047586163073 ], [ -110.477441740620847, 27.355712690553073 ], [ -110.480132264248226, 27.357497512573154 ], [ -110.482667309271861, 27.361105579957783 ], [ -110.481415933548064, 27.361915911087113 ], [ -110.47784931034569, 27.360698321322509 ], [ -110.477335672530714, 27.361769120596744 ], [ -110.47528388706904, 27.35883242855148 ], [ -110.474175090434301, 27.358566090724924 ], [ -110.474728038187706, 27.36230919507944 ], [ -110.469092359944298, 27.359150230286531 ], [ -110.466467483014029, 27.360656371325632 ], [ -110.471267674397794, 27.362088952304273 ], [ -110.474057194136137, 27.365286230480297 ], [ -110.475301387126208, 27.364890790384603 ], [ -110.476263293465593, 27.366482618095542 ], [ -110.474994350932491, 27.368288465333549 ], [ -110.473259705008346, 27.36842725050041 ], [ -110.470809128926859, 27.367061003198675 ], [ -110.475532821574888, 27.37286120823422 ], [ -110.476554412104093, 27.371051484606227 ], [ -110.480571169395262, 27.374848748858646 ], [ -110.479546704039862, 27.376824430579475 ], [ -110.477293852784882, 27.378282959630354 ], [ -110.479757821182247, 27.378902414110001 ], [ -110.482380320847923, 27.377532605364344 ], [ -110.48266686974624, 27.375296421840162 ], [ -110.487125977989749, 27.375034022079834 ], [ -110.494099255852944, 27.37962381402178 ], [ -110.491865290036841, 27.380004036435729 ], [ -110.4912279838464, 27.381072961118026 ], [ -110.495514636363623, 27.383629177105451 ], [ -110.494729136829818, 27.386106599480289 ], [ -110.493595512751924, 27.387250814303176 ], [ -110.489402142102207, 27.386438724139051 ], [ -110.489342904610538, 27.389840276425502 ], [ -110.487698395755373, 27.391889348591704 ], [ -110.489882055211154, 27.394412959498204 ], [ -110.491525119069678, 27.39244682697387 ], [ -110.492320835528972, 27.389388673338999 ], [ -110.496692757003274, 27.387049932865601 ], [ -110.497348726029415, 27.392039336003858 ], [ -110.496518574975937, 27.3970886725592 ], [ -110.499547090735149, 27.400870039074171 ], [ -110.499262157697387, 27.395886402029923 ], [ -110.500697852461855, 27.391593310017651 ], [ -110.498890907322931, 27.3887437574983 ], [ -110.498808884043797, 27.386335858415563 ], [ -110.501287515388782, 27.386125286827767 ], [ -110.503344788280202, 27.388812706476759 ], [ -110.503520511133473, 27.392964780120224 ], [ -110.505858367801437, 27.39374779541966 ], [ -110.506046554686023, 27.390016282207295 ], [ -110.507062088319017, 27.388538195234563 ], [ -110.515423957842728, 27.384434690517519 ], [ -110.515227843727217, 27.381444135363132 ], [ -110.522469840834972, 27.377654927337737 ], [ -110.523738129291132, 27.375848642097608 ], [ -110.527345410582981, 27.374742032983871 ], [ -110.530435188084354, 27.374955225193691 ], [ -110.531458737979321, 27.372979157355083 ], [ -110.536037136832292, 27.372965977553118 ], [ -110.53624084738388, 27.375541685106722 ], [ -110.534109635365809, 27.377168956957917 ], [ -110.527196213492871, 27.376233521972551 ], [ -110.530090202975444, 27.380676075448537 ], [ -110.528457899695027, 27.382061917750953 ], [ -110.525604012357604, 27.382516190540656 ], [ -110.52825915634601, 27.386457199259517 ], [ -110.524180748681559, 27.386145835150675 ], [ -110.525587372071897, 27.390731662332843 ], [ -110.517046305010297, 27.390849639618679 ], [ -110.514163620469958, 27.392962977815319 ], [ -110.509208242812988, 27.400438462666916 ], [ -110.503477835621013, 27.402590617406211 ], [ -110.502841942188667, 27.40357662666656 ], [ -110.503814612637314, 27.40458751216303 ], [ -110.507036062419019, 27.404388320826364 ], [ -110.507640428863596, 27.405227519210161 ], [ -110.50761036416975, 27.40696978096242 ], [ -110.505596138160769, 27.408930365598753 ], [ -110.505685483222607, 27.410923431368005 ], [ -110.509686761620983, 27.408578563432162 ], [ -110.511018497981837, 27.403121952904911 ], [ -110.513143408953781, 27.40190987559879 ], [ -110.513043942413361, 27.400497565552101 ], [ -110.515628067435202, 27.401367193768429 ], [ -110.515281106042664, 27.399951079493711 ], [ -110.51767045896834, 27.397747155303485 ], [ -110.52270928566405, 27.399816157518647 ], [ -110.522679460071217, 27.401558426945765 ], [ -110.519637297709522, 27.405744104716014 ], [ -110.515165607402849, 27.406671247009193 ], [ -110.514034831489298, 27.407649694647169 ], [ -110.51372598305899, 27.411213378204732 ], [ -110.511475724145569, 27.41250651902639 ], [ -110.511570892262512, 27.414167722133026 ], [ -110.513886416338423, 27.416278044430044 ], [ -110.514566514337758, 27.412720074712457 ], [ -110.518951628262428, 27.416853819032724 ], [ -110.516961859172071, 27.410184310610788 ], [ -110.518689994772757, 27.410459815997108 ], [ -110.522664153234771, 27.416910764699143 ], [ -110.521170554774329, 27.410165933340146 ], [ -110.522827512088384, 27.407369781182268 ], [ -110.524419106676859, 27.408390005238989 ], [ -110.525249833179146, 27.410477395519841 ], [ -110.526120672728041, 27.417461615322125 ], [ -110.527563181080836, 27.419973281910636 ], [ -110.528321290004683, 27.419072017317067 ], [ -110.528507363250029, 27.415423443300181 ], [ -110.527205643789344, 27.411918095949648 ], [ -110.527615135444378, 27.409683712774083 ], [ -110.526046179820227, 27.407336081753691 ], [ -110.525832732923604, 27.40534112981307 ], [ -110.527462581390239, 27.404121258113925 ], [ -110.526533637893493, 27.400538611299758 ], [ -110.52842503002077, 27.398492858753212 ], [ -110.530649353055253, 27.398692812932136 ], [ -110.529836222364139, 27.402829743272203 ], [ -110.53042660861496, 27.404498498364024 ], [ -110.532982713193832, 27.407027113874307 ], [ -110.53307735992135, 27.401468434038694 ], [ -110.536650141162625, 27.402435733694077 ], [ -110.538598919828758, 27.40429110338588 ], [ -110.543043632437033, 27.404939551555088 ], [ -110.542962050958451, 27.402448706126869 ], [ -110.547784934506694, 27.402687809195271 ], [ -110.553916450722014, 27.398714181707092 ], [ -110.558637763716376, 27.397623585202485 ], [ -110.553510325238321, 27.400782720963551 ], [ -110.547904465876812, 27.402938580228206 ], [ -110.548997080972669, 27.404199926728804 ], [ -110.546373344895727, 27.405653950539197 ], [ -110.542894598861054, 27.406431053004304 ], [ -110.536346265230975, 27.405750583106762 ], [ -110.535813223164993, 27.407983110859643 ], [ -110.542990233469766, 27.408092241949287 ], [ -110.543226475965227, 27.408759722648291 ], [ -110.541115821125359, 27.409142604961076 ], [ -110.541719066384871, 27.410064624134733 ], [ -110.546407310318571, 27.41096562302312 ], [ -110.546006609719811, 27.412702272483681 ], [ -110.54229420371766, 27.412645949886553 ], [ -110.544836725576388, 27.41600400519879 ], [ -110.541131244642514, 27.415532823189501 ], [ -110.538099244838577, 27.419138142038825 ], [ -110.535868854129873, 27.41927016297543 ], [ -110.535180924727158, 27.423326032517611 ], [ -110.537017560456107, 27.424515815967411 ], [ -110.539759991831019, 27.423395721693403 ], [ -110.542031246367372, 27.420857644967182 ], [ -110.547157135549284, 27.417864886434078 ], [ -110.551253573392472, 27.417180005695634 ], [ -110.55032990679652, 27.420568491441266 ], [ -110.551365345286683, 27.425231403362268 ], [ -110.544680851072485, 27.425213164672329 ], [ -110.543665470614116, 27.426691519909788 ], [ -110.547471257166222, 27.42857492439251 ], [ -110.546098618194307, 27.429218018836334 ], [ -110.543007297505042, 27.429005156200112 ], [ -110.542609286674107, 27.430575859482897 ], [ -110.540769675646686, 27.429552079198764 ], [ -110.537157913644279, 27.430824936497238 ], [ -110.535826113233526, 27.429061939852186 ], [ -110.534212933272229, 27.429286320486927 ], [ -110.534066568467097, 27.430611875279435 ], [ -110.536498168735974, 27.433221503803583 ], [ -110.538839927896859, 27.433838045163178 ], [ -110.54616484207844, 27.432621472161667 ], [ -110.545221224653091, 27.437171426302715 ], [ -110.545826056951199, 27.43801046107798 ], [ -110.547578545900762, 27.436875204564508 ], [ -110.553825194255282, 27.426181425700793 ], [ -110.556185052555492, 27.425719123792067 ], [ -110.555861234166699, 27.422892693276307 ], [ -110.557908307811644, 27.418940202800485 ], [ -110.560222037114656, 27.421215697501047 ], [ -110.558289003458313, 27.425750845422979 ], [ -110.556650793740445, 27.427468867221872 ], [ -110.555856553421336, 27.430527390050365 ], [ -110.55530841245178, 27.433672607739947 ], [ -110.556477722095707, 27.437756586869224 ], [ -110.559086760393541, 27.437215007325239 ], [ -110.561163082305413, 27.438905997727094 ], [ -110.560783396044911, 27.439398202136868 ], [ -110.564233866927225, 27.440362944139689 ], [ -110.564317331252397, 27.442770804101052 ], [ -110.563303437097204, 27.444166334415357 ], [ -110.564267282768512, 27.445757561600963 ], [ -110.56747041118291, 27.44671850500729 ], [ -110.566907016385457, 27.443390596834178 ], [ -110.569919361008516, 27.440946179561571 ], [ -110.572874841282044, 27.441903288284355 ], [ -110.572407994592623, 27.447622359493543 ], [ -110.571015864951022, 27.449427214527535 ], [ -110.568648623400151, 27.45030458833055 ], [ -110.571216345728899, 27.452251750630971 ], [ -110.569808887875112, 27.454969211793067 ], [ -110.567049304205625, 27.45708547138064 ], [ -110.563014096561702, 27.454037356791613 ], [ -110.56186375507464, 27.456177699504369 ], [ -110.55791205559963, 27.455537294237491 ], [ -110.555846650549114, 27.45318253459234 ], [ -110.555891345458576, 27.450527647028167 ], [ -110.553692500946738, 27.448751744652988 ], [ -110.553651949836379, 27.45115773596466 ], [ -110.550792175285707, 27.45186139485789 ], [ -110.54608813032614, 27.451790177867931 ], [ -110.544874109002478, 27.450361004551851 ], [ -110.542529153995631, 27.449910491376844 ], [ -110.542380043814688, 27.451401981850672 ], [ -110.535964145650851, 27.450059625683242 ], [ -110.534565746496284, 27.452195967693605 ], [ -110.546060049078221, 27.453449478682153 ], [ -110.546649534234859, 27.455201124304573 ], [ -110.545636708113946, 27.456513554549446 ], [ -110.540195332593427, 27.456099014458271 ], [ -110.538694284507088, 27.456989041747711 ], [ -110.538341225485112, 27.455904849683101 ], [ -110.536125622434639, 27.455124251694169 ], [ -110.531343621815992, 27.459615596370011 ], [ -110.530945329672917, 27.461186256031652 ], [ -110.536792187224165, 27.459615659895505 ], [ -110.539261121695745, 27.460068153707802 ], [ -110.536866596372676, 27.462521311093905 ], [ -110.5385349699214, 27.466364062795609 ], [ -110.542467250224007, 27.460863742745673 ], [ -110.548298506655243, 27.460205275627775 ], [ -110.550268098652595, 27.460898971637953 ], [ -110.561198811653682, 27.458906240694404 ], [ -110.564894710883252, 27.460040626909237 ], [ -110.566223174650759, 27.462052243739414 ], [ -110.56399890122006, 27.461769877786359 ], [ -110.5643355422783, 27.463849590200073 ], [ -110.566291410245356, 27.465372713744483 ], [ -110.565757274878564, 27.467688305974718 ], [ -110.562382415724372, 27.469546272898857 ], [ -110.564225670528941, 27.470403841851869 ], [ -110.567212432565327, 27.469535840882891 ], [ -110.568528560691604, 27.472294121761031 ], [ -110.56677571700591, 27.473429632015346 ], [ -110.559473411209652, 27.473153881547663 ], [ -110.556112251843928, 27.474182041846127 ], [ -110.55694544815259, 27.476186271817358 ], [ -110.568704033000174, 27.476612025324911 ], [ -110.572751290623259, 27.478996254674101 ], [ -110.568062727452542, 27.477930184293538 ], [ -110.56591608668657, 27.480387551818705 ], [ -110.566000994889464, 27.482712432681879 ], [ -110.560195135837247, 27.481795292211096 ], [ -110.559670551538957, 27.483530098724483 ], [ -110.561124417456526, 27.485460659229307 ], [ -110.564570755971346, 27.486757263120836 ], [ -110.568541652678761, 27.486318944265573 ], [ -110.573713441572423, 27.488139096913091 ], [ -110.578512940836134, 27.482567761126614 ], [ -110.57929453310922, 27.480255817045929 ], [ -110.570958639195553, 27.46768331942943 ], [ -110.569430949952192, 27.462764249494999 ], [ -110.569962210786187, 27.460614571174517 ], [ -110.570478205044921, 27.459377509604597 ], [ -110.573688699074538, 27.459923486117937 ], [ -110.575125917019406, 27.462849491668699 ], [ -110.576834306989539, 27.464368767484096 ], [ -110.576502955571101, 27.46195722074561 ], [ -110.579606302654653, 27.46150562615982 ], [ -110.580010802635471, 27.459519991405624 ], [ -110.579180066907682, 27.457349960097588 ], [ -110.579943535818998, 27.456116555076576 ], [ -110.588335624983799, 27.457818191892144 ], [ -110.585891266258898, 27.45587318284181 ], [ -110.588789352362625, 27.452845759519864 ], [ -110.588630959346204, 27.447449301668488 ], [ -110.592062227626755, 27.442106108434508 ], [ -110.593838871229536, 27.454497389651991 ], [ -110.590260960769413, 27.47618668972035 ], [ -110.590671219343193, 27.481337902403411 ], [ -110.589155994641246, 27.505547248968085 ], [ -110.591321702324237, 27.524417085280017 ], [ -110.589616605387306, 27.530117778031382 ], [ -110.586917278881756, 27.521032286125681 ], [ -110.584200420632939, 27.520493972613778 ], [ -110.580151743456142, 27.510641379643911 ], [ -110.5779596133426, 27.508368067788293 ], [ -110.576891918310011, 27.505530617087395 ], [ -110.574310415432194, 27.504330243705201 ], [ -110.576745385526777, 27.514324899453339 ], [ -110.575690860435216, 27.51812648103633 ], [ -110.576247013036692, 27.521587865647607 ], [ -110.579625513406029, 27.526970241960139 ], [ -110.578524132234335, 27.529543328197583 ], [ -110.57967319869617, 27.535345316206506 ], [ -110.57668618852243, 27.53344481556028 ], [ -110.575685224355624, 27.531871524303483 ], [ -110.571582822000025, 27.530056322433033 ], [ -110.567845144024091, 27.526913447665468 ], [ -110.566107311917051, 27.526585527592715 ], [ -110.565870398399497, 27.528576179782476 ], [ -110.566751352223847, 27.530896102518941 ], [ -110.572484443612268, 27.536024753993516 ], [ -110.580695056722675, 27.540567122421812 ], [ -110.585288350526881, 27.541385861894788 ], [ -110.589753381317408, 27.541458446373397 ], [ -110.591233874055362, 27.540128225349189 ], [ -110.591722231481896, 27.538800318803293 ], [ -110.589071967115416, 27.53084593683614 ], [ -110.59080945770323, 27.531090649620761 ], [ -110.591808706815982, 27.53233214818561 ], [ -110.597632383980752, 27.552717325307853 ], [ -110.596786490114482, 27.556533775966027 ], [ -110.600662222674615, 27.561748612445225 ], [ -110.604058320752955, 27.569700947576905 ], [ -110.601818629856453, 27.568545461114173 ], [ -110.595445356878145, 27.560517238062666 ], [ -110.588761729843284, 27.563020587592263 ], [ -110.58827179058666, 27.564099714025911 ], [ -110.593498387843269, 27.566989781668578 ], [ -110.594979182633267, 27.56565952884112 ], [ -110.596344136403317, 27.565739214859988 ], [ -110.598353604196276, 27.569963465451995 ], [ -110.601334650654408, 27.570619687849479 ], [ -110.602597143869133, 27.574348142689093 ], [ -110.602239651345045, 27.576836675967265 ], [ -110.604492267160964, 27.58014810402798 ], [ -110.604631044168073, 27.582635433588244 ], [ -110.606000640723479, 27.583461316159898 ], [ -110.607110311328029, 27.58229768893796 ], [ -110.608352899807329, 27.582626326262101 ], [ -110.611468822832649, 27.585023371018863 ], [ -110.614976518736555, 27.590653332697201 ], [ -110.619724339993141, 27.59611421607708 ], [ -110.618489078979778, 27.597029493167891 ], [ -110.613998878779682, 27.593143446551057 ], [ -110.61326238872212, 27.594472040522884 ], [ -110.613677382720894, 27.601602307960516 ], [ -110.61480608767117, 27.603589615606296 ], [ -110.615677679139878, 27.604084962510637 ], [ -110.61876028747244, 27.600843226010063 ], [ -110.623341247388495, 27.599173101796744 ], [ -110.627185209602246, 27.598748572085256 ], [ -110.626453401649954, 27.600823524353817 ], [ -110.627828976243464, 27.602561323279932 ], [ -110.628218001294826, 27.60529674442574 ], [ -110.621543942783845, 27.609708813148956 ], [ -110.619704634115493, 27.613362064536897 ], [ -110.621445004814817, 27.613855167627367 ], [ -110.620835576757543, 27.61568100495758 ], [ -110.622575485294732, 27.616091173408044 ], [ -110.623705001696962, 27.618161328340555 ], [ -110.619488542912819, 27.618669619065845 ], [ -110.618749939939221, 27.61966655362864 ], [ -110.619004663116968, 27.620743893600523 ], [ -110.622111817659061, 27.621482286708122 ], [ -110.62373882126478, 27.623717012316376 ], [ -110.62227168231523, 27.627369332813224 ], [ -110.625181905039341, 27.636483266994823 ], [ -110.627048817570241, 27.637307664236037 ], [ -110.628038251116308, 27.636724646654628 ], [ -110.629110075858208, 27.62934181469782 ], [ -110.630725096686248, 27.629586364608649 ], [ -110.631497867638089, 27.63414504492259 ], [ -110.631084548571707, 27.647662378200877 ], [ -110.627555670001925, 27.659280591245729 ], [ -110.626060825041804, 27.658455239583905 ], [ -110.62666382389456, 27.655551428789632 ], [ -110.62067325472664, 27.650342721695598 ], [ -110.620534551640844, 27.647938348171536 ], [ -110.618545878621674, 27.64752877844953 ], [ -110.614961897392874, 27.650191275513471 ], [ -110.617077740671917, 27.651098106285641 ], [ -110.618856263088844, 27.657810263219826 ], [ -110.619011973533958, 27.663033919989861 ], [ -110.621280401548574, 27.668583900327167 ], [ -110.623146314099884, 27.669159591184009 ], [ -110.622790965193232, 27.67197982523599 ], [ -110.619072595500768, 27.673067249365953 ], [ -110.618199444949752, 27.672406082989013 ], [ -110.617045512003983, 27.666355731653315 ], [ -110.613528886213544, 27.659647895986581 ], [ -110.612256649516794, 27.654509928958813 ], [ -110.610882663476559, 27.653103665420826 ], [ -110.607649571506741, 27.652199479143015 ], [ -110.601333536985564, 27.654785353541616 ], [ -110.599711405618152, 27.65337957678933 ], [ -110.597983127733698, 27.655042122355692 ], [ -110.597868686133481, 27.656700820055718 ], [ -110.595508959276771, 27.656540564411561 ], [ -110.592639187927077, 27.654059667553888 ], [ -110.590898797253502, 27.653649120660475 ], [ -110.590411340161864, 27.655225757068454 ], [ -110.591417934701198, 27.657545209654558 ], [ -110.594413846943482, 27.660357519702231 ], [ -110.593808041774238, 27.662929498933632 ], [ -110.591202764120155, 27.663267271127243 ], [ -110.58836063384723, 27.665595646756241 ], [ -110.58701590667728, 27.669247267515331 ], [ -110.581679891920871, 27.669756943626059 ], [ -110.580569532269436, 27.67100326016828 ], [ -110.571016552272937, 27.672351154174947 ], [ -110.569044309059308, 27.674925984845274 ], [ -110.571936416881925, 27.681387509856613 ], [ -110.57144205009412, 27.681803193220986 ], [ -110.56820521618971, 27.68031764701205 ], [ -110.567715924258849, 27.681645433542606 ], [ -110.568604575219538, 27.685126183055072 ], [ -110.572726648377113, 27.68942908619594 ], [ -110.57545631358235, 27.689008476094525 ], [ -110.584930699602111, 27.695372104912906 ], [ -110.586293444526291, 27.694788548834818 ], [ -110.586397631440335, 27.691305639888835 ], [ -110.588503986424584, 27.690471594314442 ], [ -110.590849082510545, 27.687978545715591 ], [ -110.596194651783662, 27.688961082218544 ], [ -110.600074938516656, 27.694175885060723 ], [ -110.601548122186671, 27.691270129068783 ], [ -110.600763559570964, 27.684555413346107 ], [ -110.602448306847052, 27.675430055789278 ], [ -110.601998188820787, 27.662246672365416 ], [ -110.604480240622436, 27.662074837669696 ], [ -110.6059631812373, 27.660910338170599 ], [ -110.609068414853454, 27.661151509243886 ], [ -110.608964494692245, 27.664551538166233 ], [ -110.606152669237289, 27.671938401704214 ], [ -110.606199829551457, 27.679898715043951 ], [ -110.602595811897615, 27.700471826780262 ], [ -110.602371345211864, 27.704535484222959 ], [ -110.604049564573913, 27.715311132150728 ], [ -110.603564455303584, 27.717302397068316 ], [ -110.60106848531322, 27.715318295793601 ], [ -110.597836559634302, 27.714911386819978 ], [ -110.595477514109163, 27.715082796331 ], [ -110.589409338081509, 27.718247913106691 ], [ -110.588297134516068, 27.719245520513301 ], [ -110.586462460022204, 27.724224950276394 ], [ -110.588346315568003, 27.727786206670157 ], [ -110.588604320157245, 27.729444019763868 ], [ -110.587611930767793, 27.729695060131057 ], [ -110.580507841686099, 27.725648077382719 ], [ -110.573803525559597, 27.726326310931906 ], [ -110.570664976025441, 27.720445826630346 ], [ -110.564313825682888, 27.717557268865331 ], [ -110.563585518245119, 27.72062686247509 ], [ -110.561355092689254, 27.721626616486823 ], [ -110.558532189559529, 27.727851533541813 ], [ -110.55616601632785, 27.726778482912835 ], [ -110.554678038460281, 27.727279069720389 ], [ -110.549731014296356, 27.731352226507333 ], [ -110.552346132233879, 27.732507799699494 ], [ -110.553472326655637, 27.733998058165131 ], [ -110.555495341909264, 27.740461655002061 ], [ -110.561330038255079, 27.739620314081808 ], [ -110.562583415512378, 27.74160775157808 ], [ -110.561965412188343, 27.742189494043505 ], [ -110.568694352879973, 27.745740713656485 ], [ -110.573277935131401, 27.74332608239029 ], [ -110.57165255016551, 27.741505389587445 ], [ -110.571769818422325, 27.740261334201971 ], [ -110.573625020043494, 27.738764721226904 ], [ -110.575946691958762, 27.731877245057966 ], [ -110.57781061383902, 27.73195603571914 ], [ -110.57769389372325, 27.733283017695051 ], [ -110.579921115178465, 27.731702569027021 ], [ -110.583393870847473, 27.730699712257852 ], [ -110.585016920404613, 27.732105674533816 ], [ -110.588865199313773, 27.731599347218381 ], [ -110.589865739469801, 27.732757924294006 ], [ -110.584792196468243, 27.736252196335244 ], [ -110.587165531597776, 27.73848562887283 ], [ -110.5856837109759, 27.740064496040308 ], [ -110.590790472296163, 27.742291613073437 ], [ -110.593171756781956, 27.745851648247573 ], [ -110.591059092518748, 27.745773637819905 ], [ -110.591065325044227, 27.746851585135516 ], [ -110.597427601580534, 27.751231471026607 ], [ -110.598788068847412, 27.750150289248463 ], [ -110.59665161730878, 27.746009331287002 ], [ -110.596104369684426, 27.73738691497816 ], [ -110.598216391973878, 27.737381927607096 ], [ -110.598971520809343, 27.739038542800078 ], [ -110.603432375025022, 27.737037790880475 ], [ -110.60430545545384, 27.737616129406458 ], [ -110.605216777409225, 27.744662155855256 ], [ -110.602998930129402, 27.747818472198471 ], [ -110.601906049293632, 27.752132943664254 ], [ -110.605158199810674, 27.75577360779511 ], [ -110.609387889363049, 27.756592521592847 ], [ -110.612017622595062, 27.7599857881514 ], [ -110.613933208520265, 27.768604745396463 ], [ -110.61394910070841, 27.771258148361888 ], [ -110.612968783544659, 27.77358233591497 ], [ -110.598823915236792, 27.777513804522766 ], [ -110.593643038424958, 27.784242478743927 ], [ -110.590044854468729, 27.785328772783927 ], [ -110.586312796053491, 27.784756884620098 ], [ -110.585310876190036, 27.783432448682184 ], [ -110.581837401368816, 27.784601164855687 ], [ -110.579126996084966, 27.788836119069384 ], [ -110.579638760869472, 27.791405483892461 ], [ -110.577043968080503, 27.79414758270218 ], [ -110.581791006859333, 27.798282986671285 ], [ -110.584015716464236, 27.796039153560891 ], [ -110.593338452327913, 27.796017775886465 ], [ -110.593474779319834, 27.798090447354035 ], [ -110.588535960593674, 27.803906216156086 ], [ -110.589192388486808, 27.809957826032861 ], [ -110.591072982092641, 27.81268983572533 ], [ -110.593682303981211, 27.812435029566899 ], [ -110.599632759972337, 27.809518872109827 ], [ -110.602874316178969, 27.811086619236516 ], [ -110.591999841156294, 27.822472169091508 ], [ -110.590757465856981, 27.822640876747485 ], [ -110.589236807517537, 27.817669219587689 ], [ -110.587493837128505, 27.817258611654854 ], [ -110.581171533531901, 27.820506741576814 ], [ -110.577967070186062, 27.825489013879722 ], [ -110.574998394781588, 27.828231875806498 ], [ -110.576911240634558, 27.836685407046183 ], [ -110.569578332041615, 27.837364716936857 ], [ -110.563473275554344, 27.835221818010019 ], [ -110.55077728121492, 27.832926246195544 ], [ -110.548053744148177, 27.83517050813586 ], [ -110.548188356282935, 27.837077367906296 ], [ -110.546710852779697, 27.839816620355535 ], [ -110.542116432760011, 27.841069435624174 ], [ -110.539246184054633, 27.839167878635926 ], [ -110.53675739878021, 27.838840985062919 ], [ -110.530050211948208, 27.840346175535032 ], [ -110.523461214872242, 27.840689966522636 ], [ -110.518908049326598, 27.850067912326068 ], [ -110.51705061782188, 27.851646651899138 ], [ -110.515562864190954, 27.852561372016744 ], [ -110.508897231932366, 27.851417558915891 ], [ -110.507035761925565, 27.855390306758181 ], [ -110.510396569598456, 27.859523168200116 ], [ -110.510149763971384, 27.861591573836424 ], [ -110.512388384095985, 27.862085598183395 ], [ -110.527921158882123, 27.852637628853721 ], [ -110.536252749973215, 27.853785853170812 ], [ -110.548198551398002, 27.861547002985432 ], [ -110.552307099686459, 27.865595156162687 ], [ -110.557041468525483, 27.872455027341669 ], [ -110.563013509261054, 27.87459758969365 ], [ -110.568614614435816, 27.878064058546741 ], [ -110.575334251548426, 27.880784087479871 ], [ -110.593868909890233, 27.885292650141576 ], [ -110.605909629290466, 27.886777613395765 ], [ -110.618200479968309, 27.885530740127844 ], [ -110.629498969677215, 27.881966425526649 ], [ -110.632229863187007, 27.882295783411298 ], [ -110.641042530298051, 27.885682797234946 ], [ -110.643152524028409, 27.887005325540926 ], [ -110.643896530908123, 27.889735480873043 ], [ -110.643895622743898, 27.892631643304199 ], [ -110.641286372160806, 27.898839477499578 ], [ -110.645258978135558, 27.90024345755295 ], [ -110.647369163756466, 27.902062405980057 ], [ -110.652211539502829, 27.901645119004865 ], [ -110.655066932939349, 27.903049652196266 ], [ -110.658420269841528, 27.897751186410837 ], [ -110.662889775001062, 27.898575031166793 ], [ -110.664131643193898, 27.896257065187722 ], [ -110.662642129786803, 27.893858625233413 ], [ -110.661276575780974, 27.893115019641218 ], [ -110.64886216124178, 27.890642180758704 ], [ -110.64538797764952, 27.884107608646545 ], [ -110.635582303686533, 27.880473260227124 ], [ -110.631983715482704, 27.877248333661797 ], [ -110.63024607814998, 27.876752890810192 ], [ -110.629874812708266, 27.874187936324031 ], [ -110.626524812324178, 27.871045468539496 ], [ -110.623050259776093, 27.869144201408286 ], [ -110.619078810446439, 27.86823607439797 ], [ -110.618088824826685, 27.862775238399088 ], [ -110.610644728696514, 27.858144945496392 ], [ -110.610149209534214, 27.856655712051385 ], [ -110.610770515077434, 27.855414216503277 ], [ -110.613748995249352, 27.855578325986325 ], [ -110.620076997386974, 27.858388590282125 ], [ -110.646009844188569, 27.880135285173612 ], [ -110.662022076936822, 27.889059775185441 ], [ -110.671581227308465, 27.890954773674036 ], [ -110.679030115081602, 27.888548241833544 ], [ -110.684865182256033, 27.891935255327503 ], [ -110.708208137858577, 27.902005445352014 ], [ -110.731926410412214, 27.908926788037167 ], [ -110.772411340912257, 27.91540415276982 ], [ -110.774895765014662, 27.916393077487442 ], [ -110.785823449547337, 27.916374724053235 ], [ -110.791660690491867, 27.917192046391193 ], [ -110.820841290633183, 27.915979077932864 ], [ -110.828041558518876, 27.914475210609577 ], [ -110.841567693247285, 27.908406508869525 ], [ -110.853491283598856, 27.91044937738809 ], [ -110.85461446645887, 27.91392232708322 ], [ -110.850518505184937, 27.915089832138339 ], [ -110.841697709583201, 27.912295410643001 ], [ -110.838966375829372, 27.912632181355068 ], [ -110.834500862967715, 27.915951445027886 ], [ -110.819478235202382, 27.918215964554985 ], [ -110.815509786354497, 27.922443858092187 ], [ -110.813398430701909, 27.922282429529023 ], [ -110.811661564763909, 27.9236924704351 ], [ -110.811540014467141, 27.925844153873616 ], [ -110.813281744370883, 27.928323268207457 ], [ -110.815154516139899, 27.936180731003077 ], [ -110.817394049110604, 27.939238065301005 ], [ -110.821698347267684, 27.949979455008112 ], [ -110.827505988354261, 27.953677218120024 ], [ -110.829730941197425, 27.968423497883425 ], [ -110.836250740357116, 27.972582330467642 ], [ -110.840101741053218, 27.976473648539869 ], [ -110.84196534988051, 27.97961816388867 ], [ -110.845940934233539, 27.982765282118852 ], [ -110.848923059822468, 27.986903335315777 ], [ -110.850289715303077, 27.987483805179487 ], [ -110.850786249925605, 27.98525182960099 ], [ -110.850040216473175, 27.981447285642211 ], [ -110.852399728942771, 27.977398402830175 ], [ -110.859978063094985, 27.980549357976653 ], [ -110.865692208111398, 27.979894221695449 ], [ -110.860225613774105, 27.977159430276089 ], [ -110.860597788261117, 27.975340714584632 ], [ -110.857243380894133, 27.973269679906139 ], [ -110.856125072732027, 27.971697310335315 ], [ -110.857491218051848, 27.970789323241011 ], [ -110.859602918431406, 27.971039806158537 ], [ -110.858484351100358, 27.968475197401879 ], [ -110.855502877692004, 27.966652610076146 ], [ -110.855999301477809, 27.96483404913613 ], [ -110.860843713568286, 27.966079923965083 ], [ -110.86444576028633, 27.966083941855466 ], [ -110.856306468525375, 27.95792004351738 ], [ -110.85520835147446, 27.957893232428876 ], [ -110.850667299418831, 27.960762329461126 ], [ -110.849107513235779, 27.960196102587158 ], [ -110.850139836315222, 27.959190488001326 ], [ -110.848993701472651, 27.958912964887862 ], [ -110.844349358497141, 27.953057249910376 ], [ -110.853971423411068, 27.9469222023897 ], [ -110.85568298884553, 27.943212481226659 ], [ -110.854395367622956, 27.942453355448233 ], [ -110.852653726310777, 27.942637078990206 ], [ -110.852846369234186, 27.941833120779133 ], [ -110.860424631397379, 27.939304800055595 ], [ -110.860861769220264, 27.937897954030237 ], [ -110.855413424058696, 27.936407728972195 ], [ -110.854770717237457, 27.935231734543155 ], [ -110.856286341648399, 27.934692059572924 ], [ -110.858024777103921, 27.936858922664577 ], [ -110.859939469504852, 27.937433077725697 ], [ -110.861359429869012, 27.936303875388653 ], [ -110.859802081069617, 27.935948325570049 ], [ -110.858793844241475, 27.934632794661379 ], [ -110.860765318674439, 27.931634646305532 ], [ -110.861449086926797, 27.927954730611205 ], [ -110.860683790527347, 27.927319904612197 ], [ -110.86044366453153, 27.924489614758048 ], [ -110.861348998179949, 27.92452145850007 ], [ -110.861834796295838, 27.925867378888061 ], [ -110.865576656801991, 27.925277797829654 ], [ -110.868471549794748, 27.926630902450345 ], [ -110.866357714903273, 27.9160616577723 ], [ -110.873406235731366, 27.916188718162228 ], [ -110.873403330661304, 27.915332577041514 ], [ -110.873702331962562, 27.917709319422052 ], [ -110.872952888869577, 27.919228929249797 ], [ -110.873890297826676, 27.920793844370476 ], [ -110.875294778647088, 27.920316110449942 ], [ -110.876607063906036, 27.922822159402013 ], [ -110.876301547120832, 27.923931930678037 ], [ -110.880080239068647, 27.924221513774764 ], [ -110.881842805784842, 27.921261000404883 ], [ -110.883195854142571, 27.920465260484054 ], [ -110.883871142184759, 27.922727519061336 ], [ -110.883156925360524, 27.923655668740242 ], [ -110.883452418104824, 27.924914217334734 ], [ -110.886477551911383, 27.924097810109576 ], [ -110.887404662853896, 27.922174665919936 ], [ -110.889805959694371, 27.921856713794639 ], [ -110.891163306577454, 27.920352409367286 ], [ -110.89021024396537, 27.913664182283146 ], [ -110.893589386192218, 27.909047869704835 ], [ -110.894520621105102, 27.907050030640459 ], [ -110.894029578487917, 27.90667067041236 ], [ -110.894612651125314, 27.90681503534498 ], [ -110.894970059725864, 27.905779100094179 ], [ -110.896454146671886, 27.906758864244857 ], [ -110.89574053561428, 27.907588252042057 ], [ -110.895637789898117, 27.907736889293428 ], [ -110.895632200966517, 27.907933572671819 ], [ -110.899174800505364, 27.907845062344066 ], [ -110.899435484579641, 27.905705406663895 ], [ -110.898178238570253, 27.903403398786562 ], [ -110.900742372077431, 27.903104692237758 ], [ -110.902448378762401, 27.899750890935739 ], [ -110.904963578851266, 27.898059249394166 ], [ -110.906556353599427, 27.897901227104899 ], [ -110.907113723967001, 27.896838967401258 ], [ -110.907340780207193, 27.893088637320041 ], [ -110.906767508711525, 27.892702470996205 ], [ -110.903451416680753, 27.892687624184489 ], [ -110.900621850411667, 27.894146192492425 ], [ -110.90012844337069, 27.896319428372898 ], [ -110.897561172227569, 27.896917480821443 ], [ -110.898758715814637, 27.894157400801383 ], [ -110.896079277831035, 27.893791047338201 ], [ -110.894623673331097, 27.896459817222631 ], [ -110.891019515372463, 27.898027528798895 ], [ -110.890965834934917, 27.898674538042297 ], [ -110.89043263489053, 27.898020781459376 ], [ -110.890823958513806, 27.899129874706475 ], [ -110.890368670544177, 27.898344256450084 ], [ -110.889516382332033, 27.898579152962522 ], [ -110.891242362170402, 27.901451424295871 ], [ -110.892996207799101, 27.901248630426267 ], [ -110.893076942316924, 27.901842347060445 ], [ -110.890764362574714, 27.902145213027381 ], [ -110.890215489144936, 27.902992853829687 ], [ -110.887572108689668, 27.901765722752874 ], [ -110.886668633398941, 27.90358991854275 ], [ -110.887675552091508, 27.904306896587954 ], [ -110.885980607966772, 27.905602747735657 ], [ -110.886452903431973, 27.903643138392219 ], [ -110.885135431496337, 27.902388777555554 ], [ -110.882174348387025, 27.904032174861804 ], [ -110.87956383533394, 27.90191914951922 ], [ -110.880877086344739, 27.900506829299534 ], [ -110.885022491387872, 27.902200221848609 ], [ -110.88651828523065, 27.8985861401747 ], [ -110.884968268510832, 27.896637418123085 ], [ -110.880803479026113, 27.896696700009457 ], [ -110.876873475507537, 27.898596707843232 ], [ -110.873125263167537, 27.8991115778439 ], [ -110.871114567403552, 27.901248750667019 ], [ -110.869862278515598, 27.901831804498997 ], [ -110.868922717898585, 27.901080209171454 ], [ -110.866413479995018, 27.903135170815712 ], [ -110.860329407419272, 27.900920759606073 ], [ -110.858963551065571, 27.899430807163043 ], [ -110.858839228439194, 27.898686464586401 ], [ -110.860576596962545, 27.896951968217362 ], [ -110.862314219449118, 27.896292406840455 ], [ -110.868138274003599, 27.896336013087694 ], [ -110.863937134125408, 27.894357264623032 ], [ -110.860408490393837, 27.895555706610889 ], [ -110.859489081632873, 27.896627959944571 ], [ -110.860203453857793, 27.894140120042135 ], [ -110.86206463949776, 27.891661542056305 ], [ -110.867152519647561, 27.888111505330279 ], [ -110.871618749399104, 27.882576087545775 ], [ -110.872114169428968, 27.879847862290845 ], [ -110.871142105797389, 27.876982770302437 ], [ -110.868869322382011, 27.878261419420049 ], [ -110.865935957708359, 27.877787242942915 ], [ -110.866031497840865, 27.875872289402739 ], [ -110.868249398321382, 27.874782996581875 ], [ -110.870002635851236, 27.875215042092311 ], [ -110.871119181418024, 27.874141260492834 ], [ -110.870124654213782, 27.869426919721793 ], [ -110.87086830129914, 27.866864335087381 ], [ -110.872232594768391, 27.864881220389094 ], [ -110.87843724493986, 27.864887556440959 ], [ -110.880049968583307, 27.863814195135575 ], [ -110.881041216374328, 27.860590281389559 ], [ -110.876943821474555, 27.854715251917327 ], [ -110.877314547120505, 27.851159974762982 ], [ -110.882648339856345, 27.847940345876911 ], [ -110.885497050094074, 27.838020311142216 ], [ -110.890460184068061, 27.839182578490934 ], [ -110.892570066674153, 27.84059021010243 ], [ -110.889967658711186, 27.846045373818942 ], [ -110.890590105178447, 27.84984966501252 ], [ -110.89195596215319, 27.851670072887753 ], [ -110.897417621089929, 27.85531322419445 ], [ -110.90039591105382, 27.855811893491101 ], [ -110.903993756463223, 27.854987970795108 ], [ -110.905856579358712, 27.857304780790276 ], [ -110.906726611370118, 27.85937271220066 ], [ -110.904869636018631, 27.865738316068235 ], [ -110.906855718778971, 27.866566799078072 ], [ -110.908963733536311, 27.86433583883176 ], [ -110.915419177669378, 27.867730973540898 ], [ -110.917653110834252, 27.867980655904379 ], [ -110.921745818057644, 27.865006698880983 ], [ -110.923855898956816, 27.865586953833009 ], [ -110.925345887790854, 27.866580216749341 ], [ -110.927085849684957, 27.869558171547222 ], [ -110.926219259454285, 27.871955601695948 ], [ -110.926222372379144, 27.875511246598041 ], [ -110.933423828983052, 27.879071398032043 ], [ -110.935533847551397, 27.879238026956873 ], [ -110.941728637302845, 27.868739960004142 ], [ -110.944085374930083, 27.867666249385039 ], [ -110.949917635748704, 27.867421106743198 ], [ -110.951782750150244, 27.870729568128638 ], [ -110.950425820197907, 27.878170971928547 ], [ -110.951795694840783, 27.882388773254071 ], [ -110.94994005324142, 27.887928073995681 ], [ -110.952175309866604, 27.888921400462117 ], [ -110.955153545320385, 27.888343926570467 ], [ -110.961862092787825, 27.893390773615632 ], [ -110.963603783974051, 27.896616325377416 ], [ -110.9634861991359, 27.901991071206275 ], [ -110.965597527161378, 27.902818752736298 ], [ -110.966841680016344, 27.905051807634205 ], [ -110.964981019248171, 27.906208775175983 ], [ -110.960510586754026, 27.90504939581102 ], [ -110.957767819714064, 27.905542635605659 ], [ -110.955518517732699, 27.90886807150601 ], [ -110.953594977999018, 27.910242573440911 ], [ -110.951825774692708, 27.910387166965332 ], [ -110.950094532417793, 27.911607944871221 ], [ -110.94735425160566, 27.911615466330801 ], [ -110.945852877136105, 27.914493273719795 ], [ -110.946234775505559, 27.919976879536289 ], [ -110.949318550238587, 27.926153337698679 ], [ -110.951010694327977, 27.926871410558793 ], [ -110.952213373702918, 27.925428370518095 ], [ -110.95112561037719, 27.92793910099218 ], [ -110.95278031923749, 27.926376639113268 ], [ -110.957569643524479, 27.925353253814443 ], [ -110.96972481645723, 27.926965365396718 ], [ -110.972209601474688, 27.928123823250058 ], [ -110.974574746953607, 27.932672437203326 ], [ -110.979673767327398, 27.938544777127703 ], [ -110.98030089613053, 27.94309281455379 ], [ -110.97857120202967, 27.949624746959909 ], [ -110.975345004161838, 27.951691040353108 ], [ -110.975969161901645, 27.954089188956623 ], [ -110.97348417601134, 27.953261556791823 ], [ -110.972870753645296, 27.959049553883432 ], [ -110.971508816753982, 27.962356653054481 ], [ -110.97114397918601, 27.968392779920627 ], [ -110.976614820680993, 27.972528872007164 ], [ -110.979097006526914, 27.97095848641397 ], [ -110.983435472390454, 27.964509900810992 ], [ -110.979582003189108, 27.962276346285577 ], [ -110.977342539386882, 27.959464329118774 ], [ -110.976842186424491, 27.956818158807188 ], [ -110.978208031646631, 27.956570476849468 ], [ -110.982557265603475, 27.958225374847249 ], [ -110.979819437673925, 27.95425563584449 ], [ -110.981557714575487, 27.953925329897292 ], [ -110.987027393797689, 27.957482197628728 ], [ -110.995973989654843, 27.960295204479841 ], [ -111.012693474235775, 27.962555141750631 ], [ -111.021972098928629, 27.962271617204756 ], [ -111.029716765564018, 27.960375591744288 ], [ -111.033800256460168, 27.957011093641778 ], [ -111.040565029252051, 27.956669372171099 ], [ -111.041459565596043, 27.955932330957065 ], [ -111.040713292166913, 27.953402748686521 ], [ -111.042398420505009, 27.952546384118438 ], [ -111.042607147281984, 27.950689972821117 ], [ -111.043409509526356, 27.950437945148416 ], [ -111.045362911824412, 27.95175234212876 ], [ -111.05002364791396, 27.949946884330675 ], [ -111.050906169945819, 27.944696156100406 ], [ -111.049048013293046, 27.941710370082383 ], [ -111.049083665089427, 27.940003768858507 ], [ -111.050687924449747, 27.942138825763113 ], [ -111.055185654851869, 27.941614427835372 ], [ -111.057752403236535, 27.937480953902117 ], [ -111.058969278132068, 27.941344765582642 ], [ -111.057984520783037, 27.943298886414286 ], [ -111.059335694009235, 27.94395106929132 ], [ -111.059576881751468, 27.946209692091379 ], [ -111.057758902399101, 27.948348431322376 ], [ -111.055680509382427, 27.947362970012847 ], [ -111.054461026427063, 27.948012297373289 ], [ -111.05577766310104, 27.948430561555792 ], [ -111.054308690035867, 27.948428909667296 ], [ -111.053892841540858, 27.947562024872461 ], [ -111.053450523838748, 27.948812319940462 ], [ -111.058496800608111, 27.949824190271965 ], [ -111.061361025004885, 27.952453182272119 ], [ -111.062198446877815, 27.95509637751449 ], [ -111.065211911490579, 27.954525222255025 ], [ -111.065876848279373, 27.953381649940734 ], [ -111.065148355922616, 27.948379921392743 ], [ -111.065616966856581, 27.946997346374111 ], [ -111.06481980572083, 27.94484334490026 ], [ -111.065091201312256, 27.941203534758635 ], [ -111.063618236929528, 27.94035908730535 ], [ -111.06256193706443, 27.941080141750042 ], [ -111.062279926161821, 27.938964381632939 ], [ -111.060729750273993, 27.936580688874074 ], [ -111.057809391071558, 27.935633227193414 ], [ -111.059945554464448, 27.935094706612453 ], [ -111.0585914804401, 27.933261099548353 ], [ -111.059873154194904, 27.932944308625647 ], [ -111.059588005012586, 27.932406824822174 ], [ -111.061725120328248, 27.933670842237198 ], [ -111.063687140883275, 27.939868242887218 ], [ -111.066109114732498, 27.940784195395167 ], [ -111.066463369655708, 27.937779750882765 ], [ -111.068245119356931, 27.939897683216955 ], [ -111.0709512218708, 27.939611700021814 ], [ -111.077517058377808, 27.934615130341506 ], [ -111.080335226741653, 27.933633866982788 ], [ -111.081989820342372, 27.933687316752863 ], [ -111.0870784826582, 27.936731986799192 ], [ -111.089099252911694, 27.934880248217397 ], [ -111.089406237339276, 27.935587572750279 ], [ -111.088304687100646, 27.937438729261331 ], [ -111.090813275521924, 27.938860125808091 ], [ -111.092551960731697, 27.938941860704986 ], [ -111.09428303818521, 27.935881412513634 ], [ -111.096888673318148, 27.935053023778327 ], [ -111.099746496991742, 27.935795516006419 ], [ -111.102477500141106, 27.93546307691954 ], [ -111.104469271161548, 27.937446339493121 ], [ -111.103485605855852, 27.941333327609701 ], [ -111.104731782691545, 27.943068989900983 ], [ -111.102874011364506, 27.945054695870432 ], [ -111.096417419281565, 27.94547205369804 ], [ -111.095303573586619, 27.947043779239458 ], [ -111.096938237819799, 27.955311669270909 ], [ -111.099933481603145, 27.961180748358817 ], [ -111.10192444256721, 27.962667910487124 ], [ -111.11024765015415, 27.963241288488284 ], [ -111.113101583230772, 27.962164360366032 ], [ -111.114215325094975, 27.960592494546948 ], [ -111.11657364850133, 27.96001197607432 ], [ -111.117450255052759, 27.962740045536531 ], [ -111.116956700652736, 27.963980731222712 ], [ -111.113235239534816, 27.96580254763126 ], [ -111.115229496272278, 27.968447147694821 ], [ -111.115609280118193, 27.97117558235778 ], [ -111.118723622896027, 27.974563507746922 ], [ -111.123452603762303, 27.977784734383395 ], [ -111.128049270229809, 27.977946447883461 ], [ -111.13164232723625, 27.974553268617811 ], [ -111.134504200384384, 27.976287285039856 ], [ -111.133397731443864, 27.980422632856822 ], [ -111.134147005920198, 27.981827687619546 ], [ -111.137632122514304, 27.984222603847339 ], [ -111.140243293403188, 27.985047151768153 ], [ -111.144218422608532, 27.984960819632548 ], [ -111.149307008681262, 27.983302228925748 ], [ -111.1515514173837, 27.986111425972645 ], [ -111.154412681238057, 27.987431584914304 ], [ -111.15813169425175, 27.984781784091094 ], [ -111.158886314300631, 27.987840453620208 ], [ -111.166220932580217, 27.989403713651807 ], [ -111.166604120516169, 27.992793493878395 ], [ -111.171200962321237, 27.992788387257715 ], [ -111.174055582817942, 27.991875573531718 ], [ -111.177680405556714, 27.998734442352522 ], [ -111.183171640135868, 28.006252452516947 ], [ -111.188060291418878, 28.019228357084547 ], [ -111.190179988027396, 28.021375560339685 ], [ -111.192544457046921, 28.022364793306352 ], [ -111.197890981864049, 28.023184698507599 ], [ -111.204122021300918, 28.028220238063692 ], [ -111.206491921662689, 28.030697591217731 ], [ -111.20862546007389, 28.036648093296058 ], [ -111.210624511341081, 28.039622012668865 ], [ -111.213741459203959, 28.042346236237819 ], [ -111.225319295459101, 28.047372994873403 ], [ -111.240241055489122, 28.048837817896271 ], [ -111.241621237219846, 28.052225718962227 ], [ -111.240503415058541, 28.052475610551109 ], [ -111.239890932647256, 28.05487452746009 ], [ -111.243006224599313, 28.056853897649987 ], [ -111.247227746127251, 28.055523868797486 ], [ -111.249455429223161, 28.052956811399373 ], [ -111.254182018249864, 28.053692879191747 ], [ -111.255928821940131, 28.055343574435121 ], [ -111.252838461538502, 28.059814019618603 ], [ -111.252599167284032, 28.062212345567971 ], [ -111.253473910393453, 28.06336844908256 ], [ -111.257456689099115, 28.064519117848814 ], [ -111.256597171032979, 28.067249284075029 ], [ -111.258966514504124, 28.06906421719167 ], [ -111.26009626365159, 28.071790869344191 ], [ -111.264454400267368, 28.073436782944654 ], [ -111.266203344145381, 28.075500768759071 ], [ -111.275805546245167, 28.082428590220822 ], [ -111.275310898219089, 28.083091016087767 ], [ -111.276438825789427, 28.085238724743618 ], [ -111.273463015660639, 28.087311495776227 ], [ -111.278939748711153, 28.088624093664912 ], [ -111.281687466100692, 28.091512819811953 ], [ -111.284343904160622, 28.102256847173116 ], [ -111.286843032970154, 28.105063261681266 ], [ -111.285496893805274, 28.110275129567746 ], [ -111.285756423031089, 28.112837883519255 ], [ -111.289992931955226, 28.114648576330815 ], [ -111.290376257635288, 28.117045700207289 ], [ -111.289757161173313, 28.11770842410052 ], [ -111.294385871173745, 28.123900541354811 ], [ -111.294039635759034, 28.1301853582295 ], [ -111.297030489032707, 28.13141954544869 ], [ -111.297661048524887, 28.133402706782739 ], [ -111.299279677603437, 28.133730114306683 ], [ -111.300391732239262, 28.131991413993909 ], [ -111.301887031033488, 28.132567103490022 ], [ -111.302018280136423, 28.134137856256697 ], [ -111.303518681504713, 28.135871114974989 ], [ -111.315234747145226, 28.140807171302125 ], [ -111.315245871189191, 28.143287710294828 ], [ -111.312887968701801, 28.144615804836469 ], [ -111.313144916577158, 28.146434327035436 ], [ -111.31526478458936, 28.147504624511352 ], [ -111.316891120340244, 28.149485512108726 ], [ -111.318633719230235, 28.149647045621471 ], [ -111.321765976280162, 28.154435839681469 ], [ -111.327000508431169, 28.156325819224072 ], [ -111.330993625105975, 28.158797253000014 ], [ -111.33025393909584, 28.16028728451727 ], [ -111.333051811673272, 28.173262393031884 ], [ -111.332579792649867, 28.178803376736333 ], [ -111.331472005847573, 28.181451850309568 ], [ -111.332617485054342, 28.186906406882059 ], [ -111.332018233822126, 28.191868879026067 ], [ -111.33490918761143, 28.197898159045039 ], [ -111.337905891847498, 28.199875575824375 ], [ -111.340148413849121, 28.200283706347612 ], [ -111.341025619099554, 28.201521895207396 ], [ -111.340292037757152, 28.204334911467978 ], [ -111.341803842908291, 28.208134809749517 ], [ -111.348296544889891, 28.212170736095196 ], [ -111.351782269205884, 28.212162226329973 ], [ -111.352656903367759, 28.212821552451445 ], [ -111.355917842830891, 28.217774551959707 ], [ -111.356110346331604, 28.220637778328705 ], [ -111.360499072109263, 28.219934447457224 ], [ -111.363811138169581, 28.221272008215625 ], [ -111.372269961589495, 28.218446868849643 ], [ -111.375182915123034, 28.220435743782911 ], [ -111.373998166321002, 28.222059426604059 ], [ -111.37500868810946, 28.224905723892508 ], [ -111.377276921059959, 28.227456289198891 ], [ -111.376046966480416, 28.230238871730574 ], [ -111.372189917277325, 28.23327818090695 ], [ -111.373564272985192, 28.236383442631542 ], [ -111.374038235994419, 28.240208899698267 ], [ -111.377684598348878, 28.245781909079838 ], [ -111.380845354280225, 28.244628652903508 ], [ -111.385350858962227, 28.250557297259164 ], [ -111.38674413218186, 28.256397590228918 ], [ -111.385657928192032, 28.258687114260624 ], [ -111.386575783741463, 28.263933840303284 ], [ -111.389897385075969, 28.271486079771396 ], [ -111.394593318844201, 28.275762366420167 ], [ -111.396445242867472, 28.276229065399864 ], [ -111.399699131929225, 28.275906662432376 ], [ -111.404415792126272, 28.273222289998692 ], [ -111.406772238060341, 28.273537344987101 ], [ -111.408020387500002, 28.276721493298446 ], [ -111.410293712129246, 28.279188695149454 ], [ -111.411510039126526, 28.283200579628161 ], [ -111.414607432583438, 28.286933904043572 ], [ -111.418682297028695, 28.287960003348374 ], [ -111.421942851205785, 28.287471513439126 ], [ -111.424002717047443, 28.289020933305771 ], [ -111.424386081710509, 28.29201489707998 ], [ -111.425698751303599, 28.293543320908565 ], [ -111.43249825339268, 28.295059711284321 ], [ -111.435440349226411, 28.299616831862384 ], [ -111.439334118426899, 28.302128814178506 ], [ -111.44145237204097, 28.30541976793068 ], [ -111.448399612830215, 28.306359389767078 ], [ -111.449613594713384, 28.30722188223492 ], [ -111.449247138264965, 28.310277708376752 ], [ -111.450726168676738, 28.310733244991948 ], [ -111.449928001801524, 28.312036862655095 ], [ -111.455320667570504, 28.314507238773587 ], [ -111.45657708164687, 28.317525347773334 ], [ -111.455305934249722, 28.318152915802713 ], [ -111.455379857632224, 28.319480821531101 ], [ -111.453638849345609, 28.319349513078318 ], [ -111.453005319814892, 28.326126859235707 ], [ -111.458746499007219, 28.335816045378724 ], [ -111.458779349833662, 28.338220050416556 ], [ -111.459968475771788, 28.339744659960253 ], [ -111.460141781942312, 28.341738237618195 ], [ -111.459173374613542, 28.340965550061689 ], [ -111.458391362748742, 28.351633425381305 ], [ -111.457076675034571, 28.356651661951421 ], [ -111.454814377825016, 28.357085960380733 ], [ -111.452875245168372, 28.358855056229046 ], [ -111.451548695015916, 28.357658029739792 ], [ -111.446087265006042, 28.356925859429872 ], [ -111.441453805511458, 28.357376693345273 ], [ -111.433455794537849, 28.360965087619753 ], [ -111.432551523461441, 28.361768455296975 ], [ -111.433337983781499, 28.364027824235087 ], [ -111.436310694194759, 28.3678398696191 ], [ -111.439784724335027, 28.368351217478796 ], [ -111.440369783204105, 28.369361932791605 ], [ -111.43120721749969, 28.370763212174605 ], [ -111.431300002397762, 28.371594464533505 ], [ -111.445069708817456, 28.37695089506515 ], [ -111.45149868369505, 28.381770371394563 ], [ -111.449390315533549, 28.37491676117963 ], [ -111.450754123827338, 28.371888718332503 ], [ -111.456914395353664, 28.367419601032381 ], [ -111.454746898142005, 28.365370590903414 ], [ -111.454570480089771, 28.363459789524921 ], [ -111.458383544446974, 28.364891607538215 ], [ -111.456675458136118, 28.360618032888876 ], [ -111.457074679730312, 28.359966207921147 ], [ -111.459068781824882, 28.360021610718928 ], [ -111.461240712182203, 28.365219541871639 ], [ -111.47097987098519, 28.374853218010355 ], [ -111.491497208856003, 28.386606249913289 ], [ -111.50734427415334, 28.393256293554607 ], [ -111.51685349901868, 28.395919617739739 ], [ -111.524658306994397, 28.400773058344267 ], [ -111.545088126967798, 28.405140464146132 ], [ -111.551625340379758, 28.407223456241898 ], [ -111.555484498997828, 28.407493623139398 ], [ -111.563867752406153, 28.410288821991401 ], [ -111.574052535694648, 28.411640486365172 ], [ -111.591748245300224, 28.419158660955947 ], [ -111.600443293125522, 28.423699929343474 ], [ -111.615231791983078, 28.428899999879839 ], [ -111.622565811637045, 28.433154986995508 ], [ -111.630453889455183, 28.435932774169547 ], [ -111.639501910742055, 28.441143624074495 ], [ -111.647512721437948, 28.444006475971889 ], [ -111.662955561521102, 28.445075508750637 ], [ -111.673924996723784, 28.449008660719411 ], [ -111.691590214499939, 28.450795375869525 ], [ -111.705204709591698, 28.454131911149254 ], [ -111.710726189057453, 28.456843495520843 ], [ -111.710862842023928, 28.459995544972855 ], [ -111.710188588836743, 28.461386634199897 ], [ -111.70881035517742, 28.461516655334986 ], [ -111.70583424216089, 28.457462464661532 ], [ -111.702575886467827, 28.457792234918383 ], [ -111.694024857088124, 28.455995816761689 ], [ -111.692085601969097, 28.454371090983692 ], [ -111.686982999656209, 28.453906766277392 ], [ -111.687436419203308, 28.458641398148018 ], [ -111.688766857269869, 28.459836049872465 ], [ -111.69583299434565, 28.461262770423385 ], [ -111.695110824046282, 28.463978244756145 ], [ -111.698826352811182, 28.468300448961351 ], [ -111.696839106879239, 28.468000255501938 ], [ -111.695817164174599, 28.468636543216302 ], [ -111.696755647282671, 28.47031805242958 ], [ -111.700133215133121, 28.470157211091621 ], [ -111.700860956353324, 28.470756092220878 ], [ -111.698635683334118, 28.473598270201261 ], [ -111.699188030699787, 28.475601152181955 ], [ -111.703201515609251, 28.475125315595719 ], [ -111.706389041361149, 28.476782204914205 ], [ -111.710610465549763, 28.473991586913499 ], [ -111.707408176227204, 28.469268757702238 ], [ -111.709050893777714, 28.468731318154052 ], [ -111.708510286140438, 28.466397362535869 ], [ -111.711852077966526, 28.4672295750686 ], [ -111.712371983535675, 28.470142965788149 ], [ -111.711691952502903, 28.482139392993506 ], [ -111.713052877608959, 28.48946584792332 ], [ -111.715097313623573, 28.495152837080891 ], [ -111.719709444944229, 28.502397446962821 ], [ -111.729618829589128, 28.515246632409056 ], [ -111.73435387748458, 28.519096789692927 ], [ -111.737701431425933, 28.523325434841592 ], [ -111.739997543833468, 28.529018391205245 ], [ -111.741706160415617, 28.537181844254928 ], [ -111.74694752448417, 28.547921280457128 ], [ -111.754825680468386, 28.568918654812048 ], [ -111.760595975769789, 28.578925205749496 ], [ -111.76318323862138, 28.590590382792968 ], [ -111.771840368183433, 28.600338342303775 ], [ -111.773759459197265, 28.606186640935316 ], [ -111.778944510802006, 28.611620524057066 ], [ -111.789028687105798, 28.619994869333347 ], [ -111.812438650607334, 28.63359120080549 ], [ -111.830872895446078, 28.64656218398726 ], [ -111.852368593000747, 28.657949293942963 ], [ -111.857995188201826, 28.661650937758758 ], [ -111.868206835208056, 28.670270518619894 ], [ -111.884398566403092, 28.686989230978185 ], [ -111.907189799249139, 28.704063274927005 ], [ -111.909246716223677, 28.711951818302531 ], [ -111.923253625735299, 28.717516205039363 ], [ -111.924226004525323, 28.71869190643611 ], [ -111.925322979184386, 28.730030611342332 ], [ -111.926650521659454, 28.732039358357564 ], [ -111.931552165181174, 28.736348885949614 ], [ -111.937335631411727, 28.745549269574834 ], [ -111.942262656345051, 28.74886759031007 ], [ -111.950100901815873, 28.756042489786545 ], [ -111.950645960032219, 28.75935733778925 ], [ -111.945917700140356, 28.763229885461804 ], [ -111.939039352062949, 28.762847236665777 ], [ -111.934763220655526, 28.763589289376238 ], [ -111.932655627346207, 28.762721784798241 ], [ -111.921239137327575, 28.768609501005272 ], [ -111.91665499369374, 28.771657872867845 ], [ -111.903637504639178, 28.786433944152265 ], [ -111.900614194652931, 28.78711725992747 ], [ -111.90220299373604, 28.783679415207391 ], [ -111.904881431617966, 28.78175012391096 ], [ -111.903416115194517, 28.78023408460535 ], [ -111.901121501976817, 28.78184056110241 ], [ -111.898114787582401, 28.781863296436256 ], [ -111.895714017228784, 28.77768512288635 ], [ -111.895878384831391, 28.776118878469124 ], [ -111.893417986226552, 28.774335052367668 ], [ -111.890900665383398, 28.769824019918524 ], [ -111.890849862831359, 28.7668491631932 ], [ -111.887818682887854, 28.757867012097829 ], [ -111.884903757314021, 28.754256550825893 ], [ -111.881587929307898, 28.746672826794537 ], [ -111.87965604396085, 28.743825408565005 ], [ -111.877261606685408, 28.744438177361289 ], [ -111.876715311651424, 28.74624456375825 ], [ -111.878507479551402, 28.749667470187688 ], [ -111.877337469373856, 28.751378724276005 ], [ -111.874504580966999, 28.749504418260916 ], [ -111.871738676238365, 28.749944409098994 ], [ -111.865424558397422, 28.757004020191591 ], [ -111.857822653750247, 28.760485181016715 ], [ -111.858128799485726, 28.768173902841699 ], [ -111.860897141668147, 28.772608071196466 ], [ -111.859730775460577, 28.774154047837946 ], [ -111.864260359349117, 28.778293285856204 ], [ -111.864834147029512, 28.780370046948679 ], [ -111.859037667080884, 28.781739940080723 ], [ -111.856736041931825, 28.783593373455616 ], [ -111.857007000822577, 28.787729234737842 ], [ -111.849727859223719, 28.793199141289168 ], [ -111.848538012571169, 28.795653242006342 ], [ -111.848873763000697, 28.797229599349219 ], [ -111.852613369072174, 28.79796625587457 ], [ -111.854919566391914, 28.795947758165227 ], [ -111.856171675598233, 28.795973092477492 ], [ -111.859779799311823, 28.79695471286783 ], [ -111.86632846539618, 28.800556346556267 ], [ -111.870243490241805, 28.799313471697502 ], [ -111.873248648936794, 28.799373911141416 ], [ -111.880266159463829, 28.794310563483876 ], [ -111.882918341374761, 28.793455042519959 ], [ -111.888924187984557, 28.793740427534615 ], [ -111.890335769524285, 28.797403314186553 ], [ -111.889891932303627, 28.800120457759533 ], [ -111.887260331533611, 28.800150466748274 ], [ -111.883124963549506, 28.805189315251198 ], [ -111.883008929315082, 28.809812954377254 ], [ -111.881787750810616, 28.808549398235709 ], [ -111.880025533340898, 28.803888113640106 ], [ -111.875774275871805, 28.803554994059571 ], [ -111.876573961696877, 28.806627498309808 ], [ -111.87532434123365, 28.81147620463485 ], [ -111.880866351888457, 28.815304668448285 ], [ -111.887977810200724, 28.816520860133281 ], [ -111.890944212335015, 28.818149625840153 ], [ -111.892283952746681, 28.824702236900986 ], [ -111.896780416680699, 28.825287498679263 ], [ -111.898921955055144, 28.824834497876555 ], [ -111.902623996776654, 28.822099526920191 ], [ -111.902104751590002, 28.817793710617622 ], [ -111.900712738641744, 28.818344271329863 ], [ -111.901016428003643, 28.821241511723443 ], [ -111.900129447774503, 28.821636898912828 ], [ -111.898647146364041, 28.820781346155528 ], [ -111.897805489262538, 28.819360292167023 ], [ -111.897530744158374, 28.815307133648911 ], [ -111.89410466393656, 28.812017226577971 ], [ -111.893779154379786, 28.804989215812324 ], [ -111.895084998369128, 28.802867497046631 ], [ -111.898478274775925, 28.802439471619468 ], [ -111.899395988781663, 28.800805622293179 ], [ -111.902452608483827, 28.798801285593754 ], [ -111.906106415117577, 28.797965226232964 ], [ -111.908828278870132, 28.799340940719429 ], [ -111.909413327966931, 28.801004659019519 ], [ -111.908855013336733, 28.803306544636591 ], [ -111.904710438138764, 28.803719907038275 ], [ -111.904191059342807, 28.804453040537666 ], [ -111.904979253300098, 28.808020747125223 ], [ -111.901347436166532, 28.812987518662975 ], [ -111.902193200873867, 28.81424342222488 ], [ -111.906420310731107, 28.815566475891995 ], [ -111.912244610002546, 28.813121184536428 ], [ -111.915180576577598, 28.81598788369757 ], [ -111.914663260966847, 28.816638491083783 ], [ -111.915509213797364, 28.81789430627958 ], [ -111.914698427983566, 28.82027381967881 ], [ -111.919691680856602, 28.821033359628689 ], [ -111.924893842748844, 28.818410027201526 ], [ -111.925568954653102, 28.816440813566718 ], [ -111.923447334058437, 28.811029659489442 ], [ -111.92116804612931, 28.806937029203226 ], [ -111.912184273856923, 28.795359795774225 ], [ -111.911989184427298, 28.793125576694994 ], [ -111.913395140540644, 28.791996950815857 ], [ -111.917882114149322, 28.792911801182537 ], [ -111.920216109482098, 28.794775249218429 ], [ -111.920665887010699, 28.796849267977709 ], [ -111.924764040595107, 28.803373349933761 ], [ -111.929523451915543, 28.808506010670982 ], [ -111.932513822377786, 28.81426455772187 ], [ -111.942138176116387, 28.820318295757946 ], [ -111.950961585724357, 28.82329931992739 ], [ -111.964929715583068, 28.838329099451997 ], [ -111.971154249047117, 28.843186218797712 ], [ -111.997970306266112, 28.853780078451738 ], [ -112.02916740992022, 28.85931591501031 ], [ -112.030282873221708, 28.860094558429765 ], [ -112.032598856043336, 28.862864159944731 ], [ -112.032695109904353, 28.869391430461576 ], [ -112.033286445623389, 28.870889409593175 ], [ -112.034157688044132, 28.871153661090073 ], [ -112.034393036991204, 28.877105339636213 ], [ -112.036443293252759, 28.880530634196276 ], [ -112.050731961212733, 28.886003099225132 ], [ -112.050560101172024, 28.887982271536689 ], [ -112.052479967817703, 28.891652637981469 ], [ -112.049209094217446, 28.897455906045593 ], [ -112.060478909337007, 28.908817688535802 ], [ -112.064559393225338, 28.911289163384513 ], [ -112.071530835275183, 28.913483860306286 ], [ -112.074439410451816, 28.917833000912744 ], [ -112.085583851761129, 28.923986424683456 ], [ -112.087501821134651, 28.927821348060309 ], [ -112.088044656567916, 28.931465673869187 ], [ -112.091587043133572, 28.93557827762546 ], [ -112.094664085779328, 28.943564295521945 ], [ -112.094624104942824, 28.945298107162301 ], [ -112.096544724683625, 28.949050308013472 ], [ -112.102681581894672, 28.954944763070944 ], [ -112.108149984509311, 28.957192418028001 ], [ -112.114032547775537, 28.961206218324129 ], [ -112.117658064070667, 28.961767895885298 ], [ -112.130655059987532, 28.960575619920267 ], [ -112.140287120222411, 28.961823567198209 ], [ -112.159312283789589, 28.961694338214269 ], [ -112.166207884348125, 28.964023411130821 ], [ -112.168385882364817, 28.965490683323917 ], [ -112.173031868505177, 28.9709421140956 ], [ -112.173618464571263, 28.97276962927107 ], [ -112.169794984764891, 28.975427144153546 ], [ -112.164606387821308, 28.977399426204695 ], [ -112.15473566914541, 28.983227887654145 ], [ -112.151812622015669, 28.990443787902411 ], [ -112.151832164713767, 28.995152042696969 ], [ -112.154030290305286, 29.00132777584091 ], [ -112.160211969061379, 29.011102005799209 ], [ -112.162804262314296, 29.013047994923376 ], [ -112.165121854414977, 29.012569508165214 ], [ -112.16523990913619, 29.0107788372888 ], [ -112.167312041428787, 29.010048153631573 ], [ -112.169177439597959, 29.010824740512692 ], [ -112.16714964145919, 29.017313528927776 ], [ -112.169711014972535, 29.026279289567604 ], [ -112.168596460322789, 29.034708295589745 ], [ -112.169021007583893, 29.038184786904019 ], [ -112.173118702834273, 29.045856263180028 ], [ -112.172906689519081, 29.049734383118363 ], [ -112.170335832871189, 29.058030610271452 ], [ -112.170136605271082, 29.061330799061061 ], [ -112.173073694120205, 29.073721988009712 ], [ -112.177962872907628, 29.07626220061444 ], [ -112.180100829094641, 29.076134878127018 ], [ -112.188854890961807, 29.072159935279615 ], [ -112.190330337418985, 29.073590022318811 ], [ -112.185822885312803, 29.078631229916336 ], [ -112.184320999922534, 29.084055805863827 ], [ -112.18317451166476, 29.084778878540227 ], [ -112.182225975851821, 29.08790062516826 ], [ -112.173670457192301, 29.099807622561148 ], [ -112.16792575164834, 29.109534136670234 ], [ -112.167309062411675, 29.114643921681971 ], [ -112.173619769703478, 29.13028334464769 ], [ -112.181169448811943, 29.141153908280909 ], [ -112.187329584435489, 29.152412444822851 ], [ -112.188442064396554, 29.15325794954073 ], [ -112.199702383587294, 29.15560307969243 ], [ -112.201432315221552, 29.156954831365816 ], [ -112.201525265077066, 29.15844309473751 ], [ -112.197018465862413, 29.163319589206697 ], [ -112.194281455717132, 29.162032697298688 ], [ -112.193747871499937, 29.163427376996847 ], [ -112.194082916716852, 29.165332855347241 ], [ -112.199663082311787, 29.174515701794721 ], [ -112.20424196424193, 29.177816838870736 ], [ -112.210128529810291, 29.178828075590246 ], [ -112.213268489268543, 29.178965362845606 ], [ -112.2299467054996, 29.175125175306249 ], [ -112.231032886232157, 29.177208684638835 ], [ -112.230512284036124, 29.178025585389346 ], [ -112.227862457716512, 29.178475309514837 ], [ -112.227835532712234, 29.17971368844627 ], [ -112.229338208864277, 29.179987443067777 ], [ -112.230808625752616, 29.181747234343668 ], [ -112.227943290433458, 29.18632271998429 ], [ -112.227747608416038, 29.189540327585082 ], [ -112.219507162539159, 29.200234303364468 ], [ -112.216083159360267, 29.206950806942309 ], [ -112.216814179374381, 29.211436659719329 ], [ -112.214246248481516, 29.222639304153326 ], [ -112.211700842833338, 29.229275071782624 ], [ -112.209377744993475, 29.24155774356408 ], [ -112.211284213311473, 29.262072425691436 ], [ -112.213759175468084, 29.26963527779446 ], [ -112.22509745579859, 29.289261564709761 ], [ -112.228632465352959, 29.299083239235117 ], [ -112.233869239755947, 29.309832943107519 ], [ -112.240077626075646, 29.318117180513671 ], [ -112.25508474935188, 29.32811052569301 ], [ -112.25791814042978, 29.328130175599867 ], [ -112.264810234018782, 29.331473777670013 ], [ -112.287782466559818, 29.33265966462994 ], [ -112.289029353419025, 29.333904021146541 ], [ -112.27323696391214, 29.338741511307482 ], [ -112.275736880657348, 29.340612523232679 ], [ -112.290551765959606, 29.339064230153767 ], [ -112.298453895007469, 29.33602673906012 ], [ -112.302207435309967, 29.338523531848772 ], [ -112.304750741183838, 29.33606826165671 ], [ -112.307273552267276, 29.335672813905273 ], [ -112.313245396820051, 29.336741804874542 ], [ -112.322652579466791, 29.340716660629965 ], [ -112.321433332175417, 29.336588830593652 ], [ -112.317976111150514, 29.335948504965543 ], [ -112.321477526713011, 29.332057135678053 ], [ -112.325578298980673, 29.331259513645573 ], [ -112.335068646153744, 29.326582109736826 ], [ -112.341994475890573, 29.326625887230392 ], [ -112.342655565679351, 29.323334083242582 ], [ -112.345858465335084, 29.317586261216498 ], [ -112.34705297469182, 29.324391663016367 ], [ -112.362150002178709, 29.325927257517119 ], [ -112.355249494890003, 29.32320672311721 ], [ -112.3527641994948, 29.319689348678331 ], [ -112.363760599253993, 29.322023216886773 ], [ -112.391340971235152, 29.33557913068412 ], [ -112.401052748669542, 29.340992099443952 ], [ -112.408248444109191, 29.346183778391826 ], [ -112.41131488414095, 29.355471121923483 ], [ -112.413426219901737, 29.365988822630349 ], [ -112.415581637739493, 29.371562935753676 ], [ -112.420543034646798, 29.380448826523278 ], [ -112.418633308039816, 29.382703846027734 ], [ -112.415740423417645, 29.389279013752034 ], [ -112.391418774406773, 29.431365946797275 ], [ -112.377592550061323, 29.461358601516185 ], [ -112.377147080064233, 29.475569295205201 ], [ -112.378342187569118, 29.482786089615395 ], [ -112.380492817756704, 29.488978593482614 ], [ -112.389243252820478, 29.497681860998647 ], [ -112.39489337154275, 29.500598775498474 ], [ -112.414702038130329, 29.507304395119579 ], [ -112.42159871518956, 29.512081068074647 ], [ -112.427211294102733, 29.51952800001828 ], [ -112.430272920612907, 29.530256261434481 ], [ -112.429553212488344, 29.540551487403096 ], [ -112.431681725315855, 29.549832577657924 ], [ -112.436045745010674, 29.556036169471085 ], [ -112.444165258010514, 29.565967748560791 ], [ -112.460151705938429, 29.578824503692708 ], [ -112.467035057618389, 29.586070181062126 ], [ -112.479263275793599, 29.596020868763446 ], [ -112.482693618298683, 29.601187981485534 ], [ -112.499611501803471, 29.617339896002171 ], [ -112.507461989488888, 29.622734265277259 ], [ -112.508979422676163, 29.630568809172875 ], [ -112.510859403539641, 29.63243182397364 ], [ -112.512394887349743, 29.638000668448367 ], [ -112.515842744921869, 29.641313084132971 ], [ -112.519274966501797, 29.646685062645282 ], [ -112.522650734201775, 29.659471700646712 ], [ -112.525444425241446, 29.665870259683572 ], [ -112.525738271754705, 29.668755282729467 ], [ -112.537977748743074, 29.679317769272487 ], [ -112.541091986908214, 29.685305476365386 ], [ -112.551431886378992, 29.696887542805069 ], [ -112.558390076683452, 29.695889346814248 ], [ -112.571911916614482, 29.704806428476275 ], [ -112.578819304221128, 29.711015768686789 ], [ -112.584067918284759, 29.728545690482424 ], [ -112.585256957926092, 29.739261033317092 ], [ -112.592776928900534, 29.748767549620602 ], [ -112.595584850772298, 29.754134500813255 ], [ -112.602159921675224, 29.763430428286508 ], [ -112.606826627182485, 29.774571771594754 ], [ -112.607084180934237, 29.783223258674571 ], [ -112.617754142154084, 29.795418490811244 ], [ -112.622767715948385, 29.802441274570143 ], [ -112.628122596437649, 29.805757902709132 ], [ -112.632822471626056, 29.81257304466175 ], [ -112.643200866820834, 29.821881356890973 ], [ -112.646337870767326, 29.826012488030845 ], [ -112.650710594114614, 29.834885208993132 ], [ -112.6499919179589, 29.848475657320677 ], [ -112.655520948675644, 29.875064672600629 ], [ -112.65896135748045, 29.88166796615786 ], [ -112.66574151219227, 29.890578976785935 ], [ -112.674202183320048, 29.897186243847489 ], [ -112.686546707543997, 29.902331815653689 ], [ -112.691264260389005, 29.902495462247586 ], [ -112.701861828848365, 29.908400077835882 ], [ -112.722136390028311, 29.904540026401389 ], [ -112.729103312612878, 29.904150212784618 ], [ -112.734471586069915, 29.9066383495901 ], [ -112.741710860707428, 29.914486583677188 ], [ -112.740393422995581, 29.923956115462229 ], [ -112.736514573566666, 29.938566444570764 ], [ -112.73614657889506, 29.948038845053798 ], [ -112.738960389089115, 29.954843669225074 ], [ -112.737941367679127, 29.967609190206005 ], [ -112.734426711605494, 29.97315896027191 ], [ -112.73313605335639, 29.977479845757813 ], [ -112.732466619092321, 29.984068038415995 ], [ -112.734312951231374, 29.994165029460209 ], [ -112.740272674799684, 30.005510096639828 ], [ -112.741166231721422, 30.016221868120628 ], [ -112.746434544620655, 30.038891303601996 ], [ -112.755223113776793, 30.055804172489744 ], [ -112.757095721163637, 30.061575899404218 ], [ -112.757566940196625, 30.093292067557407 ], [ -112.75270494203194, 30.113460266155279 ], [ -112.752851541124741, 30.120749859331678 ], [ -112.754174954144702, 30.128521086669465 ], [ -112.752355396836563, 30.14143694116445 ], [ -112.751671297095882, 30.153106336295377 ], [ -112.75217280441106, 30.170892776525786 ], [ -112.75350769440827, 30.180235908298652 ], [ -112.759227001694342, 30.198328342315278 ], [ -112.76657310041621, 30.212192913121825 ], [ -112.773899881949035, 30.222995788762123 ], [ -112.801858096232209, 30.253550784984736 ], [ -112.806209864275189, 30.256920557772276 ], [ -112.82002190632609, 30.265866650005677 ], [ -112.834573528127166, 30.271332335526953 ], [ -112.846539133738105, 30.271432796514642 ], [ -112.853406388935952, 30.270650383907874 ], [ -112.85335578087296, 30.264197383215347 ], [ -112.852194159932964, 30.262135438363405 ], [ -112.852696102295582, 30.261222588437732 ], [ -112.858449840321953, 30.264582794684557 ], [ -112.859242223089311, 30.268218685708057 ], [ -112.8643417661944, 30.269265700691687 ], [ -112.864091819773634, 30.269846241743334 ], [ -112.861163798377618, 30.269779907698588 ], [ -112.859270994212011, 30.271858828179823 ], [ -112.859537329951152, 30.273346556900773 ], [ -112.855229277092519, 30.275852546231143 ], [ -112.853473263529409, 30.279171644356222 ], [ -112.850869472016583, 30.288038594155619 ], [ -112.848691804750942, 30.302611807867006 ], [ -112.847814778153321, 30.304436784741355 ], [ -112.84923409691288, 30.306828257342744 ], [ -112.84767065352851, 30.318585095088586 ], [ -112.847934587857623, 30.336040479663293 ], [ -112.849282235985029, 30.361680438747999 ], [ -112.855240089575162, 30.390024772065761 ], [ -112.860825598300352, 30.403230657361419 ], [ -112.867560563050333, 30.416512418543256 ], [ -112.867469333618516, 30.418108232762805 ], [ -112.894210666894793, 30.452146691692242 ], [ -112.897930928068519, 30.455756329918287 ], [ -112.903983255170189, 30.464228883089621 ], [ -112.92233478379498, 30.482028249751291 ], [ -112.930816359353855, 30.491305515011526 ], [ -112.938638835951295, 30.49785678183083 ], [ -112.944049822216343, 30.505091484159976 ], [ -112.95534287964027, 30.515086433980784 ], [ -112.959310355044266, 30.517367614596346 ], [ -112.972976290378114, 30.522042153282499 ], [ -112.984704993091796, 30.523671033155868 ], [ -112.994149440689256, 30.539473201388969 ], [ -113.008683655189998, 30.567640655017794 ], [ -113.029074852994285, 30.594507822394132 ], [ -113.048082492766525, 30.622047067152412 ], [ -113.056906806102234, 30.637518846457816 ], [ -113.067465664896986, 30.647841287161768 ], [ -113.07877754572138, 30.668996827832018 ], [ -113.085960657728208, 30.68514491699251 ], [ -113.093461242064862, 30.706916910722743 ], [ -113.095756599011864, 30.718810757507363 ], [ -113.097057828777025, 30.721197404953116 ], [ -113.099573965195361, 30.741695839680641 ], [ -113.100749816625481, 30.744249240592243 ], [ -113.101844437486861, 30.751106947034888 ], [ -113.100990390461618, 30.75475717937109 ], [ -113.114384138998446, 30.789293920402486 ], [ -113.118049928825783, 30.797614141084672 ], [ -113.122599146108286, 30.80493184016175 ], [ -113.124967563782732, 30.811279258347543 ], [ -113.125121755176309, 30.813677608969993 ], [ -113.124133195026388, 30.816667307014985 ], [ -113.117578932189645, 30.824515438697482 ], [ -113.11083506039985, 30.838489336609864 ], [ -113.100367577300915, 30.886266795917116 ], [ -113.096960570451984, 30.917318127672736 ], [ -113.097205603130377, 30.920130410947284 ], [ -113.09578642035504, 30.923517564707495 ], [ -113.096499328417238, 30.937825822302155 ], [ -113.094804364083402, 30.946422198656361 ], [ -113.094651371632921, 30.953037558410145 ], [ -113.096264318829526, 30.96619016143551 ], [ -113.095226378651603, 30.970074407569413 ], [ -113.092844218613109, 30.957416116414766 ], [ -113.092902260065401, 30.942200068381354 ], [ -113.092003654843339, 30.943107550082267 ], [ -113.091083785395, 30.949555659108285 ], [ -113.090651624469373, 30.962207199840982 ], [ -113.099242142601568, 30.990840666605319 ], [ -113.101910536542306, 30.995808663639266 ], [ -113.109045290356363, 31.0041773227872 ], [ -113.113732574595033, 31.017419091114135 ], [ -113.11945961859972, 31.026528136833214 ], [ -113.125553967615176, 31.04084738415747 ], [ -113.130747712274882, 31.057066317688072 ], [ -113.128933323812362, 31.063595354253636 ], [ -113.125855420826397, 31.065077387513618 ], [ -113.123165789355369, 31.065319768445562 ], [ -113.121248361933468, 31.064406034732308 ], [ -113.117942760851818, 31.057700662194314 ], [ -113.116946910544399, 31.049594438608171 ], [ -113.115292591436187, 31.046779196192187 ], [ -113.10776274306204, 31.040394898143067 ], [ -113.110205200545806, 31.037506078611049 ], [ -113.106494962759612, 31.037001527471823 ], [ -113.104711380799543, 31.034681995982432 ], [ -113.10113413690614, 31.032854462886711 ], [ -113.100933006027631, 31.017968818771902 ], [ -113.096892171775764, 31.003404899520383 ], [ -113.095751429520334, 31.000507839531064 ], [ -113.092314585025562, 30.995785952945383 ], [ -113.091438777989723, 30.990573983270963 ], [ -113.089781256319412, 30.989081438821376 ], [ -113.088088229342716, 30.996850776079693 ], [ -113.089479227009647, 31.001154360752011 ], [ -113.087559921994654, 31.00114969561 ], [ -113.086029259817749, 30.999905509478562 ], [ -113.081168688965747, 30.999480024008871 ], [ -113.079501095530759, 31.000550919545887 ], [ -113.078982783881813, 31.002203554739424 ], [ -113.079616076330453, 31.003859070508614 ], [ -113.085481709488917, 31.009166154200901 ], [ -113.094967510964281, 31.020432407572084 ], [ -113.088069210092385, 31.018646411478848 ], [ -113.088027150292618, 31.020703565743212 ], [ -113.092021827055177, 31.026333422371646 ], [ -113.091873272428359, 31.027319781274901 ], [ -113.089843923437428, 31.026068305647563 ], [ -113.088161159090149, 31.026712606868546 ], [ -113.080958325875272, 31.020973267944044 ], [ -113.079919285531261, 31.021540594044257 ], [ -113.087870695464005, 31.028356174820281 ], [ -113.086275884232762, 31.030976397428827 ], [ -113.084586268841761, 31.031949801077733 ], [ -113.083241407158539, 31.034901295555571 ], [ -113.082614483907449, 31.034155312774732 ], [ -113.081582065484156, 31.034393512426359 ], [ -113.077518195820929, 31.038391908552203 ], [ -113.077731091585136, 31.040533523157499 ], [ -113.073668209197663, 31.050704369975524 ], [ -113.072504789192493, 31.063533377057361 ], [ -113.073466423434482, 31.066751249535898 ], [ -113.073260062045392, 31.070535316451576 ], [ -113.075493006762287, 31.074422334741179 ], [ -113.076953631751977, 31.084639885868196 ], [ -113.079877069975112, 31.09248300869158 ], [ -113.079928297149507, 31.102524002531396 ], [ -113.080800906460738, 31.103848129043733 ], [ -113.080611702949511, 31.106809324109975 ], [ -113.081995071692617, 31.108302326718842 ], [ -113.081978732997584, 31.115379940183594 ], [ -113.081133420661999, 31.118994023769712 ], [ -113.082174035950246, 31.124681399968921 ], [ -113.08357116534026, 31.125516088454372 ], [ -113.083529100439193, 31.12757321582583 ], [ -113.079091104787523, 31.130827988301164 ], [ -113.076065213737976, 31.134176818711314 ], [ -113.076774080754191, 31.137227861635118 ], [ -113.075246754269983, 31.142729062927266 ], [ -113.070378171504501, 31.141864976089391 ], [ -113.075172429683477, 31.146349607542678 ], [ -113.07626204346758, 31.149650746638326 ], [ -113.075237040955685, 31.155732265667112 ], [ -113.073935994312208, 31.156462005301165 ], [ -113.071387987515038, 31.155288325373171 ], [ -113.067997604594439, 31.151309273457649 ], [ -113.065712050747493, 31.149890793663364 ], [ -113.065052191390564, 31.150708186132601 ], [ -113.067320799024486, 31.152949529178866 ], [ -113.064989374576342, 31.153752741273269 ], [ -113.063849127793077, 31.152920052758159 ], [ -113.062554823501017, 31.153320538395317 ], [ -113.060703646221356, 31.155773760270719 ], [ -113.06106558529747, 31.156929043548907 ], [ -113.065082306468341, 31.155481823628854 ], [ -113.06596542550794, 31.156312317059019 ], [ -113.063994189253236, 31.15835306658283 ], [ -113.059202385933048, 31.159958244828044 ], [ -113.059703130145209, 31.160620917058242 ], [ -113.06771984360185, 31.158549279367431 ], [ -113.073105316746435, 31.15933547931597 ], [ -113.07061812252303, 31.161454274694758 ], [ -113.066528628438618, 31.160185174042862 ], [ -113.063821439683878, 31.160491389329909 ], [ -113.062872025630313, 31.162870006373222 ], [ -113.059100236511199, 31.164895363177031 ], [ -113.058423192023298, 31.166535579844211 ], [ -113.063616412226892, 31.164193130011352 ], [ -113.065354344937404, 31.16099820747003 ], [ -113.06738298424888, 31.162414501345687 ], [ -113.073044459120695, 31.162297738479779 ], [ -113.072736553621937, 31.164764119452972 ], [ -113.074014066408267, 31.165186376147798 ], [ -113.075477589813374, 31.162812014923304 ], [ -113.076491149019773, 31.163561224463407 ], [ -113.085558242476623, 31.160427420225428 ], [ -113.088098161453331, 31.162012227660369 ], [ -113.089487525651336, 31.163258243250091 ], [ -113.092453271432433, 31.169208297374915 ], [ -113.09265693201057, 31.171843524741135 ], [ -113.096971145045828, 31.181096498182065 ], [ -113.097570848397098, 31.183241176725154 ], [ -113.094846438570357, 31.184370910791397 ], [ -113.095544682203297, 31.187997773204859 ], [ -113.096431712447554, 31.188663460133981 ], [ -113.097084861167602, 31.188175047723693 ], [ -113.100003282824602, 31.190174165042336 ], [ -113.101082684391173, 31.194050999172394 ], [ -113.100935733025224, 31.194955068188776 ], [ -113.099771348074398, 31.195274714244832 ], [ -113.101398669250116, 31.197510082102962 ], [ -113.101620993817107, 31.199240148693281 ], [ -113.106955876968712, 31.202657885961017 ], [ -113.106929322149199, 31.203974424175655 ], [ -113.109808673968473, 31.207948086928806 ], [ -113.109612687785472, 31.204901507574711 ], [ -113.110508258352795, 31.205155666691908 ], [ -113.114652849332103, 31.21020932246811 ], [ -113.115744680629703, 31.213510002180097 ], [ -113.118753332749932, 31.211065341952114 ], [ -113.121596948346337, 31.210429815305101 ], [ -113.125677773081065, 31.21227300659384 ], [ -113.129981646201927, 31.215846048944197 ], [ -113.129046568854022, 31.217566822692209 ], [ -113.13157564491334, 31.219808918808791 ], [ -113.133122929930579, 31.219656603381132 ], [ -113.134862639626178, 31.216296261020535 ], [ -113.138593858294271, 31.216325744450014 ], [ -113.139214334800272, 31.217482773761226 ], [ -113.140624750580528, 31.217740768914094 ], [ -113.141406512872535, 31.217253147227801 ], [ -113.139004317679252, 31.215094548417873 ], [ -113.136180311208975, 31.214743068017963 ], [ -113.13293597057789, 31.216116402791929 ], [ -113.131484647747996, 31.217915392219652 ], [ -113.130456965107754, 31.217824930641374 ], [ -113.131657532876758, 31.215694777285339 ], [ -113.131053543126242, 31.213714877618905 ], [ -113.13263674622641, 31.211752349874004 ], [ -113.132130306931884, 31.211336850214575 ], [ -113.129014673054257, 31.21271110548151 ], [ -113.118862180452695, 31.205634645933774 ], [ -113.118502626668629, 31.204315006588462 ], [ -113.119419646541004, 31.203499419993364 ], [ -113.124032814025341, 31.204441704046214 ], [ -113.120216246612586, 31.202271376972437 ], [ -113.118411923412978, 31.202421454056289 ], [ -113.117532866819943, 31.201344515898146 ], [ -113.116244780978732, 31.201416424731011 ], [ -113.114664991782988, 31.1967950433468 ], [ -113.112902128243817, 31.194887949177652 ], [ -113.114078033811879, 31.193992201492886 ], [ -113.117798502689965, 31.194516029005936 ], [ -113.120788398658192, 31.192976460846062 ], [ -113.12270799828579, 31.193485657390024 ], [ -113.125736005038334, 31.196472587621287 ], [ -113.139651298047312, 31.201932355582763 ], [ -113.147109337604462, 31.202155552554938 ], [ -113.152605339907836, 31.204008954267376 ], [ -113.160113114186018, 31.208264211996568 ], [ -113.165688488950323, 31.21266875760022 ], [ -113.175415155254896, 31.215376478569798 ], [ -113.177306690867468, 31.217365892240583 ], [ -113.184224184023861, 31.218981752257168 ], [ -113.196836986939516, 31.225577242165329 ], [ -113.20682758467386, 31.234785502442769 ], [ -113.209945839727752, 31.239992762633584 ], [ -113.209537827281821, 31.247889796638674 ], [ -113.211686580155401, 31.249962794192136 ], [ -113.214126102766272, 31.257057650583064 ], [ -113.21738677199005, 31.261607356809293 ], [ -113.228206891085321, 31.268104003624003 ], [ -113.235487205623016, 31.271200667095524 ], [ -113.236521695675364, 31.270961138572783 ], [ -113.234269485353749, 31.267488945446772 ], [ -113.240702749140652, 31.267699125280025 ], [ -113.241645427720243, 31.265483947505309 ], [ -113.249004038377734, 31.27129594536969 ], [ -113.251232365536978, 31.276084309491136 ], [ -113.250689837157807, 31.27756173525481 ], [ -113.252878638648824, 31.284489300960416 ], [ -113.252720820382521, 31.286051700061403 ], [ -113.254120268761909, 31.286966612528378 ], [ -113.256594576382241, 31.292414858645948 ], [ -113.258030759402715, 31.291355038889044 ], [ -113.257921829099828, 31.290284528420525 ], [ -113.254164601291578, 31.284580531978882 ], [ -113.255804293591012, 31.279489982450102 ], [ -113.262425841343159, 31.283485622937711 ], [ -113.26678958513854, 31.28425618920685 ], [ -113.26633806440222, 31.287791508582881 ], [ -113.267767997197183, 31.28706070054448 ], [ -113.268483021794466, 31.283198026374201 ], [ -113.271812268926894, 31.284208208236258 ], [ -113.271839510394315, 31.282727201743018 ], [ -113.268375505696369, 31.282045250482938 ], [ -113.272334695753841, 31.276805804128845 ], [ -113.271963618737615, 31.275980390845856 ], [ -113.270552061091607, 31.275723898114901 ], [ -113.269476699741745, 31.278185212643891 ], [ -113.265811235980806, 31.281451666498796 ], [ -113.262466925072687, 31.281264105303425 ], [ -113.259415170462091, 31.279185829170494 ], [ -113.256777247350897, 31.275629135470442 ], [ -113.253124791296884, 31.264330098792755 ], [ -113.254313875939673, 31.26269258845527 ], [ -113.259738384765171, 31.261742755827608 ], [ -113.26357861745258, 31.262921312769208 ], [ -113.264361578055002, 31.262350679608719 ], [ -113.268436566933531, 31.264765034493347 ], [ -113.268830315278933, 31.264356286399337 ], [ -113.266822413359918, 31.261544701295076 ], [ -113.274248684323453, 31.263734956176091 ], [ -113.278506991574531, 31.26318783995664 ], [ -113.284140541464211, 31.26487162312884 ], [ -113.291082467576757, 31.26541185435676 ], [ -113.294011659604536, 31.267159403289156 ], [ -113.298505043789689, 31.267847495200947 ], [ -113.301212711107311, 31.267618509433625 ], [ -113.301874184023546, 31.266635421388539 ], [ -113.301508854170464, 31.265480993131568 ], [ -113.298798267386104, 31.265874537233564 ], [ -113.294831811975001, 31.264531651051744 ], [ -113.293914329677932, 31.265430716632839 ], [ -113.292281360527568, 31.263198079552819 ], [ -113.297578187553711, 31.262163529730024 ], [ -113.298727688592422, 31.262664862288062 ], [ -113.300037203858267, 31.261439206151842 ], [ -113.297215914620125, 31.260844529883375 ], [ -113.291151350515335, 31.261627076707008 ], [ -113.288421317740202, 31.263090011333443 ], [ -113.285462302968298, 31.262987881949215 ], [ -113.285001534150766, 31.260022415106654 ], [ -113.283027189729069, 31.262395485111856 ], [ -113.27378372085343, 31.261016267623162 ], [ -113.270205436599085, 31.259592943144312 ], [ -113.271147342883907, 31.257377583081311 ], [ -113.267814509493775, 31.256614170083633 ], [ -113.268736723478398, 31.255468446445835 ], [ -113.26836729043707, 31.254560736146651 ], [ -113.26654411528682, 31.255700271891424 ], [ -113.264527353116449, 31.253382307620498 ], [ -113.259443743302242, 31.256803357195249 ], [ -113.253435637412565, 31.254539800101213 ], [ -113.248938511959224, 31.254096920814213 ], [ -113.249864007923392, 31.252786764339561 ], [ -113.249353785573149, 31.252536321998495 ], [ -113.250300730240113, 31.250074255254166 ], [ -113.249802793417572, 31.249165580557101 ], [ -113.246836515715586, 31.249473934387442 ], [ -113.245250571274852, 31.251684615316528 ], [ -113.242573948199706, 31.250266818679048 ], [ -113.235003651051784, 31.24897880194948 ], [ -113.228545264556473, 31.250167031668205 ], [ -113.22781031512703, 31.248186778698802 ], [ -113.226790029423881, 31.247685708394116 ], [ -113.224076422020048, 31.248242226373865 ], [ -113.219972011578804, 31.247471971977934 ], [ -113.223033356963057, 31.242145157212274 ], [ -113.237839219848965, 31.241921969191196 ], [ -113.241180588060928, 31.24219252097901 ], [ -113.244883432057151, 31.243782175449155 ], [ -113.252883906533498, 31.242686225060936 ], [ -113.261730140276967, 31.244558056190979 ], [ -113.268244969220035, 31.247236175233585 ], [ -113.277874632895958, 31.248536204654638 ], [ -113.288381409398355, 31.251157987669735 ], [ -113.289779140208836, 31.252154802140581 ], [ -113.3082470775865, 31.255897648066671 ], [ -113.336184040822218, 31.262907124138131 ], [ -113.341591521280208, 31.262858910244795 ], [ -113.348623054288637, 31.265618278337811 ], [ -113.375837099497133, 31.270063502333418 ], [ -113.379797671445246, 31.271815189942938 ], [ -113.392148153597404, 31.272299825271471 ], [ -113.394824636193235, 31.273878905407908 ], [ -113.405479562238185, 31.275668807685708 ], [ -113.415002655829312, 31.275888006993984 ], [ -113.427584886844926, 31.277933851447905 ], [ -113.430644144674986, 31.279761126083255 ], [ -113.430732994687915, 31.282147763120786 ], [ -113.432002486434357, 31.283224481149244 ], [ -113.432481720974081, 31.285366442404637 ], [ -113.431068332537265, 31.285194017549415 ], [ -113.429567493764466, 31.282552665681848 ], [ -113.428158283129932, 31.282133386759902 ], [ -113.420143434577255, 31.284063053428653 ], [ -113.417545086250712, 31.285447116408378 ], [ -113.407941119969138, 31.282347831617685 ], [ -113.405043057767998, 31.278628440660171 ], [ -113.401581290536171, 31.277785576660666 ], [ -113.389087256906535, 31.278123873721935 ], [ -113.390910663744748, 31.276900378699697 ], [ -113.390037765910051, 31.275249580584781 ], [ -113.388174829355819, 31.278776749595767 ], [ -113.388926054960478, 31.280015427562535 ], [ -113.392539088650111, 31.27954300040318 ], [ -113.401668003193336, 31.280254546046972 ], [ -113.411466424615199, 31.287058112060802 ], [ -113.417740186408665, 31.289150882462469 ], [ -113.421857284696245, 31.289338725346578 ], [ -113.425869089835402, 31.288127069692905 ], [ -113.432408926891, 31.289726908779574 ], [ -113.43471126358115, 31.290644764731073 ], [ -113.435406990105903, 31.295256316216427 ], [ -113.437201318472006, 31.29575990654299 ], [ -113.439401065669927, 31.295113778143111 ], [ -113.44016128377325, 31.295858476697887 ], [ -113.46412950899844, 31.294753683097809 ], [ -113.460830538755175, 31.291774089676686 ], [ -113.449285424917491, 31.289161326341102 ], [ -113.447613113955995, 31.289069963684415 ], [ -113.441004825081592, 31.291584542172252 ], [ -113.440655469550975, 31.289361060686534 ], [ -113.438894078572744, 31.286882967446878 ], [ -113.43970207568816, 31.284748128347822 ], [ -113.441283818420956, 31.282535256443193 ], [ -113.445804535330808, 31.281654920972052 ], [ -113.455833576747466, 31.282449767379848 ], [ -113.483811115200851, 31.287945246993019 ], [ -113.508093327272093, 31.291301459845617 ], [ -113.519150673461695, 31.290035919990778 ], [ -113.54250222842046, 31.296974189676117 ], [ -113.549737888508858, 31.301226400943694 ], [ -113.552080286663312, 31.305905288640822 ], [ -113.552129051000861, 31.307063230006566 ], [ -113.551022529800278, 31.307958175790553 ], [ -113.544407791920577, 31.304041749485624 ], [ -113.542450283329543, 31.304253784504624 ], [ -113.542013787631049, 31.306031800157214 ], [ -113.543478944228639, 31.307863983442587 ], [ -113.544997860198677, 31.307222359819356 ], [ -113.545486014523348, 31.305641933432891 ], [ -113.547936017717376, 31.306422954761764 ], [ -113.549838345661627, 31.313417094508122 ], [ -113.552525530315307, 31.316028189427875 ], [ -113.558269611268173, 31.318988716910358 ], [ -113.562748744663722, 31.320579321781334 ], [ -113.574448903622269, 31.321865776741056 ], [ -113.584582863355195, 31.324542977290768 ], [ -113.588320044528544, 31.324394627403965 ], [ -113.595769755843207, 31.325742826874453 ], [ -113.597193752705778, 31.32525536309765 ], [ -113.599757158347217, 31.326088946506644 ], [ -113.601566258725498, 31.325685225847163 ], [ -113.602711854613588, 31.326595035847664 ], [ -113.60697150343141, 31.325954707598832 ], [ -113.609791352195785, 31.326871424843628 ], [ -113.611608922567783, 31.325891701924974 ], [ -113.624334328387576, 31.3275891139028 ], [ -113.628921358326139, 31.330980620016838 ], [ -113.6315792108457, 31.334199746683275 ], [ -113.636575883669167, 31.336029444843955 ], [ -113.637934226676009, 31.340065991186663 ], [ -113.645727067288462, 31.344538848914535 ], [ -113.640300545447644, 31.345669567652692 ], [ -113.639769843971422, 31.346736998608147 ], [ -113.636806027451343, 31.346807664803837 ], [ -113.633347284215617, 31.345477722108605 ], [ -113.628771361198176, 31.341263777129903 ], [ -113.625557297847962, 31.340839553169531 ], [ -113.623344767521999, 31.342393779144501 ], [ -113.611361019266354, 31.342673955525239 ], [ -113.611382887663595, 31.341193169850118 ], [ -113.610121600785604, 31.339377995142257 ], [ -113.609383916239992, 31.345709804994051 ], [ -113.608468854068065, 31.346610993102036 ], [ -113.609878486149029, 31.347110457636624 ], [ -113.612235952371393, 31.344487522076928 ], [ -113.613131545543737, 31.344902562357376 ], [ -113.613369756018741, 31.346219873615571 ], [ -113.611283273465403, 31.347938969052539 ], [ -113.609951373594484, 31.350895219415193 ], [ -113.609241613968891, 31.355334910306251 ], [ -113.609827422486504, 31.368007024981701 ], [ -113.612217187413094, 31.371965842118566 ], [ -113.614907219595153, 31.373046364543299 ], [ -113.612273289836367, 31.376902299699783 ], [ -113.612749923500687, 31.379536904995753 ], [ -113.61801344511214, 31.389677559270417 ], [ -113.620047648484459, 31.400380849803614 ], [ -113.621788290574088, 31.40474813236937 ], [ -113.627221587783538, 31.412256294835068 ], [ -113.625932586126339, 31.412251183713401 ], [ -113.62389298814179, 31.410679950791703 ], [ -113.624374984481065, 31.412985414669329 ], [ -113.623063153336957, 31.414543303649133 ], [ -113.626535161262993, 31.415132998727039 ], [ -113.627351312034548, 31.421059611011334 ], [ -113.62641898800365, 31.423112650750667 ], [ -113.628088902868811, 31.423530597360514 ], [ -113.628461301427492, 31.424519294868002 ], [ -113.62814726562587, 31.428384700547749 ], [ -113.627235238395571, 31.429039253754443 ], [ -113.625947204377923, 31.428951891083013 ], [ -113.626347143770445, 31.428048514017135 ], [ -113.625449483199489, 31.427715882182689 ], [ -113.621448108421575, 31.428029034454525 ], [ -113.620913187493628, 31.429343206107966 ], [ -113.627453610171514, 31.431754993538689 ], [ -113.629687164851347, 31.428884376274397 ], [ -113.630827183141832, 31.430287422410458 ], [ -113.630155102918238, 31.432176969590703 ], [ -113.632171453872203, 31.435393347805199 ], [ -113.632987037821167, 31.441402142020845 ], [ -113.631653542089708, 31.444440878861336 ], [ -113.633192535691379, 31.445022759643205 ], [ -113.630577862852263, 31.447480614353175 ], [ -113.630922981140785, 31.450361365562884 ], [ -113.630128991269842, 31.451756827556029 ], [ -113.632965227035683, 31.460735151677454 ], [ -113.63416812602199, 31.466745403213224 ], [ -113.633617752914759, 31.469129050629888 ], [ -113.640150733427163, 31.481247566458539 ], [ -113.644210170057448, 31.486034507835754 ], [ -113.648298224630594, 31.488846986060331 ], [ -113.648920932656836, 31.49041239490078 ], [ -113.65439100735702, 31.495862357307978 ], [ -113.658736660808714, 31.498757672148123 ], [ -113.660235983632404, 31.502218342496647 ], [ -113.673383463430937, 31.51238427730728 ], [ -113.685817642007734, 31.518350717963163 ], [ -113.69237039295632, 31.520429672462264 ], [ -113.699281218869118, 31.524648333659027 ], [ -113.70711957782548, 31.527142071482167 ], [ -113.715185245540169, 31.531939401278624 ], [ -113.721356756536494, 31.533686499142981 ], [ -113.733804239646133, 31.539072106767716 ], [ -113.739440579760526, 31.542297363197719 ], [ -113.757050001351772, 31.547942711586384 ], [ -113.76002199436202, 31.547704389027924 ], [ -113.764656984101691, 31.54862230989027 ], [ -113.765801589224978, 31.549941673622296 ], [ -113.77339283581334, 31.551854593198154 ], [ -113.776589168050478, 31.55424880461225 ], [ -113.775286667745405, 31.555150138038151 ], [ -113.771669075004155, 31.555387061096205 ], [ -113.773462487882554, 31.556461338953916 ], [ -113.782501762830094, 31.556238863522598 ], [ -113.782350557566161, 31.557965910023444 ], [ -113.780771960884152, 31.560264977045339 ], [ -113.778687468856674, 31.561740078597836 ], [ -113.779046244995143, 31.563962046737711 ], [ -113.775801864216589, 31.565269480346767 ], [ -113.773312906583399, 31.568059568740992 ], [ -113.769930683093207, 31.57002457067404 ], [ -113.771301998630165, 31.573812277088187 ], [ -113.772992117543438, 31.57291202244669 ], [ -113.772352932311264, 31.572416725520057 ], [ -113.772764662046058, 31.570525871221669 ], [ -113.783533103325482, 31.5664417498452 ], [ -113.788284684082939, 31.568428414653386 ], [ -113.788823082898944, 31.566702375401132 ], [ -113.787159452981825, 31.565546417269193 ], [ -113.791699855599106, 31.563830755064878 ], [ -113.799172902320223, 31.565001407372517 ], [ -113.804467959022489, 31.564850108910537 ], [ -113.810127646678524, 31.566509151328752 ], [ -113.8155098716623, 31.569730160910719 ], [ -113.822455978380006, 31.571802972518253 ], [ -113.829241919945659, 31.576424980121303 ], [ -113.837978311008484, 31.57998156325996 ], [ -113.842689656656987, 31.585420744821946 ], [ -113.837911121168176, 31.585492577310983 ], [ -113.837254471355465, 31.586395948616651 ], [ -113.838792939690919, 31.587304147632654 ], [ -113.841245317760439, 31.587391755402802 ], [ -113.841232322690743, 31.588461054030827 ], [ -113.842129217464716, 31.589038789955275 ], [ -113.843304334448078, 31.587972002913791 ], [ -113.845237236075533, 31.588305178610767 ], [ -113.848133629209642, 31.594398253275767 ], [ -113.846171743194304, 31.596450479684034 ], [ -113.83802906069343, 31.597008683274122 ], [ -113.838143173027603, 31.59824277282133 ], [ -113.846525347098819, 31.599247919162014 ], [ -113.847419400168093, 31.600072368978132 ], [ -113.849029812202104, 31.60575138346384 ], [ -113.85160786191274, 31.606168045942788 ], [ -113.852519822644794, 31.605511897930015 ], [ -113.849965571915519, 31.603121176630751 ], [ -113.849590029797852, 31.60213332617915 ], [ -113.850382732629868, 31.600654391675416 ], [ -113.849621756923213, 31.599501222709041 ], [ -113.850547542691828, 31.597693546254732 ], [ -113.852879947574934, 31.597040365130852 ], [ -113.852250090226775, 31.595722973008701 ], [ -113.852784435991992, 31.594243490044004 ], [ -113.854085652279139, 31.593423635395546 ], [ -113.856145853998797, 31.593921409538485 ], [ -113.857707266915327, 31.592937543738405 ], [ -113.859612781482866, 31.595573571795082 ], [ -113.86052949506302, 31.594506110981055 ], [ -113.85963637404916, 31.593599503276884 ], [ -113.859539689172522, 31.590884896613382 ], [ -113.867334261014378, 31.586952241749486 ], [ -113.871866187959768, 31.585891776271691 ], [ -113.877500072185242, 31.589932988987531 ], [ -113.877058498712017, 31.594538375034645 ], [ -113.878697606290856, 31.597913863263859 ], [ -113.880113286047276, 31.598327774134649 ], [ -113.876788115020716, 31.606546926228724 ], [ -113.877288276726219, 31.607946179876741 ], [ -113.873391440241079, 31.609830648406167 ], [ -113.870516996219607, 31.612621776018862 ], [ -113.870114933444682, 31.613854811758326 ], [ -113.871628913464264, 31.616901119493207 ], [ -113.870970464381884, 31.617969158473002 ], [ -113.868541644976318, 31.615825866509127 ], [ -113.866866435361459, 31.615493588872265 ], [ -113.864519038286488, 31.617380831725011 ], [ -113.864373257670309, 31.618778867818015 ], [ -113.865531852618176, 31.619110162759501 ], [ -113.868520220832821, 31.617635415379777 ], [ -113.86837157897601, 31.619280209070208 ], [ -113.867193477690805, 31.620593985636887 ], [ -113.868345287640182, 31.621501018203489 ], [ -113.869927418406519, 31.618789692275449 ], [ -113.873417813487791, 31.618549609366518 ], [ -113.874333596765368, 31.617564300586249 ], [ -113.873195361318992, 31.615505793933625 ], [ -113.873604174619274, 31.613696986593343 ], [ -113.876600936735301, 31.611481799608161 ], [ -113.877867381151077, 31.613622768642596 ], [ -113.879793189403472, 31.614613394296075 ], [ -113.878628821168931, 31.614775739198514 ], [ -113.876260423482677, 31.618472724618986 ], [ -113.877255109834252, 31.621764732356432 ], [ -113.874914565496184, 31.623076398715881 ], [ -113.875414808451282, 31.62447565294136 ], [ -113.880073725677804, 31.623744047397853 ], [ -113.882155865030299, 31.622431817570614 ], [ -113.880228903330519, 31.621523491440001 ], [ -113.878705881263016, 31.619217574647106 ], [ -113.879514621504541, 31.616340202073683 ], [ -113.882902633617149, 31.613796582907646 ], [ -113.883319901471879, 31.611247491188003 ], [ -113.87957055012005, 31.611569600185199 ], [ -113.881282313486309, 31.608776147303836 ], [ -113.882183487314038, 31.609024566835618 ], [ -113.883528834589271, 31.604420840644 ], [ -113.88547657014314, 31.603519603204017 ], [ -113.887649988353502, 31.605415353798129 ], [ -113.887742750805074, 31.608541141278916 ], [ -113.888904150429283, 31.608625472778538 ], [ -113.891381868874831, 31.606573546948805 ], [ -113.893411087077283, 31.609784977641326 ], [ -113.892358807218685, 31.611428190779463 ], [ -113.889527921846735, 31.610518404880445 ], [ -113.886011059175459, 31.613061950316411 ], [ -113.882711951217132, 31.619060448175635 ], [ -113.884365193782372, 31.621284294075014 ], [ -113.887213600504026, 31.620713652786602 ], [ -113.88529334479577, 31.619229643652073 ], [ -113.884924073852474, 31.617666165270329 ], [ -113.887646075862335, 31.616848532904726 ], [ -113.89873947995018, 31.60691534498169 ], [ -113.899467014729893, 31.611029212189894 ], [ -113.90073584919277, 31.613005421524274 ], [ -113.900830968087547, 31.615966667935236 ], [ -113.899784440486187, 31.617116432444348 ], [ -113.893448847032616, 31.617681311771396 ], [ -113.890847460428191, 31.619239554898087 ], [ -113.889509965831039, 31.6231853305238 ], [ -113.890782598715973, 31.62483263388765 ], [ -113.892966165820553, 31.625905742117695 ], [ -113.894652082849291, 31.625332899133479 ], [ -113.892502796522706, 31.621298781251934 ], [ -113.893420295073696, 31.620148844052814 ], [ -113.896533569215791, 31.619002693266797 ], [ -113.900791265341098, 31.619421199589425 ], [ -113.902091408806157, 31.618683112786076 ], [ -113.902881485563668, 31.617368397918291 ], [ -113.902524205483672, 31.614735728210029 ], [ -113.903566900745659, 31.613914947150512 ], [ -113.904706703371076, 31.615890893469906 ], [ -113.903771477203776, 31.618603663419393 ], [ -113.905328025549025, 31.618030475827286 ], [ -113.906648796302662, 31.615482834901766 ], [ -113.908190250858496, 31.616225623157003 ], [ -113.909706418422701, 31.619189150473872 ], [ -113.903872366792328, 31.621071395709166 ], [ -113.90238926060141, 31.62649757081801 ], [ -113.904581457903191, 31.626830215277881 ], [ -113.905963835790416, 31.6302048182839 ], [ -113.906993513008047, 31.63053550701137 ], [ -113.908431369001136, 31.629057308216481 ], [ -113.907554350024327, 31.626670581906524 ], [ -113.904871809864474, 31.624034124716605 ], [ -113.905271555301525, 31.622965506975497 ], [ -113.906186082791535, 31.622062237995909 ], [ -113.913176083024609, 31.62075748730938 ], [ -113.914608099327239, 31.61977273241158 ], [ -113.916000952878747, 31.622242464292402 ], [ -113.920088838152594, 31.626279099460593 ], [ -113.914849216353289, 31.632686595264371 ], [ -113.91599509680448, 31.634168908093457 ], [ -113.915456010279655, 31.636142100810545 ], [ -113.917914271544063, 31.635816903282478 ], [ -113.91810477910532, 31.630388615286044 ], [ -113.921074028399701, 31.630557659866167 ], [ -113.924282241487461, 31.632454260622939 ], [ -113.925063787444969, 31.631879667977753 ], [ -113.922248667514808, 31.629490174127433 ], [ -113.922684320561018, 31.625213776742267 ], [ -113.926564055154444, 31.624808317794692 ], [ -113.927872334218918, 31.623329731414355 ], [ -113.924642209091559, 31.623407194730877 ], [ -113.923369953102608, 31.621678014323525 ], [ -113.9272458502452, 31.621601541404406 ], [ -113.929714708269202, 31.620289148797667 ], [ -113.929206335114515, 31.619548150099522 ], [ -113.924670853040311, 31.620857456723865 ], [ -113.922237098889624, 31.619044266558124 ], [ -113.92096866189047, 31.616986055473838 ], [ -113.922014912902725, 31.615836132887782 ], [ -113.921380250477867, 31.614848151316171 ], [ -113.920080326660496, 31.615586422793744 ], [ -113.919082382313022, 31.612459333357876 ], [ -113.920531849671463, 31.609911773888172 ], [ -113.919109340279505, 31.610074083801635 ], [ -113.919121426072451, 31.609004833773891 ], [ -113.921087427094704, 31.606458069438922 ], [ -113.922886192728086, 31.607283328652688 ], [ -113.927302990166055, 31.604986933775677 ], [ -113.932208564148809, 31.605158631618295 ], [ -113.940174367848272, 31.608871178330222 ], [ -113.940674563472541, 31.610352373598886 ], [ -113.93924389450585, 31.611255148034928 ], [ -113.938055983547613, 31.613556503627247 ], [ -113.938564387438859, 31.614297465348425 ], [ -113.939988730704926, 31.613970438613869 ], [ -113.940787323962994, 31.611833033143171 ], [ -113.943906006284863, 31.610110034516254 ], [ -113.948511063150661, 31.614146420103431 ], [ -113.949012326490148, 31.615545323243499 ], [ -113.947694555511774, 31.617928835618567 ], [ -113.941058322034607, 31.622361425275201 ], [ -113.942727484439203, 31.623268445572343 ], [ -113.94140945492299, 31.625651906910431 ], [ -113.945043422618554, 31.624094056615252 ], [ -113.947362110295444, 31.624672877391117 ], [ -113.948758592112085, 31.626895447159491 ], [ -113.948492126001199, 31.627635346270878 ], [ -113.94565848184601, 31.626891369180157 ], [ -113.943065977730853, 31.627710400290436 ], [ -113.946805654029845, 31.628291132212233 ], [ -113.94705044330415, 31.629525199880391 ], [ -113.950673641130237, 31.628954166144723 ], [ -113.951338412131335, 31.627227781141407 ], [ -113.950450429832514, 31.625746147389115 ], [ -113.951243453687383, 31.624102178432111 ], [ -113.949839748061962, 31.622537623643115 ], [ -113.950769131697456, 31.620235838335589 ], [ -113.952856402722333, 31.618346779860659 ], [ -113.953139898397055, 31.616044155874494 ], [ -113.958687325595363, 31.616626858861654 ], [ -113.960472300083566, 31.618767521910101 ], [ -113.963141018741609, 31.622800937180418 ], [ -113.961956265231294, 31.624855741244659 ], [ -113.966159347467439, 31.630371379892559 ], [ -113.964064118317197, 31.633000882094766 ], [ -113.965792806609485, 31.640405279973837 ], [ -113.964859207542872, 31.643118395716616 ], [ -113.962769905897005, 31.645172158682392 ], [ -113.960898846826026, 31.650927344960664 ], [ -113.961918246066787, 31.652244533775193 ], [ -113.963360814199248, 31.650272267216849 ], [ -113.963787484752487, 31.64665383085006 ], [ -113.965355582806041, 31.645010689321406 ], [ -113.968728784550777, 31.643698587415876 ], [ -113.968973917874465, 31.644932590118966 ], [ -113.971148185618219, 31.646991238283341 ], [ -113.971514633043896, 31.64896560108399 ], [ -113.970667156045749, 31.65570900396763 ], [ -113.974028349141477, 31.655548201518016 ], [ -113.97451797319367, 31.65809841592456 ], [ -113.972182474426731, 31.659000599441399 ], [ -113.974492521902405, 31.660483575685006 ], [ -113.976821026366963, 31.660239323256654 ], [ -113.975955960240526, 31.656537253318401 ], [ -113.976360238362957, 31.654974977545002 ], [ -113.977908105793404, 31.655223364063897 ], [ -113.973809469773883, 31.651846806520602 ], [ -113.974100384561567, 31.648803948793351 ], [ -113.976207912764366, 31.6450228254267 ], [ -113.975718341778773, 31.642472611610973 ], [ -113.973301557289005, 31.63893330674513 ], [ -113.973874601104029, 31.633670057048921 ], [ -113.977333230836678, 31.624297546016741 ], [ -113.979172198069634, 31.62142084077006 ], [ -113.978395478450821, 31.621584504715223 ], [ -113.976871884218411, 31.619115414546727 ], [ -113.974815305924267, 31.60611792239143 ], [ -113.971857446480101, 31.604963116405521 ], [ -113.96996994001087, 31.600355028310528 ], [ -113.970509481743846, 31.598217183158098 ], [ -113.968081749146435, 31.595829145786908 ], [ -113.96735850597274, 31.591057855425742 ], [ -113.966095770982122, 31.588424386762178 ], [ -113.966500906975583, 31.586779887798464 ], [ -113.969895105555793, 31.583329430256555 ], [ -113.980638321000768, 31.580791812574095 ], [ -113.98554691168053, 31.580550295566589 ], [ -113.998309983085022, 31.594627297031316 ], [ -114.000769316657099, 31.594053846144899 ], [ -114.001532890484341, 31.595123756153946 ], [ -114.005545090091701, 31.594222631527252 ], [ -114.006080364798493, 31.59241367120935 ], [ -114.008785891427664, 31.592991741542711 ], [ -114.01073457889585, 31.591841941155685 ], [ -114.009582735105781, 31.590854007770609 ], [ -114.006614767776739, 31.590686955573741 ], [ -114.003886202627712, 31.592329481475005 ], [ -114.00235735759685, 31.590354176102924 ], [ -114.000411163241779, 31.591257114086524 ], [ -113.997959651339187, 31.591090335461345 ], [ -113.997709171055021, 31.590349873541832 ], [ -113.999778472846359, 31.590022821062945 ], [ -114.001507630380289, 31.58517183235174 ], [ -114.000100329654941, 31.583936824442493 ], [ -113.998935779452609, 31.584182478701045 ], [ -113.999435001236691, 31.585827891941797 ], [ -113.996443028598193, 31.587963497385267 ], [ -113.992220422366955, 31.584340495439989 ], [ -113.989294401309309, 31.580225168225599 ], [ -113.990596724944098, 31.579157263748943 ], [ -113.994993957234826, 31.57842138841664 ], [ -113.994879561669364, 31.57702306746441 ], [ -113.987125797099225, 31.577755503840756 ], [ -113.987395327854571, 31.576686558058071 ], [ -113.989738230780802, 31.574879504590065 ], [ -113.994791995097316, 31.573075094540886 ], [ -113.997228357796274, 31.57464015821536 ], [ -113.997752501084435, 31.573900431901265 ], [ -113.994420299723643, 31.571594271589067 ], [ -113.997785286860335, 31.570775057423866 ], [ -113.997293103952501, 31.568471653508951 ], [ -113.994842193492403, 31.568304776903737 ], [ -114.000650204696569, 31.568392591222818 ], [ -114.003083952505222, 31.570204284889236 ], [ -114.003885068244671, 31.567655351900914 ], [ -114.002599374680045, 31.567160690555291 ], [ -114.008032852843868, 31.566014122085551 ], [ -114.008428637275713, 31.565191999500328 ], [ -114.007148088853995, 31.564203905195505 ], [ -114.009733942223448, 31.563794939377058 ], [ -114.009235546660236, 31.562067319266497 ], [ -114.000974631742977, 31.562059842846356 ], [ -113.997213248608546, 31.563783462236412 ], [ -113.996314012673636, 31.563371352149201 ], [ -114.003462297003509, 31.558690009703092 ], [ -114.003734177209111, 31.557374302012565 ], [ -114.002574261885215, 31.557208735982215 ], [ -113.998162554727614, 31.559425251648229 ], [ -113.992736239772881, 31.559913407935777 ], [ -113.994363960187115, 31.564685404594979 ], [ -113.990623206012927, 31.564434911921701 ], [ -113.985967535913346, 31.565252575035796 ], [ -113.982840627909326, 31.567963442138677 ], [ -113.980777871509005, 31.567714461293527 ], [ -113.980493352244636, 31.570181605870705 ], [ -113.977357314632684, 31.573714833639972 ], [ -113.975822284176445, 31.572397133651634 ], [ -113.975275905837677, 31.575192974007013 ], [ -113.974096360979843, 31.576836611556402 ], [ -113.971634608087527, 31.577656275168003 ], [ -113.969460297940969, 31.575762013246436 ], [ -113.967325219088679, 31.570248789688868 ], [ -113.964642849510852, 31.56761357365021 ], [ -113.962754810240256, 31.56316978403402 ], [ -113.960457327370506, 31.560781681675181 ], [ -113.96072534272831, 31.55987727117294 ], [ -113.962664187682449, 31.559632939589921 ], [ -113.967210375762463, 31.557006512780728 ], [ -113.974892859750241, 31.550764618474012 ], [ -113.979958897162078, 31.547727136587156 ], [ -113.980490087563908, 31.546329497058323 ], [ -113.982439114111614, 31.545097912754724 ], [ -113.98323274893707, 31.543289308459862 ], [ -113.980563116825962, 31.539502927037343 ], [ -113.979234751622627, 31.543038144820539 ], [ -113.978097092752378, 31.54081614307395 ], [ -113.979155929672231, 31.538349868611075 ], [ -113.984773290350176, 31.531940665757585 ], [ -113.989586925259346, 31.528244616308893 ], [ -114.001633378137839, 31.52381530850187 ], [ -114.002783397186349, 31.524885626351697 ], [ -114.006280823459846, 31.523572934169668 ], [ -114.009495287507008, 31.524645073495176 ], [ -114.01333535122545, 31.527609354624097 ], [ -114.010577054302573, 31.532295036850684 ], [ -114.012757017505365, 31.533612895743502 ], [ -114.01338602272088, 31.535176132305509 ], [ -114.02096213873233, 31.538801262078458 ], [ -114.027543335838772, 31.53880633477592 ], [ -114.031399578462725, 31.540289577581461 ], [ -114.03228703469776, 31.541852880837048 ], [ -114.025361008835318, 31.550319171036005 ], [ -114.026904682904373, 31.550813802859626 ], [ -114.031356983404308, 31.544484092118434 ], [ -114.032656659514686, 31.543580305126532 ], [ -114.033931324940681, 31.545143863619611 ], [ -114.034979538721416, 31.543581913911456 ], [ -114.034476662740715, 31.542265636439751 ], [ -114.035414926348622, 31.53881195637987 ], [ -114.029251875877677, 31.535764488504203 ], [ -114.021893289898401, 31.536087863779379 ], [ -114.017533919579421, 31.533370194861757 ], [ -114.017935438344352, 31.531972330070062 ], [ -114.021443009805679, 31.529672268794087 ], [ -114.023154987784437, 31.526301514643318 ], [ -114.024242816087693, 31.520874092348983 ], [ -114.02630879090772, 31.520711200443177 ], [ -114.028999715397049, 31.522522655573663 ], [ -114.032313296094415, 31.526555140256427 ], [ -114.035021996321291, 31.526639296861685 ], [ -114.03580613720186, 31.52565288828141 ], [ -114.035300869040327, 31.524583341678259 ], [ -114.033497056057342, 31.524335339037158 ], [ -114.031592663692294, 31.521290867283795 ], [ -114.026980779993423, 31.518079826718434 ], [ -114.027775026932005, 31.516106515606381 ], [ -114.027692235071754, 31.511582895138993 ], [ -114.028725956200446, 31.511419186116594 ], [ -114.032176465380246, 31.514629346729372 ], [ -114.036685118153002, 31.515290504666915 ], [ -114.037991007637331, 31.513728725894556 ], [ -114.034509473741835, 31.513561817784641 ], [ -114.028354900763986, 31.509856222132949 ], [ -114.029387762367662, 31.509774754807559 ], [ -114.028750306322621, 31.509034056469797 ], [ -114.031457664688432, 31.509200566803806 ], [ -114.0380226004946, 31.510603401621431 ], [ -114.039578937774564, 31.509781995056954 ], [ -114.039065422433211, 31.509534911962692 ], [ -114.039874293616123, 31.506081127981634 ], [ -114.038842319928335, 31.506080431611373 ], [ -114.037787052230541, 31.508382599153673 ], [ -114.028501542710117, 31.508129156529744 ], [ -114.024872662782727, 31.509771287076926 ], [ -114.01905665138743, 31.523337332671364 ], [ -114.016077239457132, 31.524486307335525 ], [ -114.014407587829027, 31.52374466208197 ], [ -114.0137718431954, 31.522839395987013 ], [ -114.014828701425543, 31.520455137540065 ], [ -114.020192122782618, 31.513304142525094 ], [ -114.023492472888037, 31.505986842196464 ], [ -114.025189680418592, 31.504014265365587 ], [ -114.024361003131332, 31.496775888567605 ], [ -114.025422409434114, 31.493898092525892 ], [ -114.033963574514402, 31.491108196319576 ], [ -114.051528918155185, 31.488652400383664 ], [ -114.064519380607621, 31.492278189148706 ], [ -114.081936535425086, 31.491709782327526 ], [ -114.091725113530316, 31.493110978897445 ], [ -114.096756664562946, 31.492947771145623 ], [ -114.103158580373744, 31.490596913170464 ], [ -114.14017341815628, 31.490012597392241 ], [ -114.198126251514822, 31.506634649299169 ], [ -114.228643613031963, 31.528923858046195 ], [ -114.274097348724297, 31.544331646987057 ], [ -114.304982752578042, 31.565569290055105 ], [ -114.325600881558032, 31.585242194973496 ], [ -114.326446092929785, 31.59290864889822 ], [ -114.359387441209805, 31.607943602206124 ], [ -114.396711904378208, 31.632118387342697 ], [ -114.411177503958569, 31.63433021674053 ], [ -114.448620551701126, 31.651866926936719 ], [ -114.451717633036765, 31.660587607865132 ], [ -114.473459428567352, 31.672793176993903 ], [ -114.491137810662806, 31.67626654550422 ], [ -114.50337091262611, 31.683047219500576 ], [ -114.510179523760328, 31.68801634337424 ], [ -114.507708247671914, 31.6900737310708 ], [ -114.507936789009136, 31.696904351242136 ], [ -114.516286601649369, 31.699255137159078 ], [ -114.525901003629045, 31.703478810069999 ], [ -114.552554835985291, 31.735783362120763 ], [ -114.563125739091873, 31.741253451758084 ], [ -114.570835706048015, 31.743594768842101 ], [ -114.58428973880666, 31.750742486424215 ], [ -114.592910389534723, 31.75764192722832 ], [ -114.60287225606578, 31.760620391553086 ], [ -114.620573290873807, 31.763867258760992 ], [ -114.678027577095364, 31.760798056261756 ], [ -114.694091001576439, 31.766297849733913 ], [ -114.752591239777004, 31.814301831616778 ], [ -114.764152033495947, 31.819553410250766 ], [ -114.791228762712691, 31.822631977361205 ], [ -114.80188041233481, 31.822495241603441 ], [ -114.808642267598955, 31.823987371146345 ], [ -114.811852305938601, 31.825663088541496 ], [ -114.829673210069586, 31.85060051074095 ], [ -114.854079728753476, 31.863577036669188 ], [ -114.860814968272081, 31.868168731767298 ], [ -114.867901744491078, 31.869866145441581 ], [ -114.913093645348326, 31.870955636441369 ], [ -114.917590883676425, 31.873462976086451 ], [ -114.91723779699511, 31.876770526915024 ], [ -114.923011942415343, 31.880939508987847 ], [ -114.926207160394199, 31.88468032657897 ], [ -114.933271985284506, 31.88906269482116 ], [ -114.938078838367275, 31.893225589947804 ], [ -114.946614236765569, 31.914162133780366 ], [ -114.957255084565546, 31.916286617117137 ], [ -114.971730205456723, 31.923393833196684 ], [ -114.975554037027948, 31.929618289794309 ], [ -114.976099012716048, 31.941617325071142 ], [ -114.98177459053737, 31.958399197107479 ], [ -114.986301970416491, 31.958008079929492 ], [ -114.985867392048064, 31.971449849175698 ], [ -114.983601661471923, 31.971852267681498 ], [ -114.973614175218344, 31.968079261771649 ], [ -114.974528069940035, 31.974702488550598 ], [ -114.986074240551531, 31.98551526154062 ], [ -114.987329645743174, 31.990071686726999 ], [ -114.987600070421777, 31.996484703226432 ], [ -114.983317069373371, 32.006184549117535 ], [ -114.97748028261023, 32.008223880477949 ], [ -114.967076497927295, 32.014997051088805 ], [ -114.965424810650561, 32.01912532598196 ], [ -114.96474575740119, 32.03431369200689 ], [ -114.967812799781839, 32.037327010173932 ], [ -114.973872573328819, 32.053088006183962 ], [ -114.970878404116959, 32.063000929973896 ], [ -114.975342399174494, 32.070882610113038 ], [ -114.978792233506795, 32.084136612501041 ], [ -114.983263184292611, 32.091397399925 ], [ -114.988425797690468, 32.093283824422954 ], [ -114.992279100533878, 32.097025184080536 ], [ -114.999644854570803, 32.106780913465499 ], [ -114.999943771063272, 32.109884671234447 ], [ -114.998313853614277, 32.111324744618805 ], [ -114.990860958366454, 32.112323443867872 ], [ -114.983390997226863, 32.115389896559783 ], [ -114.970694943009519, 32.124014630337456 ], [ -114.968387647982652, 32.128967123426897 ], [ -114.970607682834839, 32.134562442785409 ], [ -114.971534414113208, 32.141442741599555 ], [ -114.969552492333463, 32.152664624471136 ], [ -114.967163146394086, 32.156284488445735 ], [ -114.983206649229047, 32.172059469827701 ], [ -114.987832095980878, 32.189732544203025 ], [ -114.988750862821732, 32.190451509533524 ], [ -114.987750015050565, 32.191463581504244 ], [ -115.004311031210193, 32.204086243752144 ], [ -115.005943445555218, 32.20499996651661 ], [ -115.006683859128927, 32.20404880563504 ], [ -115.042952120538587, 32.233344606451112 ], [ -115.048074663811008, 32.241669950106782 ], [ -115.049992441775274, 32.243293946970795 ], [ -115.050083953900725, 32.247594332578835 ], [ -115.041855323508187, 32.263116897357051 ], [ -115.041450690637305, 32.274076169713581 ], [ -115.040141567568071, 32.275725114957943 ], [ -115.029393496626071, 32.282090305550838 ], [ -115.018267924404014, 32.295277932934766 ], [ -114.98922369425469, 32.317897161661939 ], [ -114.988529339932526, 32.323684919396484 ], [ -114.982971377764699, 32.329036545732983 ], [ -114.96958536391999, 32.339314828920173 ], [ -114.963670635258197, 32.348386906264111 ], [ -114.962988027334376, 32.352520121373168 ], [ -114.959744538560969, 32.359346980758701 ], [ -114.961293073992806, 32.361405443593029 ], [ -114.959947693337355, 32.367190074136531 ], [ -114.961513690303235, 32.374229574836839 ], [ -114.960526597042801, 32.37711921824372 ], [ -114.965019541866241, 32.38231235028649 ], [ -114.967565316375925, 32.388735872899069 ], [ -114.962923181181424, 32.400709640349753 ], [ -114.948195361397438, 32.414703125119132 ], [ -114.945535924363952, 32.422135938628465 ], [ -114.944802956512817, 32.432266822131048 ], [ -114.93893534530082, 32.434720127402933 ], [ -114.935960151200874, 32.440910326036274 ], [ -114.931702291967554, 32.445025874739819 ], [ -114.928410080693681, 32.450180249398066 ], [ -114.935836518841185, 32.455801229653552 ], [ -114.938430767263583, 32.456434399026435 ], [ -114.940361557834152, 32.458718889038451 ], [ -114.939684403549492, 32.462024801666118 ], [ -114.931177220982775, 32.469015231870955 ], [ -114.928240367486566, 32.470448517441071 ], [ -114.93239114640609, 32.479362533692282 ], [ -114.930747166329354, 32.481629546546195 ], [ -114.924870832044647, 32.484702914871448 ], [ -114.912509078979582, 32.485881925411753 ], [ -114.906642506596725, 32.483841502463974 ], [ -114.90484980787086, 32.485490802883305 ], [ -114.901745489656889, 32.486291491813148 ], [ -114.894978703875879, 32.48455471712775 ], [ -114.880616388562387, 32.485761309439127 ], [ -114.875187035189285, 32.49068554361223 ], [ -114.873393552027281, 32.491373718150037 ], [ -114.872076683290217, 32.490254368443416 ], [ -114.873860272955682, 32.484756744580103 ], [ -114.871530256990724, 32.483725221199883 ], [ -114.866372521291197, 32.479176756215217 ], [ -114.848012863503257, 32.47242734812172 ], [ -114.841165801649609, 32.471768841556383 ], [ -114.837961795224786, 32.472795639935022 ], [ -114.832487758385525, 32.478030186283867 ], [ -114.829630554095957, 32.478918519491586 ], [ -114.822302925425618, 32.478893082171396 ], [ -114.819400447488647, 32.480002724220718 ], [ -114.812578918036237, 32.487199510229452 ], [ -114.812050387985792, 32.489967855479122 ], [ -114.809598718716302, 32.493460700022823 ] ] ] ] } }
]
}
